month,train_window,status,training_candidates,bets,active_days,staked,profit,roi_pct,available_capacity,test_candidates,alpha,safety_margin,estimator_profile,maximum_odds,validation_rmse_pct,outcome_probability_validation_brier,market_probability_validation_brier,outcome_probability_weight,average_closing_edge_pct,positive_clv_rate,outcome_counts
2021-09,2020-03-01..2021-08-31,ABSTAIN_INNER_VALIDATION,450,0,0,0.0,0.0,0.0,3000.0,,,,,,,,,,,,
2021-10,2020-04-01..2021-09-30,ABSTAIN_INNER_VALIDATION,902,0,0,0.0,0.0,0.0,3100.0,,,,,,,,,,,,
2021-11,2020-05-01..2021-10-31,ABSTAIN_INNER_VALIDATION,1470,0,0,0.0,0.0,0.0,3000.0,,,,,,,,,,,,
2021-12,2020-06-01..2021-11-30,ABSTAIN_INNER_VALIDATION,1922,0,0,0.0,0.0,0.0,3100.0,,,,,,,,,,,,
2022-01,2020-07-01..2021-12-31,ABSTAIN_INNER_VALIDATION,2429,0,0,0.0,0.0,0.0,3100.0,,,,,,,,,,,,
2022-02,2020-08-01..2022-01-31,ABSTAIN_INNER_VALIDATION,2880,0,0,0.0,0.0,0.0,2800.0,,,,,,,,,,,,
2022-03,2020-09-01..2022-02-28,ABSTAIN_INNER_VALIDATION,3525,0,0,0.0,0.0,0.0,3100.0,,,,,,,,,,,,
2022-04,2020-10-01..2022-03-31,ABSTAIN_INNER_VALIDATION,4014,0,0,0.0,0.0,0.0,3000.0,,,,,,,,,,,,
2022-05,2020-11-01..2022-04-30,ABSTAIN_INNER_VALIDATION,4691,0,0,0.0,0.0,0.0,3100.0,,,,,,,,,,,,
2022-08,2021-02-01..2022-07-31,FROZEN_MODEL_EVALUATED,5100,3,3,0.98,1.24,126.53,3100.0,569.0,1.0,0.25,ridge,5.0,8.9327,,,0.0,21.3068,1.0,"{'away': 2, 'home': 1}"
2022-09,2021-03-01..2022-08-31,FROZEN_MODEL_EVALUATED,5669,3,3,0.8,-0.8,-100.0,3000.0,423.0,100.0,0.25,ridge,5.0,9.006,,,0.0,11.2972,1.0,"{'home': 2, 'away': 1}"
2022-10,2021-04-01..2022-09-30,FROZEN_MODEL_EVALUATED,6092,1,1,0.72,0.78,108.33,3100.0,732.0,1.0,0.5,ridge,5.0,9.115,,,0.0,13.0154,1.0,{'home': 1}
2022-11,2021-05-01..2022-10-31,FROZEN_MODEL_EVALUATED,6824,0,0,0.0,0.0,0.0,3000.0,340.0,10.0,0.5,ridge,5.0,8.9811,,,0.0,,,{}
2022-12,2021-06-01..2022-11-30,FROZEN_MODEL_EVALUATED,7164,0,0,0.0,0.0,0.0,3100.0,259.0,100.0,0.25,ridge,5.0,9.0097,,,0.0,,,{}
2023-01,2021-07-01..2022-12-31,FROZEN_MODEL_EVALUATED,7423,0,0,0.0,0.0,0.0,3100.0,500.0,10.0,0.25,ridge,5.0,9.0008,,,0.0,,,{}
2023-02,2021-08-01..2023-01-31,FROZEN_MODEL_EVALUATED,7886,6,6,0.91,-0.32,-35.16,2800.0,560.0,1.0,0.0,ridge,5.0,8.76,,,0.0,3.8439,0.5,"{'away': 1, 'home': 4, 'draw': 1}"
2023-03,2021-09-01..2023-02-28,FROZEN_MODEL_EVALUATED,8033,8,4,2.03,-0.81,-39.9,3100.0,437.0,100.0,0.0,ridge,5.0,8.2601,,,0.0,-1.9082,0.5,"{'away': 4, 'draw': 2, 'home': 2}"
2023-04,2021-10-01..2023-03-31,FROZEN_MODEL_EVALUATED,8018,13,10,4.84,0.84,17.36,3000.0,656.0,100.0,0.0,ridge,5.0,8.2069,,,0.0,7.7946,0.8462,"{'home': 7, 'away': 4, 'draw': 2}"
2023-05,2021-11-01..2023-04-30,FROZEN_MODEL_EVALUATED,8106,3,3,1.1,0.49,44.55,3100.0,431.0,100.0,0.25,ridge,5.0,8.2387,,,0.0,2.5907,0.6667,"{'draw': 1, 'home': 2}"
2023-08,2022-02-01..2023-07-31,FROZEN_MODEL_EVALUATED,7183,1,1,0.1,0.25,250.0,3100.0,388.0,1.0,0.25,ridge,5.0,8.5412,,,0.0,17.6089,1.0,{'home': 1}
2023-09,2022-03-01..2023-08-31,FROZEN_MODEL_EVALUATED,6926,0,0,0.0,0.0,0.0,3000.0,536.0,10.0,0.25,ridge,5.0,8.6238,,,0.0,,,{}
2023-10,2022-04-01..2023-09-30,FROZEN_MODEL_EVALUATED,6973,1,1,0.25,0.16,64.0,3100.0,484.0,100.0,0.25,ridge,5.0,8.5563,,,0.0,4.707,1.0,{'home': 1}
2023-11,2022-05-01..2023-10-31,FROZEN_MODEL_EVALUATED,6780,0,0,0.0,0.0,0.0,3000.0,371.0,1.0,0.25,ridge,5.0,8.5159,,,0.0,,,{}
2023-12,2022-06-01..2023-11-30,FROZEN_MODEL_EVALUATED,6806,1,1,0.27,-0.27,-100.0,3100.0,575.0,1.0,0.25,ridge,5.0,8.5839,,,0.0,-6.7085,0.0,{'home': 1}
2024-01,2022-07-01..2023-12-31,ABSTAIN_INNER_VALIDATION,7381,0,0,0.0,0.0,0.0,3100.0,,,,,,,,,,,,
2024-02,2022-08-01..2024-01-31,FROZEN_MODEL_EVALUATED,7711,3,3,0.42,0.87,207.14,2900.0,496.0,1.0,0.0,ridge,5.0,8.4952,,,0.0,7.657,0.6667,"{'home': 2, 'away': 1}"
2024-03,2022-09-01..2024-02-29,FROZEN_MODEL_EVALUATED,7638,4,4,0.52,-0.07,-13.46,3100.0,448.0,100.0,0.0,ridge,5.0,8.042,,,0.0,14.0908,0.75,"{'home': 1, 'away': 3}"
2024-04,2022-10-01..2024-03-31,FROZEN_MODEL_EVALUATED,7663,2,1,0.28,0.08,28.57,3000.0,556.0,1.0,0.0,ridge,5.0,8.0067,,,0.0,6.3258,1.0,{'away': 2}
2024-05,2022-11-01..2024-04-30,FROZEN_MODEL_EVALUATED,7487,2,2,0.54,0.66,122.22,3100.0,254.0,10.0,0.0,ridge,5.0,8.0808,,,0.0,4.7693,1.0,"{'away': 1, 'draw': 1}"
2024-08,2023-02-01..2024-07-31,FROZEN_MODEL_EVALUATED,6651,45,13,15.6,0.45,2.88,3100.0,339.0,100.0,0.0,ridge,5.0,8.3754,,,0.0,-1.204,0.4222,"{'draw': 6, 'home': 12, 'away': 27}"
2024-09,2023-03-01..2024-08-31,FROZEN_MODEL_EVALUATED,6430,5,4,0.71,0.15,21.13,3000.0,416.0,100.0,0.0,ridge,5.0,8.6666,,,0.0,6.1683,0.8,"{'home': 1, 'draw': 3, 'away': 1}"
2024-10,2023-04-01..2024-09-30,FROZEN_MODEL_EVALUATED,6409,5,4,0.88,-0.21,-23.86,3100.0,394.0,100.0,0.0,ridge,5.0,8.7244,,,0.0,3.0351,0.6,"{'away': 3, 'home': 1, 'draw': 1}"
2024-11,2023-05-01..2024-10-31,ABSTAIN_INNER_VALIDATION,6147,0,0,0.0,0.0,0.0,3000.0,,,,,,,,,,,,
2024-12,2023-06-01..2024-11-30,ABSTAIN_INNER_VALIDATION,6112,0,0,0.0,0.0,0.0,3100.0,,,,,,,,,,,,
2025-01,2023-07-01..2024-12-31,ABSTAIN_INNER_VALIDATION,6513,0,0,0.0,0.0,0.0,3100.0,,,,,,,,,,,,
2025-02,2023-08-01..2025-01-31,ABSTAIN_INNER_VALIDATION,6936,0,0,0.0,0.0,0.0,2800.0,,,,,,,,,,,,
2025-03,2023-09-01..2025-02-28,ABSTAIN_INNER_VALIDATION,7008,0,0,0.0,0.0,0.0,3100.0,,,,,,,,,,,,
2025-04,2023-10-01..2025-03-31,ABSTAIN_INNER_VALIDATION,6909,0,0,0.0,0.0,0.0,3000.0,,,,,,,,,,,,
2025-05,2023-11-01..2025-04-30,ABSTAIN_INNER_VALIDATION,6856,0,0,0.0,0.0,0.0,3100.0,,,,,,,,,,,,
2025-08,2024-02-01..2025-07-31,FROZEN_MODEL_EVALUATED,5834,13,7,1.78,-0.37,-20.79,3100.0,414.0,1.0,0.0,ridge,5.0,8.057,,,0.0,1.5278,0.6154,"{'away': 12, 'draw': 1}"
2025-09,2024-03-01..2025-08-31,FROZEN_MODEL_EVALUATED,5752,5,4,0.72,0.76,105.56,3000.0,414.0,10.0,0.0,ridge,5.0,8.1955,,,0.0,12.5161,1.0,"{'away': 4, 'home': 1}"
2025-10,2024-04-01..2025-09-30,FROZEN_MODEL_EVALUATED,5718,10,8,1.48,0.3,20.27,3100.0,415.0,100.0,0.0,ridge,5.0,8.1553,,,0.0,0.5917,0.5,"{'away': 6, 'draw': 2, 'home': 2}"
2025-11,2024-05-01..2025-10-31,FROZEN_MODEL_EVALUATED,5577,11,8,1.67,0.84,50.3,3000.0,440.0,100.0,0.0,ridge,5.0,8.2331,,,0.0,7.6092,0.8182,"{'away': 9, 'home': 1, 'draw': 1}"
2025-12,2024-06-01..2025-11-30,FROZEN_MODEL_EVALUATED,5763,1,1,0.12,0.38,316.67,3100.0,404.0,100.0,0.25,ridge,5.0,8.3495,,,0.0,28.1175,1.0,{'away': 1}
2026-01,2024-07-01..2025-12-31,FROZEN_MODEL_EVALUATED,6162,2,2,0.41,0.28,68.29,3100.0,430.0,100.0,0.25,ridge,5.0,8.5595,,,0.0,6.4553,1.0,{'away': 2}
2026-02,2024-08-01..2026-01-31,FROZEN_MODEL_EVALUATED,6588,0,0,0.0,0.0,0.0,2800.0,391.0,10.0,0.25,ridge,5.0,8.6787,,,0.0,,,{}
2026-03,2024-09-01..2026-02-28,FROZEN_MODEL_EVALUATED,6640,0,0,0.0,0.0,0.0,3100.0,348.0,100.0,0.25,ridge,5.0,8.2675,,,0.0,,,{}
2026-04,2024-10-01..2026-03-31,FROZEN_MODEL_EVALUATED,6572,3,3,0.41,0.72,175.61,3000.0,331.0,100.0,0.0,ridge,5.0,8.2442,,,0.0,0.8848,0.6667,"{'away': 2, 'home': 1}"
