test_month,candidate_id,source_file,source_row,date,league,home_team,away_team,outcome,probability,conservative_probability,odds,raw_odds,conservative_ev_pct,reference_dispersion,reference_bookmakers,execution_cost_rate,execution_bookmaker,odds_band,source_type,implied_probability,price_ratio,probability_uncertainty,relative_dispersion,log_odds,probability_squared,odds_probability_interaction,reference_depth_inverse,raw_net_odds_gap_pct,outcome_odds_band,outcome_source_type,source_odds_band,direct_predicted_clv_pct,direct_lower_clv_pct,direct_staking_probability,direct_unshrunk_market_staking_probability,direct_market_staking_probability,direct_market_calibration_weight,direct_market_logistic_staking_probability,direct_validated_market_residual_staking_probability,outcome_probability_weight,staking_probability_profile,decision_frozen_before_closing_and_result,movement_predicted_clv_pct,movement_lower_clv_pct,movement_staking_probability,movement_market_staking_probability,movement_market_logistic_staking_probability,movement_validated_market_residual_staking_probability,movement_unshrunk_market_staking_probability,movement_market_calibration_weight,predicted_closing_edge_pct,model_disagreement_pct,lower_closing_edge_pct,staking_probability,minimum_lower_clv_staking_probability,stake_multiplier,stake,stake_policy,actual_outcome,closing_edge_pct,positive_clv,closing_probability,closing_fair_odds,won,profit
2022-03,data\historical_csv\football-data\2122\I2.csv:274,data\historical_csv\football-data\2122\I2.csv,274,2022-03-05,I2,Parma,Reggina,home,0.5693915641277388,0.5562253432573707,1.882,1.9,4.681609601037162,0.0111662208703681,5,0.0,WH,1.5-2.0,sportsbook,0.5313496280552604,1.0715949236884044,0.0131662208703681,0.0196107943528701,0.6323350411631878,0.3242067532998329,0.3600462381406856,0.2,0.9564293304994642,home:1.5-2.0,home:sportsbook,sportsbook:1.5-2.0,6.987709351661598,4.967899735182959,0.5577465448203134,0.5815054976664074,0.5604606144015055,0.1142335522433758,,,0.0,lower_clv,True,7.583374897935946,5.5615674324714925,0.5609009959217401,0.5620910751142633,,,0.5815054976664074,0.0577582126115294,7.285542124798772,0.5956655462743479,4.967899735182959,0.5577465448203134,0.5577465448203134,1.0,3.52,model_agreement_0.625_kelly,draw,17.666299931581374,True,0.6252194470328447,1.599438412777757,False,-3.52
2022-03,data\historical_csv\football-data\2122\SP2.csv:342,data\historical_csv\football-data\2122\SP2.csv,342,2022-03-13,SP2,Oviedo,Valladolid,away,0.3898485744784831,0.3784821604571512,2.8424,2.88,7.579769288340654,0.0093664140213319,5,0.0,WH,2.0-3.0,sportsbook,0.3518153672952435,1.1081055880976405,0.0113664140213319,0.0240257747097364,1.04464876572468,0.1519819110229054,0.4072548321484734,0.2,1.3228257810301347,away:2.0-3.0,away:sportsbook,sportsbook:2.0-3.0,6.996542775466446,4.976733158987807,0.3693242793378407,0.3840056088833416,0.3710013797634788,0.1142335522433758,,,0.0,lower_clv,True,8.157134217455031,5.103581858349715,0.3697705525554099,0.3705927439653357,,,0.3840056088833416,0.0577582126115294,7.576838496460739,1.1605914419885845,4.976733158987807,0.3693242793378407,0.3693242793378407,1.0,1.69,model_agreement_0.625_kelly,home,12.73410782980051,True,0.3966159155284285,2.521330992649795,False,-1.69
2022-03,data\historical_csv\football-data\2122\I2.csv:295,data\historical_csv\football-data\2122\I2.csv,295,2022-03-15,I2,Crotone,Frosinone,home,0.2980209107857554,0.2764918053676389,3.744,3.8,3.5185319296439976,0.0195291054181164,5,0.0,WH,3.0-4.0,sportsbook,0.2670940170940171,1.115790289981868,0.0215291054181164,0.0655293125795316,1.3201545586153456,0.0888164632655711,0.3934336639365122,0.2,1.4957264957264904,home:3.0-4.0,home:sportsbook,sportsbook:3.0-4.0,7.661312928621475,5.641503312142836,0.2821621349149114,0.2843292880943487,0.282409696520854,0.1142335522433758,,,0.0,lower_clv,True,8.595432182698627,4.573302984665162,0.2793090357496399,0.2795989965519291,,,0.2843292880943487,0.0577582126115294,8.12837255566005,0.9341192540771512,4.573302984665162,0.2793090357496399,0.2793090357496399,1.0,1.04,model_agreement_0.625_kelly,home,17.183185744017226,True,0.3129892781624392,3.194997623787634,True,2.85
2022-03,data\historical_csv\football-data\2122\I2.csv:292,data\historical_csv\football-data\2122\I2.csv,292,2022-03-15,I2,Cittadella,Reggina,home,0.5396805484843955,0.5319979241675219,1.931,1.95,2.728799156748485,0.0056826243168735,5,0.0,WH,1.5-2.0,sportsbook,0.5178663904712584,1.0421231391233678,0.0076826243168736,0.0105296074369037,0.6580380034463774,0.291255094412418,0.3551303106235175,0.2,0.9839461418953864,home:1.5-2.0,home:sportsbook,sportsbook:1.5-2.0,5.027576382593232,3.007766766114593,0.5334426036567301,0.5489345673535466,0.535212305701043,0.1142335522433758,,,0.0,lower_clv,True,5.245587858285949,3.1711403472275634,0.5342886605242235,0.5351345819247603,,,0.5489345673535466,0.0577582126115294,5.1365821204395905,0.21801147569271784,3.007766766114593,0.5334426036567301,0.5334426036567301,1.0,2.02,model_agreement_0.625_kelly,draw,7.569675200405102,True,0.5570671942019942,1.7951155810431676,False,-2.02
2022-03,data\historical_csv\football-data\2122\E1.csv:450,data\historical_csv\football-data\2122\E1.csv,450,2022-03-19,E1,Bristol City,West Brom,away,0.4640458126677398,0.4505516085471336,2.4210000000000003,2.45,9.07854442926106,0.0114942041206062,5,0.0,IW,2.0-3.0,sportsbook,0.413052457662123,1.1234549124685984,0.0134942041206062,0.0247695460379818,0.8841806779559216,0.2153385162544631,0.4103003412471688,0.2,1.1978521272201448,away:2.0-3.0,away:sportsbook,sportsbook:2.0-3.0,7.022489137797647,5.002679521319008,0.4337161483738909,0.4656324157412891,0.4373620569696182,0.1142335522433758,,,0.0,lower_clv,True,9.09540370479871,6.494555737801111,0.4398783797513469,0.441365886837659,,,0.4656324157412891,0.0577582126115294,8.058946421298177,2.072914567001062,5.002679521319008,0.4337161483738909,0.4337161483738909,1.0,2.2,model_agreement_0.625_kelly,draw,20.831584366779232,True,0.4990978288590632,2.003615207635742,False,-2.2
2022-03,data\historical_csv\football-data\2122\I1.csv:293,data\historical_csv\football-data\2122\I1.csv,293,2022-03-20,I1,Empoli,Verona,home,0.3590874588218956,0.3513918061975577,3.058,3.1,7.455614335213134,0.0056956526243379,5,0.0,BW,3.0-4.0,sportsbook,0.3270111183780249,1.0980894490773567,0.0076956526243379,0.0158614635081503,1.1177611075068703,0.1289438030831665,0.4013739956645898,0.2,1.373446697187708,home:3.0-4.0,home:sportsbook,sportsbook:3.0-4.0,8.190418043329323,6.170608426850684,0.3471896940053979,0.3503808647135736,0.3475542327712079,0.1142335522433758,,,0.0,lower_clv,True,9.036343282844172,5.751174723125629,0.3458180991599923,0.3460816363429326,,,0.3503808647135736,0.0577582126115294,8.613380663086748,0.8459252395148482,5.751174723125629,0.3458180991599923,0.3458180991599923,1.0,1.75,model_agreement_0.625_kelly,draw,10.6028866762631,True,0.3616837366784274,2.7648464627788853,False,-1.75
2022-03,data\historical_csv\football-data\2122\SP2.csv:356,data\historical_csv\football-data\2122\SP2.csv,356,2022-03-26,SP2,Eibar,Lugo,home,0.5854352586387034,0.5744339290115107,1.784,1.8,2.479012935653513,0.0090013296271926,5,0.0,WH,1.5-2.0,sportsbook,0.5605381165919282,1.0444165014114468,0.0110013296271926,0.0153754484281031,0.5788580341578177,0.3427344420573655,0.3388839029422734,0.2,0.8968609865470878,home:1.5-2.0,home:sportsbook,sportsbook:1.5-2.0,5.311192463559803,3.2913828470811644,0.5789875720127868,0.5990297819885544,0.5812770648531264,0.1142335522433758,,,0.0,lower_clv,True,5.338178557369355,3.4216511830927443,0.5797177756899817,0.5808332026557298,,,0.5990297819885544,0.0577582126115294,5.32468551046458,0.02698609380955208,3.2913828470811644,0.5789875720127868,0.5789875720127868,1.0,2.62,model_agreement_0.625_kelly,home,3.270400975102916,True,0.5788699606227742,1.727503702082166,True,2.05
2022-03,data\historical_csv\football-data\2122\SP2.csv:355,data\historical_csv\football-data\2122\SP2.csv,355,2022-03-26,SP2,Ibiza,Sociedad B,home,0.5433938829374321,0.5374648394779583,1.8918,1.91,1.6775983324401444,0.0039290434594737,5,0.0,WH,1.5-2.0,sportsbook,0.528597103287874,1.027992547741034,0.0059290434594737,0.0072305625492773,0.637528756796933,0.2952769120138196,0.3464292266401592,0.2,0.9620467279839228,home:1.5-2.0,home:sportsbook,sportsbook:1.5-2.0,4.170154679411887,2.150345062933248,0.539963765001233,0.5530124371338895,0.5414543611710054,0.1142335522433758,,,0.0,lower_clv,True,4.115484020800286,2.0831485462170285,0.5396085661603607,0.5403827497898673,,,0.5530124371338895,0.0577582126115294,4.142819350106087,0.05467065861160059,2.0831485462170285,0.5396085661603607,0.5396085661603607,1.0,1.46,model_agreement_0.625_kelly,draw,-3.1481687807559,False,0.5119559743061851,1.9532929591362296,False,-1.46
2022-03,data\historical_csv\football-data\2122\SP2.csv:359,data\historical_csv\football-data\2122\SP2.csv,359,2022-03-27,SP2,Mirandes,Ponferradina,home,0.43005259638776,0.4143289447340609,2.519,2.55,4.369461178509937,0.0137236516536991,5,0.0,WH,2.0-3.0,sportsbook,0.3969829297340214,1.0833024903007675,0.0157236516536991,0.0319115656293472,0.9238619973704733,0.1849452356598536,0.3973092506731539,0.2,1.2306470821754625,home:2.0-3.0,home:sportsbook,sportsbook:2.0-3.0,6.24179308093682,4.221983464458182,0.4137434833841135,0.4281759564773862,0.4153921560532149,0.1142335522433758,,,0.0,lower_clv,True,7.052731924449462,4.3466038662640205,0.4142382051062486,0.4150432247132694,,,0.4281759564773862,0.0577582126115294,6.647262502693142,0.8109388435126421,4.221983464458182,0.4137434833841135,0.4137434833841135,1.0,1.74,model_agreement_0.625_kelly,home,14.202491532963668,True,0.4533643967168069,2.2057312114533945,True,2.64
2022-03,data\historical_csv\football-data\2122\SP2.csv:364,data\historical_csv\football-data\2122\SP2.csv,364,2022-03-28,SP2,Las Palmas,Leganes,home,0.4592355315878979,0.445238213120961,2.274,2.3,1.2471696637065488,0.0119973184669368,5,0.0,WH,2.0-3.0,sportsbook,0.4397537379067722,1.04430159883088,0.0139973184669368,0.0261245431629685,0.8215403953283443,0.2108972734728192,0.377280540169544,0.2,1.1433597185575906,home:2.0-3.0,home:sportsbook,sportsbook:2.0-3.0,3.642013554432952,1.6222039379543136,0.4468874403603972,0.4603291221553308,0.4484229314199575,0.1142335522433758,,,0.0,lower_clv,True,3.8936905477022776,1.4507627174864537,0.4461335211850767,0.4469534337240651,,,0.4603291221553308,0.0577582126115294,3.7678520510676146,0.2516769932693257,1.4507627174864537,0.4461335211850767,0.4461335211850767,0.25,0.18,model_agreement_0.625_kelly,home,4.29248026053024,True,0.4586300803013643,2.1804064821542086,True,0.23
2022-04,data\historical_csv\football-data\2122\SP2.csv:380,data\historical_csv\football-data\2122\SP2.csv,380,2022-04-09,SP2,Las Palmas,Amorebieta,home,0.5975611521825509,0.5765138277172466,1.7644,1.78,1.7200997624309933,0.0190473244653043,5,0.0,WH,1.5-2.0,sportsbook,0.5667649059170257,1.0543368969108928,0.0210473244653043,0.0318751049925774,0.5678106892486476,0.3570793305977378,0.3393016096889902,0.2,0.8841532532305685,home:1.5-2.0,home:sportsbook,sportsbook:1.5-2.0,5.818524852495353,1.7138887342474307,0.5764786257892055,0.6191376971463458,0.5968825459261853,0.4783020231771778,,,0.0,lower_clv,True,6.027632086085744,4.102484866905543,0.590016350413203,0.6004197232884801,,,0.6191376971463458,0.3572421622739422,5.923078469290548,0.20910723359039185,1.7138887342474307,0.5764786257892055,0.5764786257892055,0.25,0.35,model_agreement_0.625_kelly,home,3.473098868361957,True,0.5864492114507026,1.705177499559245,True,0.27
2022-04,data\historical_csv\football-data\2122\I2.csv:339,data\historical_csv\football-data\2122\I2.csv,339,2022-04-10,I2,Perugia,Pisa,home,0.3579563597658329,0.3489457540778616,3.058,3.1,6.707611597010077,0.0070106056879712,5,0.0,WH,3.0-4.0,sportsbook,0.3270111183780249,1.094630548163917,0.0090106056879712,0.0195850848761493,1.1177611075068703,0.1281327554968064,0.4001096971309851,0.2,1.373446697187708,home:3.0-4.0,home:sportsbook,sportsbook:3.0-4.0,9.415778258828915,5.311142140580993,0.3443791436905853,0.3505076068196632,0.34731040000419,0.4783020231771778,,,0.0,lower_clv,True,10.07091109378928,6.734309304935815,0.3490330585511308,0.3495598293629587,,,0.3505076068196632,0.3572421622739422,9.743344676309096,0.655132834960364,5.311142140580993,0.3443791436905853,0.3443791436905853,1.0,1.61,model_agreement_0.625_kelly,draw,16.38110930800387,True,0.3805791671288551,2.627574198409614,False,-1.61
2022-04,data\historical_csv\football-data\2122\I2.csv:338,data\historical_csv\football-data\2122\I2.csv,338,2022-04-10,I2,Crotone,Ternana,home,0.3838945520637903,0.3748577965368875,2.8424,2.88,6.549580087644902,0.0070367555269027,5,0.0,WH,2.0-3.0,sportsbook,0.3518153672952435,1.0911818747861175,0.0090367555269028,0.0183299176533599,1.04464876572468,0.1473750271042582,0.4010349699818675,0.2,1.3228257810301347,home:2.0-3.0,home:sportsbook,sportsbook:2.0-3.0,9.161907346114589,5.057271227866667,0.3696076246406793,0.3795083684228868,0.374343170422668,0.4783020231771778,,,0.0,lower_clv,True,9.876493587490565,6.775134226915958,0.3756513306604136,0.3770292271706518,,,0.3795083684228868,0.3572421622739422,9.519200466802577,0.7145862413759758,5.057271227866667,0.3696076246406793,0.3696076246406793,1.0,1.72,model_agreement_0.625_kelly,away,22.94607911982307,True,0.4325431998305062,2.311907805721727,False,-1.72
2022-04,data\historical_csv\football-data\2122\I2.csv:336,data\historical_csv\football-data\2122\I2.csv,336,2022-04-10,I2,Ascoli,Reggina,home,0.4596956825843141,0.4471964030731303,2.274,2.3,1.6924620588298245,0.0104992795111837,5,0.0,WH,2.0-3.0,sportsbook,0.4397537379067722,1.0453479821967302,0.0124992795111837,0.0228396304532577,0.8215403953283443,0.2113201205866584,0.3776585728010505,0.2,1.1433597185575906,home:2.0-3.0,home:sportsbook,sportsbook:2.0-3.0,5.396157978715092,1.29152186046717,0.4454332535640596,0.4648090881278202,0.4547007544366526,0.4783020231771778,,,0.0,lower_clv,True,5.17298173153351,2.6918069546032264,0.4515910596068743,0.4563130966966957,,,0.4648090881278202,0.3572421622739422,5.284569855124301,0.22317624718158147,1.29152186046717,0.4454332535640596,0.4454332535640596,0.25,0.16,model_agreement_0.625_kelly,home,24.440500826705257,True,0.5472317538553442,1.8273793378304963,True,0.2
2022-04,data\historical_csv\football-data\2122\SP2.csv:409,data\historical_csv\football-data\2122\SP2.csv,409,2022-04-29,SP2,Las Palmas,Malaga,home,0.5890645570319245,0.5829845136878523,1.833,1.85,6.861061358983345,0.0040800433440721,5,0.0,WH,1.5-2.0,sportsbook,0.5455537370430987,1.0797553330395178,0.0060800433440721,0.0069263093414242,0.605953968857568,0.3469970523512174,0.3569460062468199,0.2,0.9274413529732684,home:1.5-2.0,home:sportsbook,sportsbook:1.5-2.0,10.909116892097444,6.804480773849522,0.5826758361912139,0.6097470949004293,0.5956240740017844,0.4783020231771778,,,0.0,lower_clv,True,10.524331151062484,8.524334068338991,0.59205856011096,0.598377650526608,,,0.6097470949004293,0.3572421622739422,10.716724021579964,0.38478574103496044,6.804480773849522,0.5826758361912139,0.5826758361912139,1.0,5.11,model_agreement_0.625_kelly,home,0.7328970236230692,True,0.549552084144152,1.819663738619708,True,4.26
2022-04,data\historical_csv\football-data\2122\SP2.csv:410,data\historical_csv\football-data\2122\SP2.csv,410,2022-04-30,SP2,Oviedo,Mirandes,home,0.5605589059670222,0.5449196905116134,2.029,2.05,10.564205204806342,0.0136392154554087,5,0.0,WH,2.0-3.0,sportsbook,0.4928536224741252,1.137374020207088,0.0156392154554088,0.024331457961371,0.7075430608436777,0.3142262870589448,0.3966195641110902,0.2,1.0349926071956617,home:2.0-3.0,home:sportsbook,sportsbook:2.0-3.0,13.864723281816511,9.760087163568588,0.5409565656164051,0.5780842248163741,0.558714800127583,0.4783020231771778,,,0.0,lower_clv,True,14.346257628798554,12.13240379309426,0.5526486140615784,0.56173528664638,,,0.5780842248163741,0.3572421622739422,14.105490455307532,0.481534346982043,9.760087163568588,0.5409565656164051,0.5409565656164051,1.0,5.93,model_agreement_0.625_kelly,home,-7.305703356834536,False,0.4568471988327524,2.188915686809521,True,6.1
2022-04,data\historical_csv\football-data\2122\SP2.csv:412,data\historical_csv\football-data\2122\SP2.csv,412,2022-04-30,SP2,Burgos,Almeria,away,0.4712492436083678,0.4639550268583929,2.274,2.3,5.5033731075985415,0.0052942167499749,5,0.0,WH,2.0-3.0,sportsbook,0.4397537379067722,1.0716207799654285,0.0072942167499749,0.0112344302336423,0.8215403953283443,0.2220758496014588,0.3871502898922017,0.2,1.1433597185575906,away:2.0-3.0,away:sportsbook,sportsbook:2.0-3.0,7.1545644005176925,3.04992828226977,0.4531659115315293,0.4778342119170988,0.4649648095142896,0.4783020231771778,,,0.0,lower_clv,True,7.25340750278054,4.772232725850256,0.4607398097003089,0.4668466509110154,,,0.4778342119170988,0.3572421622739422,7.203985951649116,0.09884310226284754,3.04992828226977,0.4531659115315293,0.4531659115315293,1.0,1.5,model_agreement_0.625_kelly,away,11.378316675729996,True,0.4897903107991644,2.0416900415370693,True,1.91
2022-05,data\historical_csv\football-data\2122\SP2.csv:413,data\historical_csv\football-data\2122\SP2.csv,413,2022-05-01,SP2,Amorebieta,Fuenlabrada,home,0.4976514291514918,0.4874889311195417,2.176,2.2,6.077591411612282,0.00816249803195,5,0.0,WH,2.0-3.0,sportsbook,0.4595588235294117,1.0828895098336462,0.01016249803195,0.016402038764095,0.7774883289936962,0.2476569449365222,0.3869181780723181,0.2,1.1029411764705843,home:2.0-3.0,home:sportsbook,sportsbook:2.0-3.0,9.141312217772915,6.993451573840835,0.4916978473062538,0.5148634700097158,0.5109524328366339,0.8311706435373597,,,0.0,lower_clv,True,8.738453165068293,6.282719351825561,0.4884316146683159,0.5098089348411113,,,0.5148634700097158,0.8087710793162676,8.939882691420603,0.4028590527046223,6.282719351825561,0.4884316146683159,0.4884316146683159,1.0,3.34,model_agreement_0.625_kelly,home,26.47855171342661,True,0.581243344271262,1.7204498079092108,True,3.93
2022-05,data\historical_csv\football-data\2122\SP2.csv:422,data\historical_csv\football-data\2122\SP2.csv,422,2022-05-07,SP2,Huesca,Sp Gijon,away,0.2965403624382208,0.2894111037891269,3.744,3.8,8.355517258649115,0.0051292586490938,5,0.0,WH,3.0-4.0,sportsbook,0.2670940170940171,1.1102471169686985,0.0071292586490938,0.0172969999999997,1.3201545586153456,0.0879361865549913,0.391479111286264,0.2,1.4957264957264904,away:3.0-4.0,away:sportsbook,sportsbook:3.0-4.0,8.667931996641409,6.520071352709328,0.2845087375873646,0.2859547894198757,0.2857106534195812,0.8311706435373597,,,0.0,lower_clv,True,9.453163188494296,5.227856480414883,0.2810573089754671,0.2850182495204217,,,0.2859547894198757,0.8087710793162676,9.060547592567852,0.7852311918528869,5.227856480414883,0.2810573089754671,0.2810573089754671,1.0,1.19,model_agreement_0.625_kelly,draw,5.727236984403494,True,0.2823911244241546,3.5411877835720813,False,-1.19
2022-05,data\historical_csv\football-data\2122\SP2.csv:452,data\historical_csv\football-data\2122\SP2.csv,452,2022-05-21,SP2,Ponferradina,Leganes,home,0.6233498811187735,0.6195013967297761,1.7644,1.78,9.3048264390017,0.0018484843889974,5,0.0,WH,1.5-2.0,sportsbook,0.5667649059170257,1.099838530245964,0.0038484843889974,0.0029654042536749,0.5678106892486476,0.3885650742907891,0.3539447256411133,0.2,0.8841532532305685,home:1.5-2.0,home:sportsbook,sportsbook:1.5-2.0,13.207459318454257,11.059598674522174,0.6294468299394819,0.6558425940522066,0.6513862141837156,0.8311706435373597,,,0.0,lower_clv,True,12.03044955155834,10.03922862321025,0.6236637305781583,0.6496890647212351,,,0.6558425940522066,0.8087710793162676,12.618954435006298,1.1770097668959174,10.03922862321025,0.6236637305781583,0.6236637305781583,1.0,8.21,model_agreement_0.625_kelly,away,-2.965467235921804,False,0.5499576783273532,1.8183217353040877,False,-8.21
2022-05,data\historical_csv\football-data\2122\SP2.csv:443,data\historical_csv\football-data\2122\SP2.csv,443,2022-05-21,SP2,Cartagena,Amorebieta,away,0.4102114589026323,0.3979339424616097,2.715,2.75,8.039065378327015,0.0102775164410225,5,0.0,WH,2.0-3.0,sportsbook,0.3683241252302026,1.1137241109206466,0.0122775164410225,0.0250541914858162,0.9987919533858988,0.1682734410150259,0.4097159043386393,0.2,1.2891344383057168,away:2.0-3.0,away:sportsbook,sportsbook:2.0-3.0,9.276748445762536,7.128887801830455,0.3945815388649372,0.4148472044120969,0.4114257651394828,0.8311706435373597,,,0.0,lower_clv,True,9.682411229576848,6.618386733733983,0.39270124027158,0.4106122555920052,,,0.4148472044120969,0.8087710793162676,9.479579837669693,0.40566278381431253,6.618386733733983,0.39270124027158,0.39270124027158,1.0,2.41,model_agreement_0.625_kelly,home,-6.614842623350126,False,0.3439600640023936,2.9073142630681708,False,-2.41
2022-05,data\historical_csv\football-data\2122\SP2.csv:448,data\historical_csv\football-data\2122\SP2.csv,448,2022-05-21,SP2,Eibar,Tenerife,home,0.5038581329409396,0.4934907487140482,2.127,2.15,4.965482251478059,0.0083673842268913,5,0.0,WH,2.0-3.0,sportsbook,0.4701457451810061,1.0717062487653786,0.0103673842268913,0.0166066273021183,0.7547125362181001,0.2538730181307296,0.3802680494059732,0.2,1.0813352139163124,home:2.0-3.0,home:sportsbook,sportsbook:2.0-3.0,8.169484539633274,6.021623895701193,0.4984561537174481,0.5219333689964676,0.5179697258493758,0.8311706435373597,,,0.0,lower_clv,True,7.6801585015654705,5.279723841286388,0.4949681421781213,0.5167768377760033,,,0.5219333689964676,0.8087710793162676,7.924821520599372,0.4893260380678033,5.279723841286388,0.4949681421781213,0.4949681421781213,1.0,2.93,model_agreement_0.625_kelly,home,0.3090589544183952,True,0.4715987727053051,2.120446570001752,True,3.3
2022-08,data\historical_csv\football-data\2223\I2.csv:11,data\historical_csv\football-data\2223\I2.csv,11,2022-08-14,I2,Venezia,Genoa,away,0.4250808965334687,0.4171085909118953,2.6660000000000004,2.7,11.20115033711131,0.0059723056215734,5,0.0,WH,2.0-3.0,sportsbook,0.3750937734433608,1.1332656701582278,0.0079723056215734,0.014049809507502,0.980579221756517,0.1806937685976975,0.4168254947063513,0.2,1.275318829707417,away:2.0-3.0,away:sportsbook,sportsbook:2.0-3.0,11.643277540375198,6.982804636776413,0.4012858388476233,0.4291810510970688,0.4285666191091956,0.9779735682819384,,,0.0,lower_clv,True,11.836278115396404,8.620726980965966,0.4074295835745159,0.4287019438829156,,,0.4291810510970688,0.9779735682819384,11.739777827885801,0.19300057502120538,6.982804636776413,0.4012858388476233,0.4012858388476233,1.0,2.62,model_agreement_0.625_kelly,away,29.635559450263,True,0.4862549116664027,2.056534496634667,True,4.36
2022-08,data\historical_csv\football-data\2223\I2.csv:29,data\historical_csv\football-data\2223\I2.csv,29,2022-08-28,I2,Pisa,Genoa,away,0.4247787610619469,0.4172544014904518,2.519,2.55,5.106383735444808,0.0055243595714951,5,0.0,WH,2.0-3.0,sportsbook,0.3969829297340214,1.0700176991150443,0.0075243595714951,0.0130052631578947,0.9238619973704733,0.1804369958493225,0.3924369546352452,0.2,1.2306470821754625,away:2.0-3.0,away:sportsbook,sportsbook:2.0-3.0,6.502514238113507,1.8420413345147215,0.4042955193906897,0.4288369566143254,0.4282963963230559,0.9779735682819384,,,0.0,lower_clv,True,6.311794387968206,3.273544835218667,0.4099783439270292,0.4284215686696713,,,0.4288369566143254,0.9779735682819384,6.407154313040857,0.19071985014530135,1.8420413345147215,0.4042955193906897,0.4042955193906897,0.25,0.19,model_agreement_0.625_kelly,away,24.54780387861122,True,0.4944335207566939,2.0225165932713742,True,0.29
2022-09,data\historical_csv\football-data\2223\E3.csv:102,data\historical_csv\football-data\2223\E3.csv,102,2022-09-17,E3,Gillingham,Mansfield,home,0.2699798435701823,0.2624979311775837,3.94,4.0,3.4241848839679623,0.0054819123925986,4,0.0,B365,3.0-4.0,sportsbook,0.2538071065989847,1.0637205836665182,0.0074819123925986,0.0203048950621885,1.3711807233098423,0.0728891159341801,0.3701911571856406,0.25,1.522842639593902,home:3.0-4.0,home:sportsbook,sportsbook:3.0-4.0,5.7013679280322656,3.3261936712899685,0.2622492225159644,0.2535044566169744,0.2537037448097499,0.9772105742935278,,,0.0,lower_clv,True,6.365872317173005,3.928817905185822,0.2637787256476797,0.2537386013077379,,,0.2535044566169744,0.9772105742935278,6.033620122602635,0.6645043891407392,3.3261936712899685,0.2622492225159644,0.2622492225159644,0.5,0.35,model_agreement_0.625_kelly,away,10.618408910178578,True,0.2807573830207578,3.561794134283069,False,-0.35
2022-09,data\historical_csv\football-data\2223\SP2.csv:71,data\historical_csv\football-data\2223\SP2.csv,71,2022-09-24,SP2,Malaga,Villarreal B,home,0.4248766561540922,0.4120140408054376,2.5876,2.62,6.612753198815047,0.0108626153486546,5,0.0,WH,2.0-3.0,sportsbook,0.3864584943577059,1.0994108354643293,0.0128626153486546,0.0255665148727658,0.9507308051876934,0.1805201729446827,0.4039433254108349,0.2,1.2521255217189609,home:2.0-3.0,home:sportsbook,sportsbook:2.0-3.0,9.546907870587331,7.171733613845036,0.414174268101117,0.4259612837424488,0.4256926644251896,0.9772105742935278,,,0.0,lower_clv,True,9.210939621384084,7.6104010436028435,0.4158695356453966,0.4257312985989426,,,0.4259612837424488,0.9772105742935278,9.378923745985707,0.33596824920324764,7.171733613845036,0.414174268101117,0.414174268101117,1.0,2.82,model_agreement_0.625_kelly,draw,19.410009841378084,True,0.4614701261453782,2.166987510877285,False,-2.82
2022-09,data\historical_csv\football-data\2223\SP2.csv:73,data\historical_csv\football-data\2223\SP2.csv,73,2022-09-25,SP2,Burgos,Levante,away,0.4169265033407572,0.410223186946647,2.568,2.6,5.34531440789896,0.0047033163941102,5,0.0,WH,2.0-3.0,sportsbook,0.3894080996884735,1.0706672605790646,0.0067033163941102,0.011280924470916,0.9431273858277148,0.1738277091879504,0.3932148031780583,0.2,1.2461059190031154,away:2.0-3.0,away:sportsbook,sportsbook:2.0-3.0,6.468623377096951,4.093449120354654,0.4053483221197611,0.4169770327855815,0.4167120211478007,0.9772105742935278,,,0.0,lower_clv,True,5.90297436381948,4.314559203925295,0.4062093426944131,0.4167316433122185,,,0.4169770327855815,0.9772105742935278,6.185798870458216,0.5656490132774712,4.093449120354654,0.4053483221197611,0.4053483221197611,1.0,1.63,model_agreement_0.625_kelly,draw,3.863061648379551,True,0.4044511746432225,2.4724863288680705,False,-1.63
2022-10,data\historical_csv\football-data\2223\T1.csv:92,data\historical_csv\football-data\2223\T1.csv,92,2022-10-21,T1,Antalyaspor,Istanbulspor,home,0.5424024404823852,0.5382719030360479,2.0780000000000003,2.1,11.852901450890773,0.0021305374463372,5,0.0,VC,2.0-3.0,sportsbook,0.4812319538017324,1.1271122713223964,0.0041305374463372,0.0039279643440439,0.7314058926770358,0.2942004074412473,0.3967163411712217,0.2,1.0587102983637964,home:2.0-3.0,home:sportsbook,sportsbook:2.0-3.0,10.644818145591811,8.272729076762259,0.5210429695705594,0.5510068905968429,0.5362234248950799,0.5066244605038396,,,0.0,lower_clv,True,11.188071269886857,9.883646458697282,0.528795218761777,0.5415666530429196,,,0.5510068905968429,0.5749875279977872,10.916444707739334,0.5432531242950454,8.272729076762259,0.5210429695705594,0.5210429695705594,1.0,4.8,model_agreement_0.625_kelly,home,13.01538114565053,True,0.5438661267836887,1.838687777659168,True,5.17
2022-11,data\historical_csv\football-data\2223\F2.csv:139,data\historical_csv\football-data\2223\F2.csv,139,2022-11-05,F2,Rodez,Grenoble,draw,0.3229155559962662,0.3151170358523165,3.205,3.25,0.9950099906674614,0.0057985201439496,5,0.0,B365,3.0-4.0,sportsbook,0.31201248049922,1.0349443569680334,0.0077985201439497,0.0179567693047799,1.1647120903726331,0.1042744563043777,0.3761036522382524,0.2,1.4040561622464809,draw:3.0-4.0,draw:sportsbook,sportsbook:3.0-4.0,3.0851934792067293,3.0851934792067293,0.321638669201893,0.3155289157617243,0.3156688551442294,0.9770957398076042,,,0.0,lower_clv,True,3.183837618227181,3.183837618227181,0.3219464512269179,0.315675904663813,,,0.3155289157617243,0.9770957398076042,3.134515548716955,0.09864413902045177,3.0851934792067293,0.321638669201893,0.321638669201893,1.0,0.87,model_agreement_0.625_kelly,away,7.867541326377236,True,0.3365601913459508,2.9712367229197887,False,-0.87
2022-11,data\historical_csv\football-data\2223\F2.csv:140,data\historical_csv\football-data\2223\F2.csv,140,2022-11-05,F2,Valenciennes,Caen,draw,0.3162765222865135,0.3110664766125762,3.254,3.3,1.221031489732316,0.0032100456739372,5,0.0,B365,3.0-4.0,sportsbook,0.3073140749846343,1.0291638035203148,0.0052100456739372,0.0101494908655573,1.179885008796846,0.1000308385496514,0.3731699272802588,0.2,1.41364474492931,draw:3.0-4.0,draw:sportsbook,sportsbook:3.0-4.0,2.6960680434110094,2.6960680434110094,0.3155994715531992,0.3081116100377025,0.3082831139661381,0.9770957398076042,,,0.0,lower_clv,True,2.711811201911263,2.711811201911263,0.3156478524951175,0.3082842220958201,,,0.3081116100377025,0.9770957398076042,2.703939622661136,0.01574315850025343,2.6960680434110094,0.3155994715531992,0.3155994715531992,1.0,0.75,model_agreement_0.625_kelly,draw,-1.906541302284692,False,0.3014550052173181,3.3172446391430874,True,1.69
2022-11,data\historical_csv\football-data\2223\G1.csv:77,data\historical_csv\football-data\2223\G1.csv,77,2022-11-06,G1,Panathinaikos,Olympiakos,home,0.4259662630646156,0.4170147100713783,2.4210000000000003,2.45,0.9592613082807012,0.0069515529932373,5,0.0,IW,2.0-3.0,sportsbook,0.413052457662123,1.0312643228794347,0.0089515529932373,0.0163194919316482,0.8841806779559216,0.1814472572692333,0.3766311392628223,0.2,1.1978521272201448,home:2.0-3.0,home:sportsbook,sportsbook:2.0-3.0,1.6240028634571035,1.6240028634571035,0.4197604414021358,0.4319511349195163,0.4316719161032685,0.9770957398076042,,,0.0,lower_clv,True,2.1187114590184963,2.1187114590184963,0.421803847414368,0.4317187188062514,,,0.4319511349195163,0.9770957398076042,1.8713571612378,0.4947085955613928,1.6240028634571035,0.4197604414021358,0.4197604414021358,0.25,0.18,model_agreement_0.625_kelly,draw,3.266293038382217,True,0.4265439613316076,2.3444242344403303,False,-0.18
2022-11,data\historical_csv\football-data\2223\I2.csv:122,data\historical_csv\football-data\2223\I2.csv,122,2022-11-11,I2,Ascoli,Frosinone,home,0.3092074609008986,0.3011984754290649,3.352,3.4,0.9617289638225834,0.0060089854718336,5,0.0,WH,3.0-4.0,sportsbook,0.2983293556085919,1.036463408939812,0.0080089854718336,0.0194335073750356,1.2095571826198366,0.0956092538767807,0.3740041052523242,0.2,1.4319809069212486,home:3.0-4.0,home:sportsbook,sportsbook:3.0-4.0,4.680112453301505,4.680112453301505,0.3122915049322837,0.3002306566154267,0.3005069014234169,0.9770957398076042,,,0.0,lower_clv,True,5.137121320782323,5.137121320782323,0.3136548965417134,0.3005381288995835,,,0.3002306566154267,0.9770957398076042,4.908616887041914,0.4570088674808179,4.680112453301505,0.3122915049322837,0.3122915049322837,1.0,1.24,model_agreement_0.625_kelly,away,-3.7276031470902415,False,0.287208821160232,3.481787209600036,False,-1.24
2023-01,data\historical_csv\football-data\2223\I2.csv:199,data\historical_csv\football-data\2223\I2.csv,199,2023-01-15,I2,Cosenza,Benevento,home,0.2795641929546222,0.2701680166486572,3.8518,3.91,4.063316652729765,0.0073961763059649,5,0.0,PS,3.0-4.0,sportsbook,0.2596188794849161,1.0768253584226135,0.009396176305965,0.0264560930632683,1.3485405715079748,0.0781561379823692,0.3770036565401919,0.2,1.5109818786022131,home:3.0-4.0,home:sportsbook,sportsbook:3.0-4.0,4.74323322675518,4.74323322675518,0.2719332084395742,0.2717117261972417,0.2717556846879135,0.8015258911553136,,,0.0,lower_clv,True,4.971357871028981,4.971357871028981,0.2725254630848667,0.2718419408943242,,,0.2717117261972417,0.8399793605737145,4.857295548892081,0.22812464427380075,4.74323322675518,0.2719332084395742,0.2719332084395742,1.0,1.04,model_agreement_0.625_kelly,draw,8.32489472904916,True,0.2812318778987724,3.555784669474573,False,-1.04
2023-02,data\historical_csv\football-data\2223\I2.csv:242,data\historical_csv\football-data\2223\I2.csv,242,2023-02-17,I2,Pisa,Venezia,away,0.2839855673002867,0.2771865331353201,3.646,3.7,1.0622099811377297,0.0047990341649665,5,0.0,WH,3.0-4.0,sportsbook,0.274273176083379,1.0354113783768455,0.0067990341649665,0.0168988664127852,1.293630676256471,0.0806478024348656,0.3673724414737476,0.2,1.4810751508502529,away:3.0-4.0,away:sportsbook,sportsbook:3.0-4.0,2.993485645918593,2.993485645918593,0.28248350424004,0.2749015908587479,0.2778814534472806,0.6069774951682606,,,0.0,lower_clv,True,4.533258145708752,2.5374784436535736,0.2812327988032188,0.27623361281923,,,0.2749015908587479,0.7896101388289817,3.7633718958136724,1.5397724997901587,2.5374784436535736,0.2812327988032188,0.2812327988032188,1.0,0.6,model_agreement_0.625_kelly,draw,-0.752318601732227,False,0.272209767960142,3.6736374579564086,False,-0.6
2023-02,data\historical_csv\football-data\2223\E3.csv:373,data\historical_csv\football-data\2223\E3.csv,373,2023-02-21,E3,Grimsby,Harrogate,home,0.5385975187269482,0.5244919841641833,1.931,1.95,1.2794021421038029,0.0121055345627648,5,0.0,IW,1.5-2.0,sportsbook,0.5178663904712584,1.0400318086617368,0.0141055345627648,0.0224760310656053,0.6580380034463774,0.2900872871788252,0.3544176358842538,0.2,0.9839461418953864,home:1.5-2.0,home:sportsbook,sportsbook:1.5-2.0,2.085110016510681,2.085110016510681,0.528664474451117,0.5781236175319622,0.558685061231497,0.6069774951682606,,,0.0,lower_clv,True,2.4578541014110837,1.4008462559177648,0.5251209024128315,0.5669723836563613,,,0.5781236175319622,0.7896101388289817,2.271482058960882,0.3727440849004027,1.4008462559177648,0.5251209024128315,0.5251209024128315,0.25,0.24,model_agreement_0.625_kelly,draw,2.436911214306847,True,0.5304863346157785,1.8850626957700645,False,-0.24
2023-02,data\historical_csv\football-data\2223\F2.csv:250,data\historical_csv\football-data\2223\F2.csv,250,2023-02-27,F2,Amiens,Bordeaux,draw,0.3014033106072671,0.2862114530580802,3.45,3.5,-1.257048694962326,0.0131918575491869,4,0.0,B365,3.0-4.0,sportsbook,0.2898550724637681,1.0398414215950715,0.0151918575491868,0.0437681242538708,1.2383742310432684,0.0908439556450207,0.3732500930071697,0.25,1.4492753623188248,draw:3.0-4.0,draw:sportsbook,sportsbook:3.0-4.0,4.510341794578506,4.510341794578506,0.3029285269408072,0.2953121798917898,0.2983055756866625,0.6069774951682606,,,0.0,lower_clv,True,4.626994009822449,2.7385025199457624,0.297792760927379,0.2958340689914909,,,0.2953121798917898,0.7896101388289817,4.5686679022004775,0.11665221524394376,2.7385025199457624,0.297792760927379,0.297792760927379,0.5,0.35,model_agreement_0.625_kelly,away,-1.1099887166424738,False,0.2866377138648044,3.4887244477244894,False,-0.35
2023-03,data\historical_csv\football-data\2223\B1.csv:265,data\historical_csv\football-data\2223\B1.csv,265,2023-03-18,B1,Oostende,Westerlo,draw,0.2728724599814847,0.2671706596113712,3.8126,3.87,1.861485683431385,0.0037018003701134,4,0.0,PS,3.0-4.0,sportsbook,0.2622882022766616,1.0403535409254083,0.0057018003701134,0.0135660460948117,1.3383113710977392,0.0744593794163469,0.3651883160526337,0.25,1.5055342810680328,draw:3.0-4.0,draw:sportsbook,sportsbook:3.0-4.0,2.696515857215486,2.696515857215486,0.2693608452426572,0.2658211325581689,0.2685532939026813,0.2281403639099607,,,0.0,lower_clv,True,2.884505791820957,2.884505791820957,0.2698539206625949,0.2688246841219135,,,0.2658211325581689,0.2552171138255033,2.7905108245182215,0.1879899346054712,2.696515857215486,0.2693608452426572,0.2693608452426572,0.5,0.3,model_agreement_0.625_kelly,away,0.4871155184890563,True,0.2635658488131172,3.794118261160062,False,-0.3
2023-03,data\historical_csv\football-data\2223\SP2.csv:362,data\historical_csv\football-data\2223\SP2.csv,362,2023-03-26,SP2,Villarreal B,Huesca,away,0.310317453747539,0.3020586956541224,3.548,3.6,7.170425218082643,0.0062587580934166,5,0.0,WH,3.0-4.0,sportsbook,0.2818489289740699,1.1010063258962686,0.0082587580934166,0.0201688884006778,1.266384064447333,0.096296922100356,0.3929810783457557,0.2,1.4656144306651742,away:3.0-4.0,away:sportsbook,sportsbook:3.0-4.0,7.917795572686962,7.917795572686962,0.3041651509940444,0.3095544477900319,0.3053946671262998,0.2281403639099607,,,0.0,lower_clv,True,8.801064063646734,8.801064063646734,0.3066546337757799,0.3073947159391281,,,0.3095544477900319,0.2552171138255033,8.359429818166848,0.8832684909597726,7.917795572686962,0.3041651509940444,0.3041651509940444,1.0,1.94,model_agreement_0.625_kelly,draw,-23.44641631172804,False,0.2157654557166628,4.634662192233275,False,-1.94
2023-03,data\historical_csv\football-data\2223\SP2.csv:359,data\historical_csv\football-data\2223\SP2.csv,359,2023-03-26,SP2,Ponferradina,Mirandes,home,0.4543732165755941,0.4424389789951854,2.372,2.4,4.946525817657976,0.0099342375804087,5,0.0,WH,2.0-3.0,sportsbook,0.4215851602023609,1.0777732697173092,0.0119342375804087,0.0218636073122411,0.863733481135479,0.2064550199412518,0.3924573600875629,0.2,1.180438448566612,home:2.0-3.0,home:sportsbook,sportsbook:2.0-3.0,6.236803138007769,6.236803138007769,0.4478785967032368,0.4807280695102907,0.4553728873836884,0.2281403639099607,,,0.0,lower_clv,True,6.670753668208174,6.670753668208174,0.4497080677411812,0.4576249030635553,,,0.4807280695102907,0.2552171138255033,6.453778403107972,0.43395053020040475,6.236803138007769,0.4478785967032368,0.4478785967032368,1.0,2.84,model_agreement_0.625_kelly,draw,-2.806437466693812,False,0.4097536363124207,2.440490849573669,False,-2.84
2023-03,data\historical_csv\football-data\2223\SP2.csv:364,data\historical_csv\football-data\2223\SP2.csv,364,2023-03-27,SP2,Malaga,Leganes,away,0.3764519038763763,0.3712048496319001,2.764,2.8,2.6010204382571844,0.0032470542444762,5,0.0,WH,2.0-3.0,sportsbook,0.361794500723589,1.040513062314304,0.0052470542444761,0.0086254159191143,1.016678905905423,0.1417160359321484,0.3827307097590478,0.2,1.302460202604916,away:2.0-3.0,away:sportsbook,sportsbook:2.0-3.0,3.015889534455962,3.015889534455962,0.3727058232071489,0.3879518849460613,0.3761840652804581,0.2281403639099607,,,0.0,lower_clv,True,3.1165320028944343,3.1165320028944343,0.3730699421233518,0.3768680686186799,,,0.3879518849460613,0.2552171138255033,3.066210768675198,0.10064246843847213,3.015889534455962,0.3727058232071489,0.3727058232071489,1.0,1.07,model_agreement_0.625_kelly,home,-15.122813742359288,False,0.3070809922490619,3.2564698735535456,False,-1.07
2023-03,data\historical_csv\football-data\2223\B1.csv:272,data\historical_csv\football-data\2223\B1.csv,272,2023-03-31,B1,Waregem,Antwerp,away,0.5538805028105109,0.5375492535187537,1.931,1.95,3.800760854471341,0.0143312492917571,5,0.0,WH,1.5-2.0,sportsbook,0.5178663904712584,1.0695432509270966,0.0163312492917572,0.0258742620818701,0.6580380034463774,0.3067836113936244,0.3644744202173042,0.2,0.9839461418953864,away:1.5-2.0,away:sportsbook,sportsbook:1.5-2.0,5.944815273814856,5.944815273814856,0.5486525907499474,0.5970678136132659,0.5596980573127668,0.2281403639099607,,,0.0,lower_clv,True,6.364002408670766,6.364002408670766,0.5508234200345457,0.5626257806943172,,,0.5970678136132659,0.2552171138255033,6.154408841242811,0.4191871348559095,5.944815273814856,0.5486525907499474,0.5486525907499474,1.0,3.99,model_agreement_0.625_kelly,away,0.5811368119873261,True,0.520875902703197,1.91984308510009,True,3.71
2023-05,data\historical_csv\football-data\2223\G1.csv:229,data\historical_csv\football-data\2223\G1.csv,229,2023-05-06,G1,Giannina,Asteras Tripolis,draw,0.4017102322417646,0.3846307730584543,2.715,2.75,4.427254885370346,0.0150794591833102,5,0.0,VC,2.0-3.0,sportsbook,0.3683241252302026,1.0906432805363908,0.0170794591833102,0.037538150569774,0.9987919533858988,0.1613711106877324,0.4012249475558551,0.2,1.2891344383057168,draw:2.0-3.0,draw:sportsbook,sportsbook:2.0-3.0,9.396720186143938,7.341525406473,0.3953647344621473,0.4071340609271159,0.4015833367653218,0.5283736772604778,,,0.0,lower_clv,True,7.79780785386599,6.387242818365091,0.3918498814672747,0.3984399780626649,,,0.4071340609271159,0.4311711081844825,8.597264020004964,1.5989123322779477,6.387242818365091,0.3918498814672747,0.3918498814672747,1.0,2.33,model_agreement_0.625_kelly,home,14.41608166826054,True,0.4214220319272948,2.372918177596665,False,-2.33
2023-05,data\historical_csv\football-data\2223\E3.csv:544,data\historical_csv\football-data\2223\E3.csv,544,2023-05-08,E3,Colchester,Mansfield,home,0.2735544269827748,0.2674604309537525,3.94,4.0,5.379409795778511,0.0040939960290222,5,0.0,B365,3.0-4.0,sportsbook,0.2538071065989847,1.077804442312133,0.0060939960290222,0.0149659286240689,1.3711807233098423,0.0748320245218742,0.3750925570548507,0.2,1.522842639593902,home:3.0-4.0,home:sportsbook,sportsbook:3.0-4.0,6.296787398992863,4.241592619321925,0.2645725700998018,0.2636406442019685,0.2640801649862294,0.5283736772604778,,,0.0,lower_clv,True,6.321024845873935,4.274017022716103,0.2646548655398886,0.2642175626016733,,,0.2636406442019685,0.4311711081844825,6.308906122433399,0.02423744688107199,4.241592619321925,0.2645725700998018,0.2645725700998018,1.0,0.9,model_agreement_0.625_kelly,away,-16.459804167551283,False,0.2120309538894637,4.716292511334554,False,-0.9
2023-05,data\historical_csv\football-data\2223\F2.csv:345,data\historical_csv\football-data\2223\F2.csv,345,2023-05-13,F2,Dijon,Amiens,home,0.4976985672323841,0.4902451714302382,2.274,2.3,11.481751983236176,0.0054533958021458,5,0.0,BW,2.0-3.0,sportsbook,0.4397537379067722,1.1317665418864415,0.0074533958021458,0.0109572262433287,0.8215403953283443,0.2477038638251679,0.4088794776784434,0.2,1.1433597185575906,home:2.0-3.0,home:sportsbook,sportsbook:2.0-3.0,10.278585548246433,8.223390768575495,0.4759164061942634,0.5156008880988446,0.4968846418283639,0.5283736772604778,,,0.0,lower_clv,True,10.387849022284112,9.206403390339734,0.480239240942567,0.4954861615341678,,,0.5156008880988446,0.4311711081844825,10.333217285265272,0.10926347403767878,8.223390768575495,0.4759164061942634,0.4759164061942634,1.0,4.03,model_agreement_0.625_kelly,home,9.815775029653404,True,0.4829189755041926,2.0707407468425685,True,5.13
2023-10,data\historical_csv\football-data\2324\G1.csv:52,data\historical_csv\football-data\2324\G1.csv,52,2023-10-21,G1,Aris,Panserraikos,home,0.6449912687659259,0.6333022337414895,1.6467999999999998,1.66,4.292211852548489,0.0096890350244364,5,0.0,BW,1.5-2.0,sportsbook,0.6072382803011902,1.062171621403727,0.0116890350244364,0.0150219630770733,0.4988340109136124,0.4160137367842789,0.3217435816027666,0.2,0.8015545299975724,home:1.5-2.0,home:sportsbook,sportsbook:1.5-2.0,3.2107750527088905,3.2107750527088905,0.6267353355155993,0.6717058504083145,0.6267353355155993,0.0,,,0.0,lower_clv,True,4.0653997313214285,4.0653997313214285,0.6319249437170357,0.6319249437170357,,,0.6717058504083145,0.0,3.6380873920151595,0.854624678612538,3.2107750527088905,0.6267353355155993,0.6267353355155993,1.0,3.1,model_agreement_0.625_kelly,home,4.7069681464525726,True,0.6358207927280337,1.5727702073243466,True,2.01
2023-12,data\historical_csv\football-data\2324\G1.csv:96,data\historical_csv\football-data\2324\G1.csv,96,2023-12-17,G1,Lamia,Volos NFC,home,0.5007764890005578,0.4964795167947295,2.127,2.15,5.601193222238976,0.0022969722058282,5,0.0,VC,2.0-3.0,sportsbook,0.4701457451810061,1.0651515921041863,0.0042969722058282,0.00458682117927,0.7547125362181001,0.2507770919357258,0.3779422940920064,0.2,1.0813352139163124,home:2.0-3.0,home:sportsbook,sportsbook:2.0-3.0,4.257028672838754,4.257028672838754,0.490159984357493,0.4972497715559034,0.4970617135400304,0.973474801061008,,,0.0,lower_clv,True,4.363519961884332,4.363519961884332,0.4906606486219292,0.4970749937592462,,,0.4972497715559034,0.973474801061008,4.310274317361543,0.1064912890455787,4.257028672838754,0.490159984357493,0.490159984357493,1.0,2.36,model_agreement_0.625_kelly,away,-6.708452759711592,False,0.4386062399637443,2.2799493232988683,False,-2.36
2024-02,data\historical_csv\football-data\2324\E3.csv:348,data\historical_csv\football-data\2324\E3.csv,348,2024-02-03,E3,Salford,Wrexham,home,0.2616059768953745,0.2573520300954633,4.136,4.2,6.44079964748363,0.0022539467999112,4,0.0,B365,4.0-5.0,sportsbook,0.241779497098646,1.082002320439269,0.0042539467999112,0.0086158077374992,1.419729137206128,0.0684376871473832,0.3714096278656363,0.25,1.547388781431347,home:4.0-5.0,home:sportsbook,sportsbook:4.0-5.0,5.765499907180385,5.765499907180385,0.2557192937794497,0.2387797904404567,0.2390824977910463,0.9821300929235168,,,0.0,lower_clv,True,5.839637726440428,5.839637726440428,0.2558985438260165,0.2390857009727219,,,0.2387797904404567,0.9821300929235168,5.802568816810407,0.07413781926004237,5.765499907180385,0.2557192937794497,0.2557192937794497,0.5,0.57,model_agreement_0.625_kelly,home,24.5960862943017,True,0.3012477908469577,3.3195264177323978,True,1.79
2024-02,data\historical_csv\football-data\2324\E2.csv:387,data\historical_csv\football-data\2324\E2.csv,387,2024-02-17,E2,Peterboro,Blackpool,away,0.27214748332575,0.2674700940011073,3.94,4.0,5.383217036436272,0.0026773893246427,4,0.0,B365,3.0-4.0,sportsbook,0.2538071065989847,1.0722610843034552,0.0046773893246427,0.0098380087587951,1.3711807233098423,0.0740642526805394,0.3731633830335553,0.25,1.522842639593902,away:3.0-4.0,away:sportsbook,sportsbook:3.0-4.0,3.2243853426328624,3.2243853426328624,0.261990825742723,0.2496421666774858,0.2498628360675008,0.9821300929235168,,,0.0,lower_clv,True,3.4841481691250564,3.4841481691250564,0.2626501222566625,0.2498746176349407,,,0.2496421666774858,0.9821300929235168,3.3542667558789594,0.25976282649219407,3.2243853426328624,0.261990825742723,0.261990825742723,0.5,0.34,model_agreement_0.625_kelly,away,-3.588266031430709,False,0.2446998324075362,4.086639496894081,True,1.0
2024-03,data\historical_csv\football-data\2324\E3.csv:441,data\historical_csv\football-data\2324\E3.csv,441,2024-03-12,E3,Tranmere,Mansfield,home,0.2535221404537848,0.2448971421261349,4.136,4.2,1.289457983369413,0.0066249983276499,4,0.0,B365,4.0-5.0,sportsbook,0.241779497098646,1.0485675729168542,0.0086249983276499,0.026131833360951,1.419729137206128,0.0642734757002686,0.3599327697291027,0.25,1.547388781431347,home:4.0-5.0,home:sportsbook,sportsbook:4.0-5.0,3.55236520596226,3.55236520596226,0.2503683878287288,0.2328802086103239,0.2401939961772107,0.5817867900627607,,,0.0,lower_clv,True,3.724206145692444,3.724206145692444,0.250783863988618,0.2403000109062279,,,0.2328802086103239,0.5855705363442425,3.638285675827352,0.17184093973018388,3.55236520596226,0.2503683878287288,0.2503683878287288,0.5,0.35,model_agreement_0.625_kelly,home,7.211649488317517,True,0.2592157869640172,3.857789726899674,True,1.1
2024-09,data\historical_csv\football-data\2425\F2.csv:63,data\historical_csv\football-data\2425\F2.csv,63,2024-09-28,F2,Troyes,Metz,away,0.4747505455842056,0.4677340958271898,2.225,2.25,4.07083632154972,0.0050164497570158,6,0.0,BW,2.0-3.0,sportsbook,0.449438202247191,1.0563199639248575,0.0070164497570158,0.0105664960339178,0.7997569156182036,0.2253880805325008,0.3796850320244836,0.1666666666666666,1.1235955056179805,away:2.0-3.0,away:sportsbook,sportsbook:2.0-3.0,4.468485231206736,2.1407528714750543,0.4590595634673036,0.4679328600950022,0.4600096503496088,0.1070725934416946,,,0.0,lower_clv,True,3.841720600480958,3.841720600480958,0.4667043622493526,0.4670229546992602,,,0.4679328600950022,0.2593349683402675,4.155102915843846,0.6267646307257779,2.1407528714750543,0.4590595634673036,0.4590595634673036,1.0,1.09,model_agreement_0.625_kelly,home,15.694007662973242,True,0.5199730681481943,1.923176528279338,False,-1.09
2024-10,data\historical_csv\football-data\2425\I2.csv:72,data\historical_csv\football-data\2425\I2.csv,72,2024-10-04,I2,Sampdoria,Juve Stabia,draw,0.2986982896602612,0.2893875192653481,3.45,3.5,-0.1613058534548961,0.007310770394913,6,0.0,WH,3.0-4.0,sportsbook,0.2898550724637681,1.0305090993279011,0.009310770394913,0.0244754344031508,1.2383742310432684,0.0892206682459652,0.3699002647719654,0.1666666666666666,1.4492753623188248,draw:3.0-4.0,draw:sportsbook,sportsbook:3.0-4.0,2.438770518206459,2.438770518206459,0.2969239725165404,0.2914588802473422,0.2969239725165404,0.0,,,0.0,lower_clv,True,2.8516434857732698,2.8516434857732698,0.2981207057558645,0.2981207057558645,,,0.2914588802473422,0.0,2.6452070019898644,0.4128729675668108,2.438770518206459,0.2969239725165404,0.2969239725165404,1.0,0.62,model_agreement_0.625_kelly,away,-1.240458015267154,False,0.2862595419847328,3.4933333333333327,False,-0.62
2024-10,data\historical_csv\football-data\2425\I2.csv:87,data\historical_csv\football-data\2425\I2.csv,87,2024-10-19,I2,Brescia,Sassuolo,away,0.3791160252276229,0.3724964592377283,2.764,2.8,2.958021333308114,0.0046195659898945,6,0.0,WH,2.0-3.0,sportsbook,0.361794500723589,1.0478766937291497,0.0066195659898945,0.0121850981823333,1.016678905905423,0.1437289605843916,0.3854392657396325,0.1666666666666666,1.302460202604916,away:2.0-3.0,away:sportsbook,sportsbook:2.0-3.0,2.598285688397565,2.598285688397565,0.3711949554572994,0.3790848575070246,0.3711949554572994,0.0,,,0.0,lower_clv,True,3.1127649855723583,3.1127649855723583,0.3730563132618392,0.3730563132618392,,,0.3790848575070246,0.0,2.855525336984962,0.5144792971747933,2.598285688397565,0.3711949554572994,0.3711949554572994,1.0,0.92,model_agreement_0.625_kelly,away,28.79645257377903,True,0.465978482538998,2.1460218389296752,True,1.62
2024-10,data\historical_csv\football-data\2425\I2.csv:103,data\historical_csv\football-data\2425\I2.csv,103,2024-10-29,I2,Brescia,Spezia,away,0.4213287548044679,0.4125284021591446,2.6660000000000004,2.7,9.980072015627982,0.0068003526453233,6,0.0,WH,2.0-3.0,sportsbook,0.3750937734433608,1.1232624603087118,0.0088003526453233,0.0161402528732681,0.980579221756517,0.1775179196250834,0.4131462224898076,0.1666666666666666,1.275318829707417,away:2.0-3.0,away:sportsbook,sportsbook:2.0-3.0,7.403040415366737,7.403040415366737,0.4028621170868969,0.425431873418428,0.4028621170868969,0.0,,,0.0,lower_clv,True,9.025025666181683,9.025025666181683,0.4089460827688735,0.4089460827688735,,,0.425431873418428,0.0,8.214033040774211,1.6219852508149462,7.403040415366737,0.4028621170868969,0.4028621170868969,1.0,2.78,model_agreement_0.625_kelly,draw,7.577621494547726,True,0.403516959844515,2.478210582240024,False,-2.78
2024-10,data\historical_csv\football-data\2425\I2.csv:107,data\historical_csv\football-data\2425\I2.csv,107,2024-10-29,I2,Salernitana,Cesena,draw,0.3080778252179559,0.2982464073090616,3.352,3.4,-0.0278042700025404,0.0078314179088942,6,0.0,WH,3.0-4.0,sportsbook,0.2983293556085919,1.0326768701305882,0.0098314179088942,0.02542025834983,1.2095571826198366,0.0949119463910253,0.3726377462982772,0.1666666666666666,1.4319809069212486,draw:3.0-4.0,draw:sportsbook,sportsbook:3.0-4.0,2.527244280253987,2.527244280253987,0.3058688671845286,0.3016077102972943,0.3058688671845286,0.0,,,0.0,lower_clv,True,2.9063300736383857,2.9063300736383857,0.306999791389136,0.306999791389136,,,0.3016077102972943,0.0,2.7167871769461867,0.3790857933843985,2.527244280253987,0.3058688671845286,0.3058688671845286,1.0,0.67,model_agreement_0.625_kelly,draw,0.2290642470030635,True,0.2990127215006058,3.3443393143323967,True,1.58
2024-11,data\historical_csv\football-data\2425\I1.csv:109,data\historical_csv\football-data\2425\I1.csv,109,2024-11-04,I1,Parma,Genoa,draw,0.2725605284023349,0.2577677446251961,3.8322,3.89,-1.218244904732324,0.0127927837771387,6,0.0,1XB,3.0-4.0,sportsbook,0.2609467146808621,1.044506456943428,0.0147927837771387,0.0469355700626428,1.3434390508134617,0.07428924164296,0.3661684575660483,0.1666666666666666,1.5082720108553715,draw:3.0-4.0,draw:sportsbook,sportsbook:3.0-4.0,3.380241546673835,3.380241546673835,0.2697673439451851,0.2641912555191748,0.2697673439451851,0.0,,,0.0,lower_clv,True,3.815133348537025,3.815133348537025,0.2709021798145635,0.2709021798145635,,,0.2641912555191748,0.0,3.5976874476054297,0.43489180186319,3.380241546673835,0.2697673439451851,0.2697673439451851,1.0,0.75,model_agreement_0.625_kelly,away,-0.7308002371072764,False,0.2590397154712507,3.8604118993135006,False,-0.75
2024-11,data\historical_csv\football-data\2425\SP2.csv:142,data\historical_csv\football-data\2425\SP2.csv,142,2024-11-09,SP2,Mirandes,Cadiz,draw,0.3620130033280763,0.3462913882617133,2.96,3.0,2.502250925467142,0.013721615066363,6,0.0,WH,2.0-3.0,sportsbook,0.3378378378378378,1.071558489851106,0.015721615066363,0.037903652466118,1.085189268335969,0.1310534145786138,0.3928526262097018,0.1666666666666666,1.3513513513513598,draw:2.0-3.0,draw:sportsbook,sportsbook:2.0-3.0,4.432957592387245,4.432957592387245,0.3528140459202272,0.3570781489166197,0.3528140459202272,0.0,,,0.0,lower_clv,True,5.161065583348812,5.161065583348812,0.3552738702140162,0.3552738702140162,,,0.3570781489166197,0.0,4.797011587868028,0.7281079909615666,4.432957592387245,0.3528140459202272,0.3528140459202272,1.0,1.41,model_agreement_0.625_kelly,draw,3.4052059510669697,True,0.3493419119968479,2.86252512412259,True,2.76
2024-11,data\historical_csv\football-data\2425\SP2.csv:144,data\historical_csv\football-data\2425\SP2.csv,144,2024-11-09,SP2,Huesca,Zaragoza,draw,0.3496522477855063,0.3393170579372551,2.96,3.0,0.4378491494275049,0.0083351898482512,6,0.0,WH,2.0-3.0,sportsbook,0.3378378378378378,1.0349706534450986,0.0103351898482512,0.0238385135546573,1.085189268335969,0.122256694381457,0.3794388669463805,0.1666666666666666,1.3513513513513598,draw:2.0-3.0,draw:sportsbook,sportsbook:2.0-3.0,2.2139161506299456,2.2139161506299456,0.3453172842926687,0.3441728720380989,0.3453172842926687,0.0,,,0.0,lower_clv,True,2.471215909910529,2.471215909910529,0.3461865402361842,0.3461865402361842,,,0.3441728720380989,0.0,2.3425660302702376,0.25729975928058346,2.2139161506299456,0.3453172842926687,0.3453172842926687,1.0,0.71,model_agreement_0.625_kelly,draw,7.824969983266006,True,0.3642735472407635,2.7451897278147905,True,1.39
2024-12,data\historical_csv\football-data\2425\I2.csv:199,data\historical_csv\football-data\2425\I2.csv,199,2024-12-29,I2,Cittadella,Palermo,home,0.2761100040017488,0.2652692885746266,3.9596,4.02,5.036027504009133,0.0088407154271221,6,0.0,1XB,3.0-4.0,sportsbook,0.2525507627033034,1.0932851718453245,0.0108407154271221,0.032018816047919,1.3761430100635152,0.0762367343098457,0.3799668520156158,0.1666666666666666,1.5254066067279526,home:3.0-4.0,home:sportsbook,sportsbook:3.0-4.0,6.687169970116259,6.687169970116259,0.2694392614660983,0.2695581486803722,0.2694392614660983,0.0,,,0.0,lower_clv,True,7.464504636874514,7.464504636874514,0.2714024260957534,0.2714024260957534,,,0.2695581486803722,0.0,7.075837303495387,0.7773346667582546,6.687169970116259,0.2694392614660983,0.2694392614660983,1.0,1.41,model_agreement_0.625_kelly,home,21.25149707637195,True,0.306221580655551,3.2656091639891174,True,4.17
2025-03,data\historical_csv\football-data\2425\D1.csv:211,data\historical_csv\football-data\2425\D1.csv,211,2025-03-01,D1,Heidenheim,M'gladbach,draw,0.2714877791384305,0.2651305594949955,3.793,3.85,0.5640212164517822,0.0043572196434349,5,0.0,1XB,3.0-4.0,sportsbook,0.2636435539151067,1.0297531462720668,0.0063572196434349,0.0160494135583658,1.3331572627067618,0.0737056142215172,0.3619359044945279,0.2,1.5027682573161003,draw:3.0-4.0,draw:sportsbook,sportsbook:3.0-4.0,2.690299918379756,2.690299918379756,0.2707363562308983,0.2649404457711744,0.2705282594745702,0.0359040668026537,,,0.0,lower_clv,True,3.017449541989348,3.017449541989348,0.2715988651252026,0.2715988651252026,,,0.2649404457711744,0.0,2.853874730184552,0.3271496236095923,2.690299918379756,0.2707363562308983,0.2707363562308983,1.0,0.6,model_agreement_0.625_kelly,away,5.873064503108516,True,0.2791275098948286,3.582592057575357,False,-0.6
2025-03,data\historical_csv\football-data\2425\N1.csv:216,data\historical_csv\football-data\2425\N1.csv,216,2025-03-02,N1,Heracles,Zwolle,draw,0.2925455205583096,0.2798723846167155,3.5284,3.58,-1.2498278118381112,0.0106731359415941,5,0.0,1XB,3.0-4.0,sportsbook,0.2834145788459358,1.0322176147379396,0.0126731359415941,0.0364836758437625,1.2608445104024748,0.0855828815987323,0.368854413638779,0.2,1.4624192268450242,draw:3.0-4.0,draw:sportsbook,sportsbook:3.0-4.0,2.88265752391136,2.88265752391136,0.2915844505268999,0.2855161627309467,0.2913665743164963,0.0359040668026537,,,0.0,lower_clv,True,3.1363823798503887,3.1363823798503887,0.292303543758787,0.292303543758787,,,0.2855161627309467,0.0,3.0095199518808746,0.2537248559390286,2.88265752391136,0.2915844505268999,0.2915844505268999,1.0,0.71,model_agreement_0.625_kelly,home,0.4828939214769123,True,0.2847831706197622,3.511443453009319,False,-0.71
2025-03,data\historical_csv\football-data\2425\P1.csv:220,data\historical_csv\football-data\2425\P1.csv,220,2025-03-08,P1,Estoril,Farense,away,0.2608738056808538,0.2508444300335704,4.153149999999999,4.3,4.179454459392251,0.0080293756472833,5,0.025,BFE,4.0-5.0,exchange,0.2407810938685095,1.0834480460634377,0.0100293756472834,0.0307787730022473,1.423867082464937,0.0680551424904118,0.3714496245863222,0.2,3.5358703634590816,away:4.0-5.0,away:exchange,exchange:4.0-5.0,4.22942213449351,4.22942213449351,0.2509647427482598,0.2545772310300361,0.2510944457688525,0.0359040668026537,,,0.0,lower_clv,True,4.670704119462399,4.670704119462399,0.2520272663387126,0.2520272663387126,,,0.2545772310300361,0.0,4.4500631269779545,0.4412819849688887,4.22942213449351,0.2509647427482598,0.2509647427482598,1.0,0.84,model_agreement_0.625_kelly,draw,26.575406134560158,True,0.3047696474593024,3.2811666395799324,False,-0.84
2025-03,data\historical_csv\football-data\2425\SP2.csv:343,data\historical_csv\football-data\2425\SP2.csv,343,2025-03-21,SP2,Burgos,Almeria,away,0.4160940914651803,0.4132216093781555,2.47,2.5,2.065737516404398,0.0008724820870247,5,0.0,WH,2.0-3.0,sportsbook,0.4048582995951417,1.0277524059189953,0.0028724820870247,0.0020968384433255,0.9042181506398858,0.1731342929522338,0.3762398298768288,0.2,1.2145748987854257,away:2.0-3.0,away:sportsbook,sportsbook:2.0-3.0,1.7965913711620851,1.7965913711620851,0.4121319488711016,0.4067345109299807,0.4119381588987004,0.0359040668026537,,,0.0,lower_clv,True,2.196851523897858,2.196851523897858,0.4137524353194245,0.4137524353194245,,,0.4067345109299807,0.0,1.9967214475299717,0.400260152735773,1.7965913711620851,0.4121319488711016,0.4121319488711016,0.25,0.19,model_agreement_0.625_kelly,home,-6.431378197403726,False,0.3788203311846003,2.639773839151988,False,-0.19
2025-03,data\historical_csv\football-data\2425\I1.csv:300,data\historical_csv\football-data\2425\I1.csv,300,2025-03-31,I1,Verona,Parma,draw,0.3091351733490238,0.2955169327368174,3.352,3.4,-0.942724146618812,0.0116182406122064,4,0.0,1XB,3.0-4.0,sportsbook,0.2983293556085919,1.036221101065928,0.0136182406122064,0.0375830433215992,1.2095571826198366,0.095564555401531,0.3739166693247401,0.25,1.4319809069212486,draw:3.0-4.0,draw:sportsbook,sportsbook:3.0-4.0,2.7216756605753947,2.7216756605753947,0.3064489130685424,0.3017415440140758,0.306279899375546,0.0359040668026537,,,0.0,lower_clv,True,3.033329758931691,3.033329758931691,0.3073786687318964,0.3073786687318964,,,0.3017415440140758,0.0,2.877502709753543,0.3116540983562963,2.7216756605753947,0.3064489130685424,0.3064489130685424,0.5,0.36,model_agreement_0.625_kelly,draw,7.60632658732141,True,0.3210212607020328,3.115058478722333,True,0.85
2025-04,data\historical_csv\football-data\2425\B1.csv:283,data\historical_csv\football-data\2425\B1.csv,283,2025-04-27,B1,Gent,Anderlecht,draw,0.3057182360208508,0.286998739165169,3.4794,3.53,-0.141658694871094,0.0167194968556817,4,0.0,1XB,3.0-4.0,sportsbook,0.2874058745760763,1.0637160304109483,0.0187194968556818,0.0546892363154335,1.2468598651283127,0.0934636398357006,0.3811877985322238,0.25,1.4542737253549598,draw:3.0-4.0,draw:sportsbook,sportsbook:3.0-4.0,4.961832129512059,2.9440016401230777,0.2958671082374061,0.298511990028256,0.2958671082374061,0.0,,,0.0,lower_clv,True,5.6843011272876165,5.6843011272876165,0.3037428899444951,0.3037428899444951,,,0.298511990028256,0.0,5.323066628399838,0.7224689977755574,2.9440016401230777,0.2958671082374061,0.2958671082374061,0.5,0.37,model_agreement_0.625_kelly,away,-0.800470414075205,False,0.2851052755817808,3.507476310143394,False,-0.37
2025-09,data\historical_csv\football-data\2526\T1.csv:33,data\historical_csv\football-data\2526\T1.csv,33,2025-09-13,T1,Karagumruk,Kasimpasa,away,0.3946964525887844,0.3895371047341538,2.64346,2.72,2.972575488054652,0.0031593478546305,8,0.025,BFE,2.0-3.0,exchange,0.3782920868861265,1.043364284560348,0.0051593478546305,0.0080045002530643,0.9720886651243752,0.1557852896861705,0.3836799477263576,0.125,2.8954476330264045,away:2.0-3.0,away:exchange,exchange:2.0-3.0,2.521955011088007,2.521955011088007,0.3878324431279005,0.3744849601987812,0.3748327320312231,0.9739447628973424,,,0.0,lower_clv,True,2.492277797671582,2.492277797671582,0.3877201765779379,0.3748298068996451,,,0.3744849601987812,0.9739447628973424,2.5071164043797944,0.02967721341642493,2.492277797671582,0.3877201765779379,0.3877201765779379,1.0,0.95,model_agreement_0.625_kelly,away,6.596275448989619,True,0.4032452749388665,2.479880266796936,True,1.56
2025-09,data\historical_csv\football-data\2526\T1.csv:39,data\historical_csv\football-data\2526\T1.csv,39,2025-09-14,T1,Gaziantep,Kocaelispor,away,0.2815208101521516,0.2739647925520242,3.8665,4.0,5.928487040240182,0.0055560176001273,7,0.025,BFE,3.0-4.0,exchange,0.258631837579206,1.0885002124532943,0.0075560176001273,0.019735726098275,1.352349705066953,0.0792539665487238,0.3807145845794719,0.1428571428571428,3.452735031682397,away:3.0-4.0,away:exchange,exchange:3.0-4.0,4.088287282806319,4.088287282806319,0.269205450104245,0.2648997100596174,0.2650118971373825,0.9739447628973424,,,0.0,lower_clv,True,4.523209842543907,4.523209842543907,0.2703302983125408,0.2650412053241542,,,0.2648997100596174,0.9739447628973424,4.305748562675113,0.4349225597375881,4.088287282806319,0.269205450104245,0.269205450104245,1.0,0.89,model_agreement_0.625_kelly,home,21.022093644845043,True,0.3130016646704902,3.1948711871955737,False,-0.89
2025-09,data\historical_csv\football-data\2526\B1.csv:54,data\historical_csv\football-data\2526\B1.csv,54,2025-09-14,B1,St Truiden,Westerlo,away,0.3023295158181199,0.2953681035874148,3.5798500000000004,3.7,5.737350562740717,0.0049614122307051,8,0.025,BFE,3.0-4.0,exchange,0.2793413131835132,1.082294317201497,0.0069614122307051,0.0164106115053943,1.2753209000934622,0.0914031361348188,0.3855671502379854,0.125,3.356285877899912,away:3.0-4.0,away:exchange,exchange:3.0-4.0,3.799846077203744,3.799846077203744,0.2899558531145264,0.2848992424695697,0.2850309936588599,0.9739447628973424,,,0.0,lower_clv,True,4.258432289426839,4.258432289426839,0.2912368738618289,0.2850643709581643,,,0.2848992424695697,0.9739447628973424,4.029139183315292,0.45858621222309504,3.799846077203744,0.2899558531145264,0.2899558531145264,1.0,0.92,model_agreement_0.625_kelly,away,6.758038425492052,True,0.2982193064667292,3.3532369578881203,True,2.37
2025-09,data\historical_csv\football-data\2526\G1.csv:23,data\historical_csv\football-data\2526\G1.csv,23,2025-09-20,G1,Panserraikos,Atromitos,home,0.2750747927137586,0.2663978983200803,4.0968,4.16,9.137890983770514,0.0066768943936783,8,0.0,PS,4.0-5.0,sportsbook,0.2440929505955868,1.1269264107897263,0.0086768943936783,0.0242730143602298,1.4102061811662034,0.0756661415865172,0.3879121729679545,0.125,1.5426674477641011,home:4.0-5.0,home:sportsbook,sportsbook:4.0-5.0,6.46942195850942,6.46942195850942,0.2598843535405912,0.2587176053132501,0.2587480052149526,0.9739447628973424,,,0.0,lower_clv,True,7.406720316504023,7.406720316504023,0.2621722327585042,0.2588076164504375,,,0.2587176053132501,0.9739447628973424,6.938071137506721,0.937298357994603,6.46942195850942,0.2598843535405912,0.2598843535405912,1.0,1.31,model_agreement_0.625_kelly,draw,22.43484274172158,True,0.2988548202053349,3.346106311127683,False,-1.31
2025-09,data\historical_csv\football-data\2526\SC0.csv:30,data\historical_csv\football-data\2526\SC0.csv,30,2025-09-20,SC0,Dundee,Livingston,draw,0.2860444207375575,0.2780060097894755,3.646,3.7,1.3609911692427756,0.0060384109480819,8,0.0,B365,3.0-4.0,sportsbook,0.274273176083379,1.0429179580091346,0.0080384109480819,0.0211100462386649,1.293630676256471,0.0818214106350848,0.3700358374381171,0.125,1.4810751508502529,draw:3.0-4.0,draw:sportsbook,sportsbook:3.0-4.0,2.668085280306843,2.668085280306843,0.2815910183222898,0.2692418428314804,0.2695636035269158,0.9739447628973424,,,0.0,lower_clv,True,3.153035323857845,3.153035323857845,0.2829211062091548,0.2695982592821754,,,0.2692418428314804,0.9739447628973424,2.9105603020823443,0.4849500435510019,2.668085280306843,0.2815910183222898,0.2815910183222898,1.0,0.63,model_agreement_0.625_kelly,home,6.0654545454545294,True,0.2909090909090909,3.4375,False,-0.63
2025-09,data\historical_csv\football-data\2526\B1.csv:72,data\historical_csv\football-data\2526\B1.csv,72,2025-09-28,B1,Charleroi,Mechelen,away,0.2840916791391009,0.2751997150053138,3.962049999999999,4.1,9.035503083680352,0.006891964133787,8,0.025,BFE,3.0-4.0,exchange,0.2523945937078028,1.1255854373330747,0.008891964133787,0.0242596479934653,1.3767615680856735,0.0807080821560738,0.3911265056516407,0.125,3.481783420199158,away:3.0-4.0,away:exchange,exchange:3.0-4.0,6.516465161091152,6.516465161091152,0.2688417994752493,0.267367063166623,0.2674054877708082,0.9739447628973424,,,0.0,lower_clv,True,7.185364046873088,7.185364046873088,0.2705300641003347,0.2674494759059068,,,0.267367063166623,0.9739447628973424,6.850914603982121,0.6688988857819362,6.516465161091152,0.2688417994752493,0.2688417994752493,1.0,1.37,model_agreement_0.625_kelly,away,9.86101315956398,True,0.2772832578073573,3.606420408890141,True,4.06
2025-09,data\historical_csv\football-data\2526\B1.csv:71,data\historical_csv\football-data\2526\B1.csv,71,2025-09-28,B1,Cercle Brugge,Gent,away,0.3151619814861535,0.3017359718150834,3.38875,3.5,2.250777448836394,0.01142600967107,8,0.025,BFE,3.0-4.0,exchange,0.2950940612320177,1.0680051647612028,0.0134260096710701,0.0362544035838031,1.2204611218307382,0.0993270745742785,0.3846429454829893,0.125,3.2829214312062094,away:3.0-4.0,away:exchange,exchange:3.0-4.0,2.6563742034342432,2.6563742034342432,0.3029328637504515,0.2972655789431563,0.2974132413925387,0.9739447628973424,,,0.0,lower_clv,True,3.008108345892291,3.008108345892291,0.3039708103161705,0.2974402853364084,,,0.2972655789431563,0.9739447628973424,2.832241274663267,0.35173414245804757,2.6563742034342432,0.3029328637504515,0.3029328637504515,1.0,0.7,model_agreement_0.625_kelly,away,7.7800495836696015,True,0.318052525514333,3.1441347569332065,True,1.67
2025-10,data\historical_csv\football-data\2526\T1.csv:66,data\historical_csv\football-data\2526\T1.csv,66,2025-10-04,T1,Kocaelispor,Eyupspor,away,0.2967194949997017,0.2806604051638441,3.5798500000000004,3.7,0.4722151425787357,0.0140590898358575,8,0.025,BFE,3.0-4.0,exchange,0.2793413131835132,1.0622112841746822,0.0160590898358575,0.0473817530454873,1.2753209000934622,0.088042458712878,0.3784125734382971,0.125,3.356285877899912,away:3.0-4.0,away:exchange,exchange:3.0-4.0,2.551230250461244,2.551230250461244,0.2864679532674867,0.2823572062696288,0.2852425503316216,0.2980973863153427,,,0.0,lower_clv,True,3.038595167250957,3.038595167250957,0.2878293648260428,0.2857385602683329,,,0.2823572062696288,0.38208040504588,2.7949127088561005,0.48736491678971294,2.551230250461244,0.2864679532674867,0.2864679532674867,1.0,0.62,model_agreement_0.625_kelly,home,4.749793895614185,True,0.2926094498250323,3.4175246240268606,False,-0.62
2025-10,data\historical_csv\football-data\2526\E2.csv:127,data\historical_csv\football-data\2526\E2.csv,127,2025-10-04,E2,Plymouth,Wigan,away,0.3528297307895257,0.3432864996363844,2.958775,3.05,1.57075129616433,0.0075432311531412,8,0.025,BFE,2.0-3.0,exchange,0.3379777103700011,1.043943786716779,0.0095432311531412,0.0213792390348222,1.0847753313245123,0.1244888189290091,0.3827409881183463,0.125,3.083201662850344,away:2.0-3.0,away:exchange,exchange:2.0-3.0,2.286210347479805,2.286210347479805,0.3457045917566554,0.3348576944997925,0.3424711600347535,0.2980973863153427,,,0.0,lower_clv,True,3.024521518654799,3.024521518654799,0.3481999189483986,0.3431021164268621,,,0.3348576944997925,0.38208040504588,2.6553659330673023,0.7383111711749941,2.286210347479805,0.3457045917566554,0.3457045917566554,1.0,0.73,model_agreement_0.625_kelly,draw,-9.90401089005246,False,0.3045043611290062,3.2840252149174973,False,-0.73
2025-10,data\historical_csv\football-data\2526\G1.csv:41,data\historical_csv\football-data\2526\G1.csv,41,2025-10-05,G1,PAOK,Olympiakos,draw,0.2979943299668136,0.2931285101807588,3.5186,3.57,3.14019759220181,0.0028658197860547,8,0.0,PS,3.0-4.0,sportsbook,0.2842039447507531,1.0485228494212304,0.0048658197860547,0.0096170279024233,1.2580631832228086,0.0888006206923702,0.3748956953403976,0.125,1.4608082760188656,draw:3.0-4.0,draw:sportsbook,sportsbook:3.0-4.0,2.703293602606663,2.703293602606663,0.291886811807556,0.2835476295705161,0.2894009233786871,0.2980973863153427,,,0.0,lower_clv,True,2.9824911860055536,2.9824911860055536,0.2926803023532244,0.2891908870372558,,,0.2835476295705161,0.38208040504588,2.8428923943061086,0.27919758339889045,2.703293602606663,0.291886811807556,0.291886811807556,1.0,0.67,model_agreement_0.625_kelly,home,4.424122243284479,True,0.2967774746867631,3.3695279638572986,False,-0.67
2025-10,data\historical_csv\football-data\2526\T1.csv:82,data\historical_csv\football-data\2526\T1.csv,82,2025-10-22,T1,Rizespor,Buyuksehyr,draw,0.290006674993762,0.2823767242133038,3.548,3.6,0.1872617508801966,0.0056299507804581,8,0.0,BMGM,3.0-4.0,sportsbook,0.2818489289740699,1.0289436828778675,0.0076299507804581,0.0194131765435373,1.266384064447333,0.0841038715409375,0.367259831795457,0.125,1.4656144306651742,draw:3.0-4.0,draw:sportsbook,sportsbook:3.0-4.0,2.861923461771265,2.861923461771265,0.2899152295991298,0.2760902690908097,0.2857940450056868,0.2980973863153427,,,0.0,lower_clv,True,2.9916524499777,2.9916524499777,0.2902808693629585,0.2848589190631317,,,0.2760902690908097,0.38208040504588,2.9267879558744827,0.12972898820643497,2.861923461771265,0.2899152295991298,0.2899152295991298,1.0,0.7,model_agreement_0.625_kelly,draw,-1.6277922749080909,False,0.2772610138813188,3.606709742567877,True,1.78
2025-10,data\historical_csv\football-data\2526\B1.csv:90,data\historical_csv\football-data\2526\B1.csv,90,2025-10-24,B1,Charleroi,Anderlecht,home,0.3578313008516028,0.3476765548736378,3.0874,3.13,7.341659551686952,0.0081547459779649,8,0.0,PS,3.0-4.0,sportsbook,0.3238971302714258,1.1047683582492385,0.0101547459779649,0.0227893590039705,1.1273293127656037,0.1280432398691502,0.4033937144750593,0.125,1.3798017749562907,home:3.0-4.0,home:sportsbook,sportsbook:3.0-4.0,5.462191923423591,5.462191923423591,0.3415890131613124,0.3395502381426545,0.3409812596569654,0.2980973863153427,,,0.0,lower_clv,True,7.26713315541847,7.26713315541847,0.3474351660148295,0.3444224895796713,,,0.3395502381426545,0.38208040504588,6.3646625394210306,1.8049412319948797,5.462191923423591,0.3415890131613124,0.3415890131613124,1.0,1.64,model_agreement_0.625_kelly,home,7.514371255769103,True,0.3482359631268029,2.871616104841736,True,3.42
2025-10,data\historical_csv\football-data\2526\F2.csv:99,data\historical_csv\football-data\2526\F2.csv,99,2025-10-25,F2,Annecy,St Etienne,home,0.2711367613210543,0.2577143955622994,4.0478000000000005,4.11,4.317633035707602,0.0114223657587548,8,0.0,PS,4.0-5.0,sportsbook,0.2470477790404664,1.097507382475364,0.0134223657587548,0.0421276912179001,1.3981735236499684,0.0735151433396704,0.379096240967299,0.125,1.5366371856317065,home:4.0-5.0,home:sportsbook,sportsbook:4.0-5.0,5.0223250861703015,5.0223250861703015,0.2594553216220423,0.2584845540379325,0.2591659383424995,0.2980973863153427,,,0.0,lower_clv,True,6.270647830804821,6.270647830804821,0.2625392752379188,0.26099004571948,,,0.2584845540379325,0.38208040504588,5.646486458487561,1.2483227446345193,5.0223250861703015,0.2594553216220423,0.2594553216220423,1.0,1.03,model_agreement_0.625_kelly,home,-7.341750525725765,False,0.2289101474239691,4.3685263028024695,True,3.14
2025-10,data\historical_csv\football-data\2526\T1.csv:84,data\historical_csv\football-data\2526\T1.csv,84,2025-10-25,T1,Kocaelispor,Alanyaspor,away,0.321693946152663,0.3100436026550287,3.340975,3.45,3.5847925380384504,0.0096503434976343,8,0.025,BFE,3.0-4.0,exchange,0.2993138230606335,1.074771431747393,0.0116503434976343,0.029998523792719,1.2062626805570391,0.1034869949912724,0.3880474018050832,0.125,3.2632689559185746,away:3.0-4.0,away:exchange,exchange:3.0-4.0,3.6954619968977975,3.6954619968977975,0.3103748516433012,0.305695970775954,0.3089800894858641,0.2980973863153427,,,0.0,lower_clv,True,4.3024964518055375,4.3024964518055375,0.3121917896775807,0.3097098645605425,,,0.305695970775954,0.38208040504588,3.9989792243516673,0.60703445490774,3.6954619968977975,0.3103748516433012,0.3103748516433012,1.0,0.99,model_agreement_0.625_kelly,home,1.624803354981097,True,0.3041770840996449,3.2875586369695475,False,-0.99
2025-10,data\historical_csv\football-data\2526\SP2.csv:118,data\historical_csv\football-data\2526\SP2.csv,118,2025-10-26,SP2,Malaga,Andorra,away,0.3006769352956935,0.2941297021107051,3.6558,3.71,7.527936497631593,0.0045472331849883,8,0.0,PS,3.0-4.0,sportsbook,0.2735379397122381,1.0992147400539962,0.0065472331849883,0.0151233189220731,1.2963149475003666,0.0904066194188106,0.389772005592408,0.125,1.482575633240346,away:3.0-4.0,away:sportsbook,sportsbook:3.0-4.0,3.8564356190580127,3.8564356190580127,0.2840867542509383,0.2860529022500355,0.2846728578305783,0.2980973863153427,,,0.0,lower_clv,True,4.546627886365151,4.546627886365151,0.2859746919589834,0.2860045745786673,,,0.2860529022500355,0.38208040504588,4.201531752711582,0.6901922673071383,3.8564356190580127,0.2840867542509383,0.2840867542509383,1.0,0.91,model_agreement_0.625_kelly,home,-5.614042025070553,False,0.2581814048222809,3.8732456378427007,False,-0.91
2025-10,data\historical_csv\football-data\2526\SP2.csv:119,data\historical_csv\football-data\2526\SP2.csv,119,2025-10-26,SP2,Almeria,Castellon,away,0.2682081161683699,0.260297829288861,4.087,4.15,6.3837228303574856,0.0059102868795088,8,0.0,PS,4.0-5.0,sportsbook,0.2446782481037435,1.0961665707801278,0.0079102868795088,0.022036196979955,1.4078112045821405,0.0719355935785858,0.3775863911016994,0.125,1.5414729630536028,away:4.0-5.0,away:sportsbook,sportsbook:4.0-5.0,3.7023409349365943,3.7023409349365943,0.2537370710421742,0.2557532829026629,0.2543380985280439,0.2980973863153427,,,0.0,lower_clv,True,4.363563230020562,4.363563230020562,0.255354938169857,0.2555071378867154,,,0.2557532829026629,0.38208040504588,4.0329520824785785,0.6612222950839675,3.7023409349365943,0.2537370710421742,0.2537370710421742,1.0,0.75,model_agreement_0.625_kelly,home,8.666972079973956,True,0.2658844435526644,3.761032374208562,False,-0.75
2025-11,data\historical_csv\football-data\2526\B1.csv:104,data\historical_csv\football-data\2526\B1.csv,104,2025-11-02,B1,St Truiden,Antwerp,away,0.277940908734857,0.2698996094017852,3.962049999999999,4.1,6.935574743034279,0.0060412993330718,6,0.025,BFE,3.0-4.0,exchange,0.2523945937078028,1.10121577745294,0.0080412993330717,0.0217359127181776,1.3767615680856735,0.0772511487483581,0.3826583613449588,0.1666666666666666,3.481783420199158,away:3.0-4.0,away:exchange,exchange:3.0-4.0,5.646186948306348,3.3006910589820406,0.2607253594956703,0.2631775700480415,0.2607253594956703,0.0,,,0.0,lower_clv,True,6.316229511257454,3.8268993087774423,0.2620534806697984,0.2620534806697984,,,0.2631775700480415,0.0,5.981208229781901,0.6700425629511058,3.3006910589820406,0.2607253594956703,0.2607253594956703,1.0,0.7,model_agreement_0.625_kelly,home,11.856536767547432,True,0.2823198515100704,3.5420817723274047,False,-0.7
2025-11,data\historical_csv\football-data\2526\E3.csv:216,data\historical_csv\football-data\2526\E3.csv,216,2025-11-29,E3,Shrewsbury,Gillingham,home,0.3894132408376038,0.3872188984552482,2.715,2.75,5.129930930599902,0.0001943423823555,7,0.0,BMGM,2.0-3.0,sportsbook,0.3683241252302026,1.0572569488740944,0.0021943423823555,0.0004990646490025,0.9987919533858988,0.1516426721396456,0.3889428114905237,0.1428571428571428,1.2891344383057168,home:2.0-3.0,home:sportsbook,sportsbook:2.0-3.0,4.338354241197329,1.992858351873021,0.3756643033218159,0.3694403747828829,0.3756643033218159,0.0,,,0.0,lower_clv,True,4.623478518546631,2.917661706610053,0.3790705771882506,0.3790705771882506,,,0.3694403747828829,0.0,4.48091637987198,0.28512427734930235,1.992858351873021,0.3756643033218159,0.3756643033218159,0.25,0.18,model_agreement_0.625_kelly,draw,4.6189562875706525,True,0.3853368555711626,2.595131987875277,False,-0.18
2025-12,data\historical_csv\football-data\2526\I2.csv:147,data\historical_csv\football-data\2526\I2.csv,147,2025-12-08,I2,Mantova,Reggiana,away,0.2633631755644789,0.256005013570644,4.136,4.2,5.883673612818363,0.005358161993835,7,0.0,BMGM,4.0-5.0,sportsbook,0.241779497098646,1.0892700941346851,0.0073581619938349,0.0203451449973998,1.419729137206128,0.0693601622434065,0.3739043740160237,0.1428571428571428,1.547388781431347,away:4.0-5.0,away:sportsbook,sportsbook:4.0-5.0,5.971301137129623,3.8242109703177625,0.2510256551506715,0.2478690796781419,0.2510256551506715,0.0,,,0.0,lower_clv,True,6.377941717941904,6.377941717941904,0.2572000525095307,0.2572000525095307,,,0.2478690796781419,0.0,6.174621427535763,0.40664058081228127,3.8242109703177625,0.2510256551506715,0.2510256551506715,1.0,0.76,model_agreement_0.625_kelly,away,28.117482364573053,True,0.3097618045565112,3.228286978220924,True,2.38
2026-01,data\historical_csv\football-data\2526\E2.csv:340,data\historical_csv\football-data\2526\E2.csv,340,2026-01-31,E2,Wigan,Lincoln,away,0.4289168186315699,0.4236239993459098,2.568,2.6,8.786643032029652,0.0032928192856601,5,0.0,BMGM,2.0-3.0,sportsbook,0.3894080996884735,1.1014583902458717,0.0052928192856601,0.0076770579809988,0.9431273858277148,0.183969637305027,0.4045231978935326,0.2,1.2461059190031154,away:2.0-3.0,away:sportsbook,sportsbook:2.0-3.0,6.953831844641183,4.829520418943935,0.4082146433759498,0.4197617311451895,0.4082146433759498,0.0,,,0.0,lower_clv,True,8.088177382872441,8.088177382872441,0.42090411753455,0.42090411753455,,,0.4197617311451895,0.0,7.521004613756812,1.1343455382312584,4.829520418943935,0.4082146433759498,0.4082146433759498,1.0,1.93,model_agreement_0.625_kelly,away,12.182560942617249,True,0.4368479787485095,2.2891258484583568,True,3.03
2026-03,data\historical_csv\football-data\2526\B1.csv:223,data\historical_csv\football-data\2526\B1.csv,223,2026-03-08,B1,Gent,Mechelen,away,0.2695269982574083,0.2651249448773181,4.0576,4.2,7.577097633420582,0.0024020533800901,7,0.025,BFE,4.0-5.0,exchange,0.2464511041009463,1.0936327481292598,0.0044020533800901,0.0089121067485645,1.400591665820715,0.0726448027896489,0.3774972674730004,0.1428571428571428,3.509463722397488,away:4.0-5.0,away:exchange,exchange:4.0-5.0,5.15199051083267,5.15199051083267,0.2591482415980695,0.248196113454726,0.2579360347175484,0.1106823134878938,,,0.0,lower_clv,True,5.815446595471396,3.663742645871349,0.2554804383031135,0.2554804383031135,,,0.248196113454726,0.0,5.483718553152033,0.6634560846387263,3.663742645871349,0.2554804383031135,0.2554804383031135,1.0,0.75,model_agreement_0.625_kelly,home,12.97226686535138,True,0.2784213990175261,3.591677951223325,False,-0.75
2026-03,data\historical_csv\football-data\2526\P1.csv:226,data\historical_csv\football-data\2526\P1.csv,226,2026-03-09,P1,Tondela,Rio Ave,away,0.2706393745293617,0.2634264241534999,4.0576,4.2,6.887905864524124,0.0052129503758617,7,0.025,BFE,4.0-5.0,exchange,0.2464511041009463,1.098146326090338,0.0072129503758617,0.0192616110827444,1.400591665820715,0.0732456710456441,0.3790552524087551,0.1428571428571428,3.509463722397488,away:4.0-5.0,away:exchange,exchange:4.0-5.0,5.233711174512675,5.233711174512675,0.2593496430759874,0.2494495641200744,0.2582538794334342,0.1106823134878938,,,0.0,lower_clv,True,5.908179082855591,3.7564751332555657,0.2557089785421322,0.2557089785421322,,,0.2494495641200744,0.0,5.570945128684134,0.6744679083429164,3.7564751332555657,0.2557089785421322,0.2557089785421322,1.0,0.77,model_agreement_0.625_kelly,away,8.513056800137875,True,0.2674316265776268,3.739273521225553,True,2.35
2026-04,data\historical_csv\football-data\2526\T1.csv:244,data\historical_csv\football-data\2526\T1.csv,244,2026-04-04,T1,Kasimpasa,Kayserispor,away,0.2996129769863386,0.2894900447798069,3.723175,3.85,7.782209747305746,0.0081229322065317,5,0.025,BFE,3.0-4.0,exchange,0.2685879659161871,1.115511545591111,0.0101229322065317,0.0271114164954949,1.3145767988892858,0.0897679359786162,0.3938642681923903,0.2,3.406366877732059,away:3.0-4.0,away:exchange,exchange:3.0-4.0,4.25683759161992,4.25683759161992,0.2800213194158747,0.2855660395901392,0.2822939414684419,0.4098713697249231,,,0.0,lower_clv,True,6.0054696682297015,3.989718918085505,0.2793038708040463,0.2793038708040463,,,0.2855660395901392,0.0,5.13115362992481,1.7486320766097814,3.989718918085505,0.2793038708040463,0.2793038708040463,1.0,0.92,model_agreement_0.625_kelly,home,7.638935973404815,True,0.289105228664795,3.4589481643704785,False,-0.92
2026-04,data\historical_csv\football-data\2526\E1.csv:483,data\historical_csv\football-data\2526\E1.csv,483,2026-04-06,E1,Bristol City,Sheffield United,home,0.3328367737816556,0.3195785491438686,3.205,3.25,2.42492500060989,0.011258224637787,5,0.0,BW,3.0-4.0,sportsbook,0.31201248049922,1.0667418599702063,0.013258224637787,0.0338250623868039,1.1647120903726331,0.110780317981381,0.3876590145441154,0.2,1.4040561622464809,home:3.0-4.0,home:sportsbook,sportsbook:3.0-4.0,2.111489166481741,2.111489166481741,0.3186005902230319,0.3259117280337077,0.3215972162917413,0.4098713697249231,,,0.0,lower_clv,True,3.9523191284310144,2.2171116363813197,0.3189301455113301,0.3189301455113301,,,0.3259117280337077,0.0,3.0319041474563777,1.8408299619492734,2.111489166481741,0.3186005902230319,0.3186005902230319,1.0,0.6,model_agreement_0.625_kelly,home,19.99545089433139,True,0.3744007828216268,2.6709345863638942,True,1.32
