date,month,positions,staked,unused_daily_budget,settled_profit,closing_expected_profit,cumulative_profit,drawdown
2021-09-01,2021-09,0,0.0,100.0,0.0,0.0,0.0,0.0
2021-09-02,2021-09,0,0.0,100.0,0.0,0.0,0.0,0.0
2021-09-03,2021-09,0,0.0,100.0,0.0,0.0,0.0,0.0
2021-09-04,2021-09,0,0.0,100.0,0.0,0.0,0.0,0.0
2021-09-05,2021-09,0,0.0,100.0,0.0,0.0,0.0,0.0
2021-09-06,2021-09,0,0.0,100.0,0.0,0.0,0.0,0.0
2021-09-07,2021-09,0,0.0,100.0,0.0,0.0,0.0,0.0
2021-09-08,2021-09,0,0.0,100.0,0.0,0.0,0.0,0.0
2021-09-09,2021-09,0,0.0,100.0,0.0,0.0,0.0,0.0
2021-09-10,2021-09,0,0.0,100.0,0.0,0.0,0.0,0.0
2021-09-11,2021-09,0,0.0,100.0,0.0,0.0,0.0,0.0
2021-09-12,2021-09,0,0.0,100.0,0.0,0.0,0.0,0.0
2021-09-13,2021-09,0,0.0,100.0,0.0,0.0,0.0,0.0
2021-09-14,2021-09,0,0.0,100.0,0.0,0.0,0.0,0.0
2021-09-15,2021-09,0,0.0,100.0,0.0,0.0,0.0,0.0
2021-09-16,2021-09,0,0.0,100.0,0.0,0.0,0.0,0.0
2021-09-17,2021-09,0,0.0,100.0,0.0,0.0,0.0,0.0
2021-09-18,2021-09,0,0.0,100.0,0.0,0.0,0.0,0.0
2021-09-19,2021-09,0,0.0,100.0,0.0,0.0,0.0,0.0
2021-09-20,2021-09,0,0.0,100.0,0.0,0.0,0.0,0.0
2021-09-21,2021-09,0,0.0,100.0,0.0,0.0,0.0,0.0
2021-09-22,2021-09,0,0.0,100.0,0.0,0.0,0.0,0.0
2021-09-23,2021-09,0,0.0,100.0,0.0,0.0,0.0,0.0
2021-09-24,2021-09,0,0.0,100.0,0.0,0.0,0.0,0.0
2021-09-25,2021-09,0,0.0,100.0,0.0,0.0,0.0,0.0
2021-09-26,2021-09,0,0.0,100.0,0.0,0.0,0.0,0.0
2021-09-27,2021-09,0,0.0,100.0,0.0,0.0,0.0,0.0
2021-09-28,2021-09,0,0.0,100.0,0.0,0.0,0.0,0.0
2021-09-29,2021-09,0,0.0,100.0,0.0,0.0,0.0,0.0
2021-09-30,2021-09,0,0.0,100.0,0.0,0.0,0.0,0.0
2021-10-01,2021-10,0,0.0,100.0,0.0,0.0,0.0,0.0
2021-10-02,2021-10,0,0.0,100.0,0.0,0.0,0.0,0.0
2021-10-03,2021-10,0,0.0,100.0,0.0,0.0,0.0,0.0
2021-10-04,2021-10,0,0.0,100.0,0.0,0.0,0.0,0.0
2021-10-05,2021-10,0,0.0,100.0,0.0,0.0,0.0,0.0
2021-10-06,2021-10,0,0.0,100.0,0.0,0.0,0.0,0.0
2021-10-07,2021-10,0,0.0,100.0,0.0,0.0,0.0,0.0
2021-10-08,2021-10,0,0.0,100.0,0.0,0.0,0.0,0.0
2021-10-09,2021-10,0,0.0,100.0,0.0,0.0,0.0,0.0
2021-10-10,2021-10,0,0.0,100.0,0.0,0.0,0.0,0.0
2021-10-11,2021-10,0,0.0,100.0,0.0,0.0,0.0,0.0
2021-10-12,2021-10,0,0.0,100.0,0.0,0.0,0.0,0.0
2021-10-13,2021-10,0,0.0,100.0,0.0,0.0,0.0,0.0
2021-10-14,2021-10,0,0.0,100.0,0.0,0.0,0.0,0.0
2021-10-15,2021-10,0,0.0,100.0,0.0,0.0,0.0,0.0
2021-10-16,2021-10,0,0.0,100.0,0.0,0.0,0.0,0.0
2021-10-17,2021-10,0,0.0,100.0,0.0,0.0,0.0,0.0
2021-10-18,2021-10,0,0.0,100.0,0.0,0.0,0.0,0.0
2021-10-19,2021-10,0,0.0,100.0,0.0,0.0,0.0,0.0
2021-10-20,2021-10,0,0.0,100.0,0.0,0.0,0.0,0.0
2021-10-21,2021-10,0,0.0,100.0,0.0,0.0,0.0,0.0
2021-10-22,2021-10,0,0.0,100.0,0.0,0.0,0.0,0.0
2021-10-23,2021-10,0,0.0,100.0,0.0,0.0,0.0,0.0
2021-10-24,2021-10,0,0.0,100.0,0.0,0.0,0.0,0.0
2021-10-25,2021-10,0,0.0,100.0,0.0,0.0,0.0,0.0
2021-10-26,2021-10,0,0.0,100.0,0.0,0.0,0.0,0.0
2021-10-27,2021-10,0,0.0,100.0,0.0,0.0,0.0,0.0
2021-10-28,2021-10,0,0.0,100.0,0.0,0.0,0.0,0.0
2021-10-29,2021-10,0,0.0,100.0,0.0,0.0,0.0,0.0
2021-10-30,2021-10,0,0.0,100.0,0.0,0.0,0.0,0.0
2021-10-31,2021-10,0,0.0,100.0,0.0,0.0,0.0,0.0
2021-11-01,2021-11,0,0.0,100.0,0.0,0.0,0.0,0.0
2021-11-02,2021-11,0,0.0,100.0,0.0,0.0,0.0,0.0
2021-11-03,2021-11,0,0.0,100.0,0.0,0.0,0.0,0.0
2021-11-04,2021-11,0,0.0,100.0,0.0,0.0,0.0,0.0
2021-11-05,2021-11,0,0.0,100.0,0.0,0.0,0.0,0.0
2021-11-06,2021-11,0,0.0,100.0,0.0,0.0,0.0,0.0
2021-11-07,2021-11,0,0.0,100.0,0.0,0.0,0.0,0.0
2021-11-08,2021-11,0,0.0,100.0,0.0,0.0,0.0,0.0
2021-11-09,2021-11,0,0.0,100.0,0.0,0.0,0.0,0.0
2021-11-10,2021-11,0,0.0,100.0,0.0,0.0,0.0,0.0
2021-11-11,2021-11,0,0.0,100.0,0.0,0.0,0.0,0.0
2021-11-12,2021-11,0,0.0,100.0,0.0,0.0,0.0,0.0
2021-11-13,2021-11,0,0.0,100.0,0.0,0.0,0.0,0.0
2021-11-14,2021-11,0,0.0,100.0,0.0,0.0,0.0,0.0
2021-11-15,2021-11,0,0.0,100.0,0.0,0.0,0.0,0.0
2021-11-16,2021-11,0,0.0,100.0,0.0,0.0,0.0,0.0
2021-11-17,2021-11,0,0.0,100.0,0.0,0.0,0.0,0.0
2021-11-18,2021-11,0,0.0,100.0,0.0,0.0,0.0,0.0
2021-11-19,2021-11,0,0.0,100.0,0.0,0.0,0.0,0.0
2021-11-20,2021-11,0,0.0,100.0,0.0,0.0,0.0,0.0
2021-11-21,2021-11,0,0.0,100.0,0.0,0.0,0.0,0.0
2021-11-22,2021-11,0,0.0,100.0,0.0,0.0,0.0,0.0
2021-11-23,2021-11,0,0.0,100.0,0.0,0.0,0.0,0.0
2021-11-24,2021-11,0,0.0,100.0,0.0,0.0,0.0,0.0
2021-11-25,2021-11,0,0.0,100.0,0.0,0.0,0.0,0.0
2021-11-26,2021-11,0,0.0,100.0,0.0,0.0,0.0,0.0
2021-11-27,2021-11,0,0.0,100.0,0.0,0.0,0.0,0.0
2021-11-28,2021-11,0,0.0,100.0,0.0,0.0,0.0,0.0
2021-11-29,2021-11,0,0.0,100.0,0.0,0.0,0.0,0.0
2021-11-30,2021-11,0,0.0,100.0,0.0,0.0,0.0,0.0
2021-12-01,2021-12,0,0.0,100.0,0.0,0.0,0.0,0.0
2021-12-02,2021-12,0,0.0,100.0,0.0,0.0,0.0,0.0
2021-12-03,2021-12,0,0.0,100.0,0.0,0.0,0.0,0.0
2021-12-04,2021-12,0,0.0,100.0,0.0,0.0,0.0,0.0
2021-12-05,2021-12,1,1.25,98.75,-1.25,0.154007,-1.25,1.25
2021-12-06,2021-12,0,0.0,100.0,0.0,0.0,-1.25,1.25
2021-12-07,2021-12,0,0.0,100.0,0.0,0.0,-1.25,1.25
2021-12-08,2021-12,0,0.0,100.0,0.0,0.0,-1.25,1.25
2021-12-09,2021-12,0,0.0,100.0,0.0,0.0,-1.25,1.25
2021-12-10,2021-12,1,4.05,95.95,3.89,0.294514,2.64,0.0
2021-12-11,2021-12,2,3.15,96.85,1.17,-0.052645,3.81,0.0
2021-12-12,2021-12,1,3.74,96.26,3.85,0.782878,7.66,0.0
2021-12-13,2021-12,0,0.0,100.0,0.0,0.0,7.66,0.0
2021-12-14,2021-12,0,0.0,100.0,0.0,0.0,7.66,0.0
2021-12-15,2021-12,0,0.0,100.0,0.0,0.0,7.66,0.0
2021-12-16,2021-12,0,0.0,100.0,0.0,0.0,7.66,0.0
2021-12-17,2021-12,0,0.0,100.0,0.0,0.0,7.66,0.0
2021-12-18,2021-12,0,0.0,100.0,0.0,0.0,7.66,0.0
2021-12-19,2021-12,0,0.0,100.0,0.0,0.0,7.66,0.0
2021-12-20,2021-12,0,0.0,100.0,0.0,0.0,7.66,0.0
2021-12-21,2021-12,0,0.0,100.0,0.0,0.0,7.66,0.0
2021-12-22,2021-12,0,0.0,100.0,0.0,0.0,7.66,0.0
2021-12-23,2021-12,0,0.0,100.0,0.0,0.0,7.66,0.0
2021-12-24,2021-12,0,0.0,100.0,0.0,0.0,7.66,0.0
2021-12-25,2021-12,0,0.0,100.0,0.0,0.0,7.66,0.0
2021-12-26,2021-12,0,0.0,100.0,0.0,0.0,7.66,0.0
2021-12-27,2021-12,1,0.4,99.6,-0.4,0.030613,7.26,0.4
2021-12-28,2021-12,0,0.0,100.0,0.0,0.0,7.26,0.4
2021-12-29,2021-12,0,0.0,100.0,0.0,0.0,7.26,0.4
2021-12-30,2021-12,0,0.0,100.0,0.0,0.0,7.26,0.4
2021-12-31,2021-12,0,0.0,100.0,0.0,0.0,7.26,0.4
2022-01-01,2022-01,0,0.0,100.0,0.0,0.0,7.26,0.4
2022-01-02,2022-01,0,0.0,100.0,0.0,0.0,7.26,0.4
2022-01-03,2022-01,0,0.0,100.0,0.0,0.0,7.26,0.4
2022-01-04,2022-01,0,0.0,100.0,0.0,0.0,7.26,0.4
2022-01-05,2022-01,0,0.0,100.0,0.0,0.0,7.26,0.4
2022-01-06,2022-01,0,0.0,100.0,0.0,0.0,7.26,0.4
2022-01-07,2022-01,0,0.0,100.0,0.0,0.0,7.26,0.4
2022-01-08,2022-01,0,0.0,100.0,0.0,0.0,7.26,0.4
2022-01-09,2022-01,0,0.0,100.0,0.0,0.0,7.26,0.4
2022-01-10,2022-01,0,0.0,100.0,0.0,0.0,7.26,0.4
2022-01-11,2022-01,0,0.0,100.0,0.0,0.0,7.26,0.4
2022-01-12,2022-01,0,0.0,100.0,0.0,0.0,7.26,0.4
2022-01-13,2022-01,0,0.0,100.0,0.0,0.0,7.26,0.4
2022-01-14,2022-01,1,1.35,98.65,3.31,0.47361,10.57,0.0
2022-01-15,2022-01,0,0.0,100.0,0.0,0.0,10.57,0.0
2022-01-16,2022-01,0,0.0,100.0,0.0,0.0,10.57,0.0
2022-01-17,2022-01,0,0.0,100.0,0.0,0.0,10.57,0.0
2022-01-18,2022-01,0,0.0,100.0,0.0,0.0,10.57,0.0
2022-01-19,2022-01,0,0.0,100.0,0.0,0.0,10.57,0.0
2022-01-20,2022-01,0,0.0,100.0,0.0,0.0,10.57,0.0
2022-01-21,2022-01,0,0.0,100.0,0.0,0.0,10.57,0.0
2022-01-22,2022-01,0,0.0,100.0,0.0,0.0,10.57,0.0
2022-01-23,2022-01,0,0.0,100.0,0.0,0.0,10.57,0.0
2022-01-24,2022-01,0,0.0,100.0,0.0,0.0,10.57,0.0
2022-01-25,2022-01,0,0.0,100.0,0.0,0.0,10.57,0.0
2022-01-26,2022-01,0,0.0,100.0,0.0,0.0,10.57,0.0
2022-01-27,2022-01,0,0.0,100.0,0.0,0.0,10.57,0.0
2022-01-28,2022-01,0,0.0,100.0,0.0,0.0,10.57,0.0
2022-01-29,2022-01,0,0.0,100.0,0.0,0.0,10.57,0.0
2022-01-30,2022-01,0,0.0,100.0,0.0,0.0,10.57,0.0
2022-01-31,2022-01,0,0.0,100.0,0.0,0.0,10.57,0.0
2022-02-01,2022-02,0,0.0,100.0,0.0,0.0,10.57,0.0
2022-02-02,2022-02,0,0.0,100.0,0.0,0.0,10.57,0.0
2022-02-03,2022-02,0,0.0,100.0,0.0,0.0,10.57,0.0
2022-02-04,2022-02,0,0.0,100.0,0.0,0.0,10.57,0.0
2022-02-05,2022-02,1,0.81,99.19,-0.81,0.004281,9.76,0.81
2022-02-06,2022-02,1,1.25,98.75,-1.25,-0.027939,8.51,2.06
2022-02-07,2022-02,0,0.0,100.0,0.0,0.0,8.51,2.06
2022-02-08,2022-02,0,0.0,100.0,0.0,0.0,8.51,2.06
2022-02-09,2022-02,0,0.0,100.0,0.0,0.0,8.51,2.06
2022-02-10,2022-02,0,0.0,100.0,0.0,0.0,8.51,2.06
2022-02-11,2022-02,0,0.0,100.0,0.0,0.0,8.51,2.06
2022-02-12,2022-02,2,6.49,93.51,7.93,1.223859,16.44,0.0
2022-02-13,2022-02,2,15.0,85.0,-7.7,0.708422,8.74,7.7
2022-02-14,2022-02,0,0.0,100.0,0.0,0.0,8.74,7.7
2022-02-15,2022-02,0,0.0,100.0,0.0,0.0,8.74,7.7
2022-02-16,2022-02,0,0.0,100.0,0.0,0.0,8.74,7.7
2022-02-17,2022-02,0,0.0,100.0,0.0,0.0,8.74,7.7
2022-02-18,2022-02,1,5.4,94.6,7.67,0.221583,16.41,0.03
2022-02-19,2022-02,2,3.55,96.45,3.87,0.310234,20.28,0.0
2022-02-20,2022-02,0,0.0,100.0,0.0,0.0,20.28,0.0
2022-02-21,2022-02,0,0.0,100.0,0.0,0.0,20.28,0.0
2022-02-22,2022-02,0,0.0,100.0,0.0,0.0,20.28,0.0
2022-02-23,2022-02,0,0.0,100.0,0.0,0.0,20.28,0.0
2022-02-24,2022-02,0,0.0,100.0,0.0,0.0,20.28,0.0
2022-02-25,2022-02,1,0.52,99.48,-0.52,-0.007089,19.76,0.52
2022-02-26,2022-02,3,9.75,90.25,8.8,0.788911,28.56,0.0
2022-02-27,2022-02,1,0.48,99.52,1.28,-0.04614,29.84,0.0
2022-02-28,2022-02,0,0.0,100.0,0.0,0.0,29.84,0.0
2022-03-01,2022-03,0,0.0,100.0,0.0,0.0,29.84,0.0
2022-03-02,2022-03,0,0.0,100.0,0.0,0.0,29.84,0.0
2022-03-03,2022-03,0,0.0,100.0,0.0,0.0,29.84,0.0
2022-03-04,2022-03,0,0.0,100.0,0.0,0.0,29.84,0.0
2022-03-05,2022-03,1,8.34,91.66,-8.34,1.473369,21.5,8.34
2022-03-06,2022-03,0,0.0,100.0,0.0,0.0,21.5,8.34
2022-03-07,2022-03,0,0.0,100.0,0.0,0.0,21.5,8.34
2022-03-08,2022-03,0,0.0,100.0,0.0,0.0,21.5,8.34
2022-03-09,2022-03,0,0.0,100.0,0.0,0.0,21.5,8.34
2022-03-10,2022-03,0,0.0,100.0,0.0,0.0,21.5,8.34
2022-03-11,2022-03,0,0.0,100.0,0.0,0.0,21.5,8.34
2022-03-12,2022-03,0,0.0,100.0,0.0,0.0,21.5,8.34
2022-03-13,2022-03,2,5.09,94.91,-5.09,0.578195,16.41,13.43
2022-03-14,2022-03,0,0.0,100.0,0.0,0.0,16.41,13.43
2022-03-15,2022-03,2,6.64,93.36,0.29,0.680476,16.7,13.14
2022-03-16,2022-03,0,0.0,100.0,0.0,0.0,16.7,13.14
2022-03-17,2022-03,0,0.0,100.0,0.0,0.0,16.7,13.14
2022-03-18,2022-03,0,0.0,100.0,0.0,0.0,16.7,13.14
2022-03-19,2022-03,1,6.93,93.07,-6.93,1.443629,9.77,20.07
2022-03-20,2022-03,1,2.73,97.27,-2.73,0.289459,7.04,22.8
2022-03-21,2022-03,0,0.0,100.0,0.0,0.0,7.04,22.8
2022-03-22,2022-03,0,0.0,100.0,0.0,0.0,7.04,22.8
2022-03-23,2022-03,0,0.0,100.0,0.0,0.0,7.04,22.8
2022-03-24,2022-03,0,0.0,100.0,0.0,0.0,7.04,22.8
2022-03-25,2022-03,0,0.0,100.0,0.0,0.0,7.04,22.8
2022-03-26,2022-03,2,10.35,89.65,1.25,0.091372,8.29,21.55
2022-03-27,2022-03,1,3.99,96.01,6.06,0.566679,14.35,15.49
2022-03-28,2022-03,1,2.71,97.29,3.45,0.116326,17.8,12.04
2022-03-29,2022-03,0,0.0,100.0,0.0,0.0,17.8,12.04
2022-03-30,2022-03,0,0.0,100.0,0.0,0.0,17.8,12.04
2022-03-31,2022-03,0,0.0,100.0,0.0,0.0,17.8,12.04
2022-04-01,2022-04,0,0.0,100.0,0.0,0.0,17.8,12.04
2022-04-02,2022-04,0,0.0,100.0,0.0,0.0,17.8,12.04
2022-04-03,2022-04,0,0.0,100.0,0.0,0.0,17.8,12.04
2022-04-04,2022-04,0,0.0,100.0,0.0,0.0,17.8,12.04
2022-04-05,2022-04,0,0.0,100.0,0.0,0.0,17.8,12.04
2022-04-06,2022-04,0,0.0,100.0,0.0,0.0,17.8,12.04
2022-04-07,2022-04,0,0.0,100.0,0.0,0.0,17.8,12.04
2022-04-08,2022-04,0,0.0,100.0,0.0,0.0,17.8,12.04
2022-04-09,2022-04,2,9.96,90.04,8.67,0.365004,26.47,3.37
2022-04-10,2022-04,3,9.92,90.08,-2.48,2.126857,23.99,5.85
2022-04-11,2022-04,0,0.0,100.0,0.0,0.0,23.99,5.85
2022-04-12,2022-04,0,0.0,100.0,0.0,0.0,23.99,5.85
2022-04-13,2022-04,0,0.0,100.0,0.0,0.0,23.99,5.85
2022-04-14,2022-04,0,0.0,100.0,0.0,0.0,23.99,5.85
2022-04-15,2022-04,0,0.0,100.0,0.0,0.0,23.99,5.85
2022-04-16,2022-04,0,0.0,100.0,0.0,0.0,23.99,5.85
2022-04-17,2022-04,0,0.0,100.0,0.0,0.0,23.99,5.85
2022-04-18,2022-04,0,0.0,100.0,0.0,0.0,23.99,5.85
2022-04-19,2022-04,0,0.0,100.0,0.0,0.0,23.99,5.85
2022-04-20,2022-04,0,0.0,100.0,0.0,0.0,23.99,5.85
2022-04-21,2022-04,0,0.0,100.0,0.0,0.0,23.99,5.85
2022-04-22,2022-04,0,0.0,100.0,0.0,0.0,23.99,5.85
2022-04-23,2022-04,0,0.0,100.0,0.0,0.0,23.99,5.85
2022-04-24,2022-04,0,0.0,100.0,0.0,0.0,23.99,5.85
2022-04-25,2022-04,0,0.0,100.0,0.0,0.0,23.99,5.85
2022-04-26,2022-04,0,0.0,100.0,0.0,0.0,23.99,5.85
2022-04-27,2022-04,0,0.0,100.0,0.0,0.0,23.99,5.85
2022-04-28,2022-04,0,0.0,100.0,0.0,0.0,23.99,5.85
2022-04-29,2022-04,1,12.24,87.76,10.2,0.089707,34.19,0.0
2022-04-30,2022-04,2,15.0,85.0,16.37,-0.3896,50.56,0.0
2022-05-01,2022-05,1,8.52,91.48,10.02,2.255973,60.58,0.0
2022-05-02,2022-05,0,0.0,100.0,0.0,0.0,60.58,0.0
2022-05-03,2022-05,0,0.0,100.0,0.0,0.0,60.58,0.0
2022-05-04,2022-05,0,0.0,100.0,0.0,0.0,60.58,0.0
2022-05-05,2022-05,0,0.0,100.0,0.0,0.0,60.58,0.0
2022-05-06,2022-05,0,0.0,100.0,0.0,0.0,60.58,0.0
2022-05-07,2022-05,1,1.99,98.01,-1.99,0.113972,58.59,1.99
2022-05-08,2022-05,0,0.0,100.0,0.0,0.0,58.59,1.99
2022-05-09,2022-05,0,0.0,100.0,0.0,0.0,58.59,1.99
2022-05-10,2022-05,0,0.0,100.0,0.0,0.0,58.59,1.99
2022-05-11,2022-05,0,0.0,100.0,0.0,0.0,58.59,1.99
2022-05-12,2022-05,0,0.0,100.0,0.0,0.0,58.59,1.99
2022-05-13,2022-05,0,0.0,100.0,0.0,0.0,58.59,1.99
2022-05-14,2022-05,0,0.0,100.0,0.0,0.0,58.59,1.99
2022-05-15,2022-05,0,0.0,100.0,0.0,0.0,58.59,1.99
2022-05-16,2022-05,0,0.0,100.0,0.0,0.0,58.59,1.99
2022-05-17,2022-05,0,0.0,100.0,0.0,0.0,58.59,1.99
2022-05-18,2022-05,0,0.0,100.0,0.0,0.0,58.59,1.99
2022-05-19,2022-05,0,0.0,100.0,0.0,0.0,58.59,1.99
2022-05-20,2022-05,0,0.0,100.0,0.0,0.0,58.59,1.99
2022-05-21,2022-05,3,15.0,85.0,-6.39,-0.428617,52.2,8.38
2022-05-22,2022-05,0,0.0,100.0,0.0,0.0,52.2,8.38
2022-05-23,2022-05,0,0.0,100.0,0.0,0.0,52.2,8.38
2022-05-24,2022-05,0,0.0,100.0,0.0,0.0,52.2,8.38
2022-05-25,2022-05,0,0.0,100.0,0.0,0.0,52.2,8.38
2022-05-26,2022-05,0,0.0,100.0,0.0,0.0,52.2,8.38
2022-05-27,2022-05,0,0.0,100.0,0.0,0.0,52.2,8.38
2022-05-28,2022-05,0,0.0,100.0,0.0,0.0,52.2,8.38
2022-05-29,2022-05,0,0.0,100.0,0.0,0.0,52.2,8.38
2022-05-30,2022-05,0,0.0,100.0,0.0,0.0,52.2,8.38
2022-05-31,2022-05,0,0.0,100.0,0.0,0.0,52.2,8.38
2022-06-01,2022-06,0,0.0,100.0,0.0,0.0,52.2,8.38
2022-06-02,2022-06,0,0.0,100.0,0.0,0.0,52.2,8.38
2022-06-03,2022-06,0,0.0,100.0,0.0,0.0,52.2,8.38
2022-06-04,2022-06,0,0.0,100.0,0.0,0.0,52.2,8.38
2022-06-05,2022-06,0,0.0,100.0,0.0,0.0,52.2,8.38
2022-06-06,2022-06,0,0.0,100.0,0.0,0.0,52.2,8.38
2022-06-07,2022-06,0,0.0,100.0,0.0,0.0,52.2,8.38
2022-06-08,2022-06,0,0.0,100.0,0.0,0.0,52.2,8.38
2022-06-09,2022-06,0,0.0,100.0,0.0,0.0,52.2,8.38
2022-06-10,2022-06,0,0.0,100.0,0.0,0.0,52.2,8.38
2022-06-11,2022-06,0,0.0,100.0,0.0,0.0,52.2,8.38
2022-06-12,2022-06,0,0.0,100.0,0.0,0.0,52.2,8.38
2022-06-13,2022-06,0,0.0,100.0,0.0,0.0,52.2,8.38
2022-06-14,2022-06,0,0.0,100.0,0.0,0.0,52.2,8.38
2022-06-15,2022-06,0,0.0,100.0,0.0,0.0,52.2,8.38
2022-06-16,2022-06,0,0.0,100.0,0.0,0.0,52.2,8.38
2022-06-17,2022-06,0,0.0,100.0,0.0,0.0,52.2,8.38
2022-06-18,2022-06,0,0.0,100.0,0.0,0.0,52.2,8.38
2022-06-19,2022-06,0,0.0,100.0,0.0,0.0,52.2,8.38
2022-06-20,2022-06,0,0.0,100.0,0.0,0.0,52.2,8.38
2022-06-21,2022-06,0,0.0,100.0,0.0,0.0,52.2,8.38
2022-06-22,2022-06,0,0.0,100.0,0.0,0.0,52.2,8.38
2022-06-23,2022-06,0,0.0,100.0,0.0,0.0,52.2,8.38
2022-06-24,2022-06,0,0.0,100.0,0.0,0.0,52.2,8.38
2022-06-25,2022-06,0,0.0,100.0,0.0,0.0,52.2,8.38
2022-06-26,2022-06,0,0.0,100.0,0.0,0.0,52.2,8.38
2022-06-27,2022-06,0,0.0,100.0,0.0,0.0,52.2,8.38
2022-06-28,2022-06,0,0.0,100.0,0.0,0.0,52.2,8.38
2022-06-29,2022-06,0,0.0,100.0,0.0,0.0,52.2,8.38
2022-06-30,2022-06,0,0.0,100.0,0.0,0.0,52.2,8.38
2022-07-01,2022-07,0,0.0,100.0,0.0,0.0,52.2,8.38
2022-07-02,2022-07,0,0.0,100.0,0.0,0.0,52.2,8.38
2022-07-03,2022-07,0,0.0,100.0,0.0,0.0,52.2,8.38
2022-07-04,2022-07,0,0.0,100.0,0.0,0.0,52.2,8.38
2022-07-05,2022-07,0,0.0,100.0,0.0,0.0,52.2,8.38
2022-07-06,2022-07,0,0.0,100.0,0.0,0.0,52.2,8.38
2022-07-07,2022-07,0,0.0,100.0,0.0,0.0,52.2,8.38
2022-07-08,2022-07,0,0.0,100.0,0.0,0.0,52.2,8.38
2022-07-09,2022-07,0,0.0,100.0,0.0,0.0,52.2,8.38
2022-07-10,2022-07,0,0.0,100.0,0.0,0.0,52.2,8.38
2022-07-11,2022-07,0,0.0,100.0,0.0,0.0,52.2,8.38
2022-07-12,2022-07,0,0.0,100.0,0.0,0.0,52.2,8.38
2022-07-13,2022-07,0,0.0,100.0,0.0,0.0,52.2,8.38
2022-07-14,2022-07,0,0.0,100.0,0.0,0.0,52.2,8.38
2022-07-15,2022-07,0,0.0,100.0,0.0,0.0,52.2,8.38
2022-07-16,2022-07,0,0.0,100.0,0.0,0.0,52.2,8.38
2022-07-17,2022-07,0,0.0,100.0,0.0,0.0,52.2,8.38
2022-07-18,2022-07,0,0.0,100.0,0.0,0.0,52.2,8.38
2022-07-19,2022-07,0,0.0,100.0,0.0,0.0,52.2,8.38
2022-07-20,2022-07,0,0.0,100.0,0.0,0.0,52.2,8.38
2022-07-21,2022-07,0,0.0,100.0,0.0,0.0,52.2,8.38
2022-07-22,2022-07,0,0.0,100.0,0.0,0.0,52.2,8.38
2022-07-23,2022-07,0,0.0,100.0,0.0,0.0,52.2,8.38
2022-07-24,2022-07,0,0.0,100.0,0.0,0.0,52.2,8.38
2022-07-25,2022-07,0,0.0,100.0,0.0,0.0,52.2,8.38
2022-07-26,2022-07,0,0.0,100.0,0.0,0.0,52.2,8.38
2022-07-27,2022-07,0,0.0,100.0,0.0,0.0,52.2,8.38
2022-07-28,2022-07,0,0.0,100.0,0.0,0.0,52.2,8.38
2022-07-29,2022-07,0,0.0,100.0,0.0,0.0,52.2,8.38
2022-07-30,2022-07,0,0.0,100.0,0.0,0.0,52.2,8.38
2022-07-31,2022-07,0,0.0,100.0,0.0,0.0,52.2,8.38
2022-08-01,2022-08,0,0.0,100.0,0.0,0.0,52.2,8.38
2022-08-02,2022-08,0,0.0,100.0,0.0,0.0,52.2,8.38
2022-08-03,2022-08,0,0.0,100.0,0.0,0.0,52.2,8.38
2022-08-04,2022-08,0,0.0,100.0,0.0,0.0,52.2,8.38
2022-08-05,2022-08,0,0.0,100.0,0.0,0.0,52.2,8.38
2022-08-06,2022-08,0,0.0,100.0,0.0,0.0,52.2,8.38
2022-08-07,2022-08,0,0.0,100.0,0.0,0.0,52.2,8.38
2022-08-08,2022-08,0,0.0,100.0,0.0,0.0,52.2,8.38
2022-08-09,2022-08,0,0.0,100.0,0.0,0.0,52.2,8.38
2022-08-10,2022-08,0,0.0,100.0,0.0,0.0,52.2,8.38
2022-08-11,2022-08,0,0.0,100.0,0.0,0.0,52.2,8.38
2022-08-12,2022-08,0,0.0,100.0,0.0,0.0,52.2,8.38
2022-08-13,2022-08,0,0.0,100.0,0.0,0.0,52.2,8.38
2022-08-14,2022-08,1,1.9,98.1,3.17,0.563076,55.37,5.21
2022-08-15,2022-08,0,0.0,100.0,0.0,0.0,55.37,5.21
2022-08-16,2022-08,0,0.0,100.0,0.0,0.0,55.37,5.21
2022-08-17,2022-08,0,0.0,100.0,0.0,0.0,55.37,5.21
2022-08-18,2022-08,0,0.0,100.0,0.0,0.0,55.37,5.21
2022-08-19,2022-08,0,0.0,100.0,0.0,0.0,55.37,5.21
2022-08-20,2022-08,0,0.0,100.0,0.0,0.0,55.37,5.21
2022-08-21,2022-08,0,0.0,100.0,0.0,0.0,55.37,5.21
2022-08-22,2022-08,0,0.0,100.0,0.0,0.0,55.37,5.21
2022-08-23,2022-08,0,0.0,100.0,0.0,0.0,55.37,5.21
2022-08-24,2022-08,0,0.0,100.0,0.0,0.0,55.37,5.21
2022-08-25,2022-08,0,0.0,100.0,0.0,0.0,55.37,5.21
2022-08-26,2022-08,0,0.0,100.0,0.0,0.0,55.37,5.21
2022-08-27,2022-08,0,0.0,100.0,0.0,0.0,55.37,5.21
2022-08-28,2022-08,1,0.68,99.32,1.03,0.166925,56.4,4.18
2022-08-29,2022-08,0,0.0,100.0,0.0,0.0,56.4,4.18
2022-08-30,2022-08,0,0.0,100.0,0.0,0.0,56.4,4.18
2022-08-31,2022-08,0,0.0,100.0,0.0,0.0,56.4,4.18
2022-09-01,2022-09,0,0.0,100.0,0.0,0.0,56.4,4.18
2022-09-02,2022-09,0,0.0,100.0,0.0,0.0,56.4,4.18
2022-09-03,2022-09,0,0.0,100.0,0.0,0.0,56.4,4.18
2022-09-04,2022-09,0,0.0,100.0,0.0,0.0,56.4,4.18
2022-09-05,2022-09,0,0.0,100.0,0.0,0.0,56.4,4.18
2022-09-06,2022-09,0,0.0,100.0,0.0,0.0,56.4,4.18
2022-09-07,2022-09,0,0.0,100.0,0.0,0.0,56.4,4.18
2022-09-08,2022-09,0,0.0,100.0,0.0,0.0,56.4,4.18
2022-09-09,2022-09,0,0.0,100.0,0.0,0.0,56.4,4.18
2022-09-10,2022-09,0,0.0,100.0,0.0,0.0,56.4,4.18
2022-09-11,2022-09,0,0.0,100.0,0.0,0.0,56.4,4.18
2022-09-12,2022-09,0,0.0,100.0,0.0,0.0,56.4,4.18
2022-09-13,2022-09,0,0.0,100.0,0.0,0.0,56.4,4.18
2022-09-14,2022-09,0,0.0,100.0,0.0,0.0,56.4,4.18
2022-09-15,2022-09,0,0.0,100.0,0.0,0.0,56.4,4.18
2022-09-16,2022-09,0,0.0,100.0,0.0,0.0,56.4,4.18
2022-09-17,2022-09,1,0.18,99.82,-0.18,0.019113,56.22,4.36
2022-09-18,2022-09,0,0.0,100.0,0.0,0.0,56.22,4.36
2022-09-19,2022-09,0,0.0,100.0,0.0,0.0,56.22,4.36
2022-09-20,2022-09,0,0.0,100.0,0.0,0.0,56.22,4.36
2022-09-21,2022-09,0,0.0,100.0,0.0,0.0,56.22,4.36
2022-09-22,2022-09,0,0.0,100.0,0.0,0.0,56.22,4.36
2022-09-23,2022-09,0,0.0,100.0,0.0,0.0,56.22,4.36
2022-09-24,2022-09,1,1.22,98.78,-1.22,0.236802,55.0,5.58
2022-09-25,2022-09,1,0.43,99.57,-0.43,0.016611,54.57,6.01
2022-09-26,2022-09,0,0.0,100.0,0.0,0.0,54.57,6.01
2022-09-27,2022-09,0,0.0,100.0,0.0,0.0,54.57,6.01
2022-09-28,2022-09,0,0.0,100.0,0.0,0.0,54.57,6.01
2022-09-29,2022-09,0,0.0,100.0,0.0,0.0,54.57,6.01
2022-09-30,2022-09,0,0.0,100.0,0.0,0.0,54.57,6.01
2022-10-01,2022-10,0,0.0,100.0,0.0,0.0,54.57,6.01
2022-10-02,2022-10,0,0.0,100.0,0.0,0.0,54.57,6.01
2022-10-03,2022-10,0,0.0,100.0,0.0,0.0,54.57,6.01
2022-10-04,2022-10,0,0.0,100.0,0.0,0.0,54.57,6.01
2022-10-05,2022-10,0,0.0,100.0,0.0,0.0,54.57,6.01
2022-10-06,2022-10,0,0.0,100.0,0.0,0.0,54.57,6.01
2022-10-07,2022-10,0,0.0,100.0,0.0,0.0,54.57,6.01
2022-10-08,2022-10,1,0.22,99.78,0.65,-0.007933,55.22,5.36
2022-10-09,2022-10,0,0.0,100.0,0.0,0.0,55.22,5.36
2022-10-10,2022-10,0,0.0,100.0,0.0,0.0,55.22,5.36
2022-10-11,2022-10,0,0.0,100.0,0.0,0.0,55.22,5.36
2022-10-12,2022-10,0,0.0,100.0,0.0,0.0,55.22,5.36
2022-10-13,2022-10,0,0.0,100.0,0.0,0.0,55.22,5.36
2022-10-14,2022-10,0,0.0,100.0,0.0,0.0,55.22,5.36
2022-10-15,2022-10,0,0.0,100.0,0.0,0.0,55.22,5.36
2022-10-16,2022-10,0,0.0,100.0,0.0,0.0,55.22,5.36
2022-10-17,2022-10,0,0.0,100.0,0.0,0.0,55.22,5.36
2022-10-18,2022-10,0,0.0,100.0,0.0,0.0,55.22,5.36
2022-10-19,2022-10,1,0.71,99.29,-0.71,0.022894,54.51,6.07
2022-10-20,2022-10,0,0.0,100.0,0.0,0.0,54.51,6.07
2022-10-21,2022-10,1,10.29,89.71,11.09,1.339283,65.6,0.0
2022-10-22,2022-10,0,0.0,100.0,0.0,0.0,65.6,0.0
2022-10-23,2022-10,0,0.0,100.0,0.0,0.0,65.6,0.0
2022-10-24,2022-10,0,0.0,100.0,0.0,0.0,65.6,0.0
2022-10-25,2022-10,0,0.0,100.0,0.0,0.0,65.6,0.0
2022-10-26,2022-10,0,0.0,100.0,0.0,0.0,65.6,0.0
2022-10-27,2022-10,0,0.0,100.0,0.0,0.0,65.6,0.0
2022-10-28,2022-10,0,0.0,100.0,0.0,0.0,65.6,0.0
2022-10-29,2022-10,0,0.0,100.0,0.0,0.0,65.6,0.0
2022-10-30,2022-10,0,0.0,100.0,0.0,0.0,65.6,0.0
2022-10-31,2022-10,1,1.17,98.83,-1.17,0.086368,64.43,1.17
2022-11-01,2022-11,0,0.0,100.0,0.0,0.0,64.43,1.17
2022-11-02,2022-11,0,0.0,100.0,0.0,0.0,64.43,1.17
2022-11-03,2022-11,0,0.0,100.0,0.0,0.0,64.43,1.17
2022-11-04,2022-11,0,0.0,100.0,0.0,0.0,64.43,1.17
2022-11-05,2022-11,2,1.2,98.8,0.2,0.052382,64.63,0.97
2022-11-06,2022-11,0,0.0,100.0,0.0,0.0,64.63,0.97
2022-11-07,2022-11,0,0.0,100.0,0.0,0.0,64.63,0.97
2022-11-08,2022-11,0,0.0,100.0,0.0,0.0,64.63,0.97
2022-11-09,2022-11,0,0.0,100.0,0.0,0.0,64.63,0.97
2022-11-10,2022-11,0,0.0,100.0,0.0,0.0,64.63,0.97
2022-11-11,2022-11,1,0.5,99.5,-0.5,-0.018638,64.13,1.47
2022-11-12,2022-11,0,0.0,100.0,0.0,0.0,64.13,1.47
2022-11-13,2022-11,0,0.0,100.0,0.0,0.0,64.13,1.47
2022-11-14,2022-11,0,0.0,100.0,0.0,0.0,64.13,1.47
2022-11-15,2022-11,0,0.0,100.0,0.0,0.0,64.13,1.47
2022-11-16,2022-11,0,0.0,100.0,0.0,0.0,64.13,1.47
2022-11-17,2022-11,0,0.0,100.0,0.0,0.0,64.13,1.47
2022-11-18,2022-11,0,0.0,100.0,0.0,0.0,64.13,1.47
2022-11-19,2022-11,0,0.0,100.0,0.0,0.0,64.13,1.47
2022-11-20,2022-11,0,0.0,100.0,0.0,0.0,64.13,1.47
2022-11-21,2022-11,0,0.0,100.0,0.0,0.0,64.13,1.47
2022-11-22,2022-11,0,0.0,100.0,0.0,0.0,64.13,1.47
2022-11-23,2022-11,0,0.0,100.0,0.0,0.0,64.13,1.47
2022-11-24,2022-11,0,0.0,100.0,0.0,0.0,64.13,1.47
2022-11-25,2022-11,0,0.0,100.0,0.0,0.0,64.13,1.47
2022-11-26,2022-11,0,0.0,100.0,0.0,0.0,64.13,1.47
2022-11-27,2022-11,0,0.0,100.0,0.0,0.0,64.13,1.47
2022-11-28,2022-11,0,0.0,100.0,0.0,0.0,64.13,1.47
2022-11-29,2022-11,0,0.0,100.0,0.0,0.0,64.13,1.47
2022-11-30,2022-11,0,0.0,100.0,0.0,0.0,64.13,1.47
2022-12-01,2022-12,0,0.0,100.0,0.0,0.0,64.13,1.47
2022-12-02,2022-12,0,0.0,100.0,0.0,0.0,64.13,1.47
2022-12-03,2022-12,0,0.0,100.0,0.0,0.0,64.13,1.47
2022-12-04,2022-12,0,0.0,100.0,0.0,0.0,64.13,1.47
2022-12-05,2022-12,0,0.0,100.0,0.0,0.0,64.13,1.47
2022-12-06,2022-12,0,0.0,100.0,0.0,0.0,64.13,1.47
2022-12-07,2022-12,0,0.0,100.0,0.0,0.0,64.13,1.47
2022-12-08,2022-12,0,0.0,100.0,0.0,0.0,64.13,1.47
2022-12-09,2022-12,0,0.0,100.0,0.0,0.0,64.13,1.47
2022-12-10,2022-12,0,0.0,100.0,0.0,0.0,64.13,1.47
2022-12-11,2022-12,0,0.0,100.0,0.0,0.0,64.13,1.47
2022-12-12,2022-12,0,0.0,100.0,0.0,0.0,64.13,1.47
2022-12-13,2022-12,0,0.0,100.0,0.0,0.0,64.13,1.47
2022-12-14,2022-12,0,0.0,100.0,0.0,0.0,64.13,1.47
2022-12-15,2022-12,0,0.0,100.0,0.0,0.0,64.13,1.47
2022-12-16,2022-12,0,0.0,100.0,0.0,0.0,64.13,1.47
2022-12-17,2022-12,0,0.0,100.0,0.0,0.0,64.13,1.47
2022-12-18,2022-12,0,0.0,100.0,0.0,0.0,64.13,1.47
2022-12-19,2022-12,0,0.0,100.0,0.0,0.0,64.13,1.47
2022-12-20,2022-12,0,0.0,100.0,0.0,0.0,64.13,1.47
2022-12-21,2022-12,0,0.0,100.0,0.0,0.0,64.13,1.47
2022-12-22,2022-12,0,0.0,100.0,0.0,0.0,64.13,1.47
2022-12-23,2022-12,0,0.0,100.0,0.0,0.0,64.13,1.47
2022-12-24,2022-12,0,0.0,100.0,0.0,0.0,64.13,1.47
2022-12-25,2022-12,0,0.0,100.0,0.0,0.0,64.13,1.47
2022-12-26,2022-12,0,0.0,100.0,0.0,0.0,64.13,1.47
2022-12-27,2022-12,0,0.0,100.0,0.0,0.0,64.13,1.47
2022-12-28,2022-12,0,0.0,100.0,0.0,0.0,64.13,1.47
2022-12-29,2022-12,0,0.0,100.0,0.0,0.0,64.13,1.47
2022-12-30,2022-12,0,0.0,100.0,0.0,0.0,64.13,1.47
2022-12-31,2022-12,0,0.0,100.0,0.0,0.0,64.13,1.47
2023-01-01,2023-01,0,0.0,100.0,0.0,0.0,64.13,1.47
2023-01-02,2023-01,0,0.0,100.0,0.0,0.0,64.13,1.47
2023-01-03,2023-01,0,0.0,100.0,0.0,0.0,64.13,1.47
2023-01-04,2023-01,0,0.0,100.0,0.0,0.0,64.13,1.47
2023-01-05,2023-01,0,0.0,100.0,0.0,0.0,64.13,1.47
2023-01-06,2023-01,0,0.0,100.0,0.0,0.0,64.13,1.47
2023-01-07,2023-01,0,0.0,100.0,0.0,0.0,64.13,1.47
2023-01-08,2023-01,0,0.0,100.0,0.0,0.0,64.13,1.47
2023-01-09,2023-01,0,0.0,100.0,0.0,0.0,64.13,1.47
2023-01-10,2023-01,0,0.0,100.0,0.0,0.0,64.13,1.47
2023-01-11,2023-01,0,0.0,100.0,0.0,0.0,64.13,1.47
2023-01-12,2023-01,0,0.0,100.0,0.0,0.0,64.13,1.47
2023-01-13,2023-01,0,0.0,100.0,0.0,0.0,64.13,1.47
2023-01-14,2023-01,0,0.0,100.0,0.0,0.0,64.13,1.47
2023-01-15,2023-01,1,0.52,99.48,-0.52,0.043289,63.61,1.99
2023-01-16,2023-01,0,0.0,100.0,0.0,0.0,63.61,1.99
2023-01-17,2023-01,0,0.0,100.0,0.0,0.0,63.61,1.99
2023-01-18,2023-01,0,0.0,100.0,0.0,0.0,63.61,1.99
2023-01-19,2023-01,0,0.0,100.0,0.0,0.0,63.61,1.99
2023-01-20,2023-01,0,0.0,100.0,0.0,0.0,63.61,1.99
2023-01-21,2023-01,0,0.0,100.0,0.0,0.0,63.61,1.99
2023-01-22,2023-01,0,0.0,100.0,0.0,0.0,63.61,1.99
2023-01-23,2023-01,0,0.0,100.0,0.0,0.0,63.61,1.99
2023-01-24,2023-01,0,0.0,100.0,0.0,0.0,63.61,1.99
2023-01-25,2023-01,0,0.0,100.0,0.0,0.0,63.61,1.99
2023-01-26,2023-01,0,0.0,100.0,0.0,0.0,63.61,1.99
2023-01-27,2023-01,0,0.0,100.0,0.0,0.0,63.61,1.99
2023-01-28,2023-01,0,0.0,100.0,0.0,0.0,63.61,1.99
2023-01-29,2023-01,0,0.0,100.0,0.0,0.0,63.61,1.99
2023-01-30,2023-01,0,0.0,100.0,0.0,0.0,63.61,1.99
2023-01-31,2023-01,0,0.0,100.0,0.0,0.0,63.61,1.99
2023-02-01,2023-02,0,0.0,100.0,0.0,0.0,63.61,1.99
2023-02-02,2023-02,0,0.0,100.0,0.0,0.0,63.61,1.99
2023-02-03,2023-02,0,0.0,100.0,0.0,0.0,63.61,1.99
2023-02-04,2023-02,0,0.0,100.0,0.0,0.0,63.61,1.99
2023-02-05,2023-02,0,0.0,100.0,0.0,0.0,63.61,1.99
2023-02-06,2023-02,0,0.0,100.0,0.0,0.0,63.61,1.99
2023-02-07,2023-02,0,0.0,100.0,0.0,0.0,63.61,1.99
2023-02-08,2023-02,0,0.0,100.0,0.0,0.0,63.61,1.99
2023-02-09,2023-02,0,0.0,100.0,0.0,0.0,63.61,1.99
2023-02-10,2023-02,0,0.0,100.0,0.0,0.0,63.61,1.99
2023-02-11,2023-02,1,0.96,99.04,-0.96,0.062678,62.65,2.95
2023-02-12,2023-02,0,0.0,100.0,0.0,0.0,62.65,2.95
2023-02-13,2023-02,0,0.0,100.0,0.0,0.0,62.65,2.95
2023-02-14,2023-02,0,0.0,100.0,0.0,0.0,62.65,2.95
2023-02-15,2023-02,0,0.0,100.0,0.0,0.0,62.65,2.95
2023-02-16,2023-02,0,0.0,100.0,0.0,0.0,62.65,2.95
2023-02-17,2023-02,1,0.83,99.17,-0.83,-0.006244,61.82,3.78
2023-02-18,2023-02,0,0.0,100.0,0.0,0.0,61.82,3.78
2023-02-19,2023-02,1,0.48,99.52,-0.48,-0.0108,61.34,4.26
2023-02-20,2023-02,1,0.54,99.46,-0.54,0.001755,60.8,4.8
2023-02-21,2023-02,1,0.84,99.16,-0.84,0.02047,59.96,5.64
2023-02-22,2023-02,0,0.0,100.0,0.0,0.0,59.96,5.64
2023-02-23,2023-02,0,0.0,100.0,0.0,0.0,59.96,5.64
2023-02-24,2023-02,0,0.0,100.0,0.0,0.0,59.96,5.64
2023-02-25,2023-02,0,0.0,100.0,0.0,0.0,59.96,5.64
2023-02-26,2023-02,0,0.0,100.0,0.0,0.0,59.96,5.64
2023-02-27,2023-02,1,0.8,99.2,-0.8,-0.00888,59.16,6.44
2023-02-28,2023-02,1,0.51,99.49,1.55,-0.007617,60.71,4.89
2023-03-01,2023-03,0,0.0,100.0,0.0,0.0,60.71,4.89
2023-03-02,2023-03,0,0.0,100.0,0.0,0.0,60.71,4.89
2023-03-03,2023-03,0,0.0,100.0,0.0,0.0,60.71,4.89
2023-03-04,2023-03,0,0.0,100.0,0.0,0.0,60.71,4.89
2023-03-05,2023-03,0,0.0,100.0,0.0,0.0,60.71,4.89
2023-03-06,2023-03,0,0.0,100.0,0.0,0.0,60.71,4.89
2023-03-07,2023-03,0,0.0,100.0,0.0,0.0,60.71,4.89
2023-03-08,2023-03,0,0.0,100.0,0.0,0.0,60.71,4.89
2023-03-09,2023-03,0,0.0,100.0,0.0,0.0,60.71,4.89
2023-03-10,2023-03,0,0.0,100.0,0.0,0.0,60.71,4.89
2023-03-11,2023-03,0,0.0,100.0,0.0,0.0,60.71,4.89
2023-03-12,2023-03,0,0.0,100.0,0.0,0.0,60.71,4.89
2023-03-13,2023-03,0,0.0,100.0,0.0,0.0,60.71,4.89
2023-03-14,2023-03,0,0.0,100.0,0.0,0.0,60.71,4.89
2023-03-15,2023-03,0,0.0,100.0,0.0,0.0,60.71,4.89
2023-03-16,2023-03,0,0.0,100.0,0.0,0.0,60.71,4.89
2023-03-17,2023-03,0,0.0,100.0,0.0,0.0,60.71,4.89
2023-03-18,2023-03,1,0.28,99.72,-0.28,0.001364,60.43,5.17
2023-03-19,2023-03,0,0.0,100.0,0.0,0.0,60.43,5.17
2023-03-20,2023-03,0,0.0,100.0,0.0,0.0,60.43,5.17
2023-03-21,2023-03,0,0.0,100.0,0.0,0.0,60.43,5.17
2023-03-22,2023-03,0,0.0,100.0,0.0,0.0,60.43,5.17
2023-03-23,2023-03,0,0.0,100.0,0.0,0.0,60.43,5.17
2023-03-24,2023-03,0,0.0,100.0,0.0,0.0,60.43,5.17
2023-03-25,2023-03,0,0.0,100.0,0.0,0.0,60.43,5.17
2023-03-26,2023-03,2,10.68,89.32,-10.68,-0.982911,49.75,15.85
2023-03-27,2023-03,1,0.52,99.48,-0.52,-0.078639,49.23,16.37
2023-03-28,2023-03,0,0.0,100.0,0.0,0.0,49.23,16.37
2023-03-29,2023-03,0,0.0,100.0,0.0,0.0,49.23,16.37
2023-03-30,2023-03,0,0.0,100.0,0.0,0.0,49.23,16.37
2023-03-31,2023-03,1,11.66,88.34,10.86,0.067761,60.09,5.51
2023-04-01,2023-04,3,10.07,89.93,12.99,1.720666,73.08,0.0
2023-04-02,2023-04,0,0.0,100.0,0.0,0.0,73.08,0.0
2023-04-03,2023-04,0,0.0,100.0,0.0,0.0,73.08,0.0
2023-04-04,2023-04,0,0.0,100.0,0.0,0.0,73.08,0.0
2023-04-05,2023-04,1,0.8,99.2,-0.8,-0.047455,72.28,0.8
2023-04-06,2023-04,0,0.0,100.0,0.0,0.0,72.28,0.8
2023-04-07,2023-04,0,0.0,100.0,0.0,0.0,72.28,0.8
2023-04-08,2023-04,0,0.0,100.0,0.0,0.0,72.28,0.8
2023-04-09,2023-04,0,0.0,100.0,0.0,0.0,72.28,0.8
2023-04-10,2023-04,0,0.0,100.0,0.0,0.0,72.28,0.8
2023-04-11,2023-04,0,0.0,100.0,0.0,0.0,72.28,0.8
2023-04-12,2023-04,0,0.0,100.0,0.0,0.0,72.28,0.8
2023-04-13,2023-04,0,0.0,100.0,0.0,0.0,72.28,0.8
2023-04-14,2023-04,0,0.0,100.0,0.0,0.0,72.28,0.8
2023-04-15,2023-04,1,0.39,99.61,-0.39,0.018922,71.89,1.19
2023-04-16,2023-04,0,0.0,100.0,0.0,0.0,71.89,1.19
2023-04-17,2023-04,0,0.0,100.0,0.0,0.0,71.89,1.19
2023-04-18,2023-04,1,15.0,85.0,12.05,2.974943,83.94,0.0
2023-04-19,2023-04,0,0.0,100.0,0.0,0.0,83.94,0.0
2023-04-20,2023-04,0,0.0,100.0,0.0,0.0,83.94,0.0
2023-04-21,2023-04,1,1.13,98.87,1.0,0.026497,84.94,0.0
2023-04-22,2023-04,0,0.0,100.0,0.0,0.0,84.94,0.0
2023-04-23,2023-04,0,0.0,100.0,0.0,0.0,84.94,0.0
2023-04-24,2023-04,0,0.0,100.0,0.0,0.0,84.94,0.0
2023-04-25,2023-04,1,0.65,99.35,-0.65,-0.000179,84.29,0.65
2023-04-26,2023-04,0,0.0,100.0,0.0,0.0,84.29,0.65
2023-04-27,2023-04,0,0.0,100.0,0.0,0.0,84.29,0.65
2023-04-28,2023-04,0,0.0,100.0,0.0,0.0,84.29,0.65
2023-04-29,2023-04,1,7.53,92.47,-7.53,0.953053,76.76,8.18
2023-04-30,2023-04,1,0.9,99.1,2.2,0.056195,78.96,5.98
2023-05-01,2023-05,0,0.0,100.0,0.0,0.0,78.96,5.98
2023-05-02,2023-05,0,0.0,100.0,0.0,0.0,78.96,5.98
2023-05-03,2023-05,0,0.0,100.0,0.0,0.0,78.96,5.98
2023-05-04,2023-05,0,0.0,100.0,0.0,0.0,78.96,5.98
2023-05-05,2023-05,0,0.0,100.0,0.0,0.0,78.96,5.98
2023-05-06,2023-05,1,4.05,95.95,-4.05,0.583851,74.91,10.03
2023-05-07,2023-05,0,0.0,100.0,0.0,0.0,74.91,10.03
2023-05-08,2023-05,1,1.1,98.9,-1.1,-0.181058,73.81,11.13
2023-05-09,2023-05,0,0.0,100.0,0.0,0.0,73.81,11.13
2023-05-10,2023-05,0,0.0,100.0,0.0,0.0,73.81,11.13
2023-05-11,2023-05,0,0.0,100.0,0.0,0.0,73.81,11.13
2023-05-12,2023-05,0,0.0,100.0,0.0,0.0,73.81,11.13
2023-05-13,2023-05,1,8.54,91.46,10.88,0.838267,84.69,0.25
2023-05-14,2023-05,0,0.0,100.0,0.0,0.0,84.69,0.25
2023-05-15,2023-05,0,0.0,100.0,0.0,0.0,84.69,0.25
2023-05-16,2023-05,0,0.0,100.0,0.0,0.0,84.69,0.25
2023-05-17,2023-05,0,0.0,100.0,0.0,0.0,84.69,0.25
2023-05-18,2023-05,0,0.0,100.0,0.0,0.0,84.69,0.25
2023-05-19,2023-05,0,0.0,100.0,0.0,0.0,84.69,0.25
2023-05-20,2023-05,0,0.0,100.0,0.0,0.0,84.69,0.25
2023-05-21,2023-05,0,0.0,100.0,0.0,0.0,84.69,0.25
2023-05-22,2023-05,0,0.0,100.0,0.0,0.0,84.69,0.25
2023-05-23,2023-05,0,0.0,100.0,0.0,0.0,84.69,0.25
2023-05-24,2023-05,0,0.0,100.0,0.0,0.0,84.69,0.25
2023-05-25,2023-05,0,0.0,100.0,0.0,0.0,84.69,0.25
2023-05-26,2023-05,0,0.0,100.0,0.0,0.0,84.69,0.25
2023-05-27,2023-05,0,0.0,100.0,0.0,0.0,84.69,0.25
2023-05-28,2023-05,0,0.0,100.0,0.0,0.0,84.69,0.25
2023-05-29,2023-05,0,0.0,100.0,0.0,0.0,84.69,0.25
2023-05-30,2023-05,0,0.0,100.0,0.0,0.0,84.69,0.25
2023-05-31,2023-05,0,0.0,100.0,0.0,0.0,84.69,0.25
2023-06-01,2023-06,0,0.0,100.0,0.0,0.0,84.69,0.25
2023-06-02,2023-06,0,0.0,100.0,0.0,0.0,84.69,0.25
2023-06-03,2023-06,0,0.0,100.0,0.0,0.0,84.69,0.25
2023-06-04,2023-06,0,0.0,100.0,0.0,0.0,84.69,0.25
2023-06-05,2023-06,0,0.0,100.0,0.0,0.0,84.69,0.25
2023-06-06,2023-06,0,0.0,100.0,0.0,0.0,84.69,0.25
2023-06-07,2023-06,0,0.0,100.0,0.0,0.0,84.69,0.25
2023-06-08,2023-06,0,0.0,100.0,0.0,0.0,84.69,0.25
2023-06-09,2023-06,0,0.0,100.0,0.0,0.0,84.69,0.25
2023-06-10,2023-06,0,0.0,100.0,0.0,0.0,84.69,0.25
2023-06-11,2023-06,0,0.0,100.0,0.0,0.0,84.69,0.25
2023-06-12,2023-06,0,0.0,100.0,0.0,0.0,84.69,0.25
2023-06-13,2023-06,0,0.0,100.0,0.0,0.0,84.69,0.25
2023-06-14,2023-06,0,0.0,100.0,0.0,0.0,84.69,0.25
2023-06-15,2023-06,0,0.0,100.0,0.0,0.0,84.69,0.25
2023-06-16,2023-06,0,0.0,100.0,0.0,0.0,84.69,0.25
2023-06-17,2023-06,0,0.0,100.0,0.0,0.0,84.69,0.25
2023-06-18,2023-06,0,0.0,100.0,0.0,0.0,84.69,0.25
2023-06-19,2023-06,0,0.0,100.0,0.0,0.0,84.69,0.25
2023-06-20,2023-06,0,0.0,100.0,0.0,0.0,84.69,0.25
2023-06-21,2023-06,0,0.0,100.0,0.0,0.0,84.69,0.25
2023-06-22,2023-06,0,0.0,100.0,0.0,0.0,84.69,0.25
2023-06-23,2023-06,0,0.0,100.0,0.0,0.0,84.69,0.25
2023-06-24,2023-06,0,0.0,100.0,0.0,0.0,84.69,0.25
2023-06-25,2023-06,0,0.0,100.0,0.0,0.0,84.69,0.25
2023-06-26,2023-06,0,0.0,100.0,0.0,0.0,84.69,0.25
2023-06-27,2023-06,0,0.0,100.0,0.0,0.0,84.69,0.25
2023-06-28,2023-06,0,0.0,100.0,0.0,0.0,84.69,0.25
2023-06-29,2023-06,0,0.0,100.0,0.0,0.0,84.69,0.25
2023-06-30,2023-06,0,0.0,100.0,0.0,0.0,84.69,0.25
2023-07-01,2023-07,0,0.0,100.0,0.0,0.0,84.69,0.25
2023-07-02,2023-07,0,0.0,100.0,0.0,0.0,84.69,0.25
2023-07-03,2023-07,0,0.0,100.0,0.0,0.0,84.69,0.25
2023-07-04,2023-07,0,0.0,100.0,0.0,0.0,84.69,0.25
2023-07-05,2023-07,0,0.0,100.0,0.0,0.0,84.69,0.25
2023-07-06,2023-07,0,0.0,100.0,0.0,0.0,84.69,0.25
2023-07-07,2023-07,0,0.0,100.0,0.0,0.0,84.69,0.25
2023-07-08,2023-07,0,0.0,100.0,0.0,0.0,84.69,0.25
2023-07-09,2023-07,0,0.0,100.0,0.0,0.0,84.69,0.25
2023-07-10,2023-07,0,0.0,100.0,0.0,0.0,84.69,0.25
2023-07-11,2023-07,0,0.0,100.0,0.0,0.0,84.69,0.25
2023-07-12,2023-07,0,0.0,100.0,0.0,0.0,84.69,0.25
2023-07-13,2023-07,0,0.0,100.0,0.0,0.0,84.69,0.25
2023-07-14,2023-07,0,0.0,100.0,0.0,0.0,84.69,0.25
2023-07-15,2023-07,0,0.0,100.0,0.0,0.0,84.69,0.25
2023-07-16,2023-07,0,0.0,100.0,0.0,0.0,84.69,0.25
2023-07-17,2023-07,0,0.0,100.0,0.0,0.0,84.69,0.25
2023-07-18,2023-07,0,0.0,100.0,0.0,0.0,84.69,0.25
2023-07-19,2023-07,0,0.0,100.0,0.0,0.0,84.69,0.25
2023-07-20,2023-07,0,0.0,100.0,0.0,0.0,84.69,0.25
2023-07-21,2023-07,0,0.0,100.0,0.0,0.0,84.69,0.25
2023-07-22,2023-07,0,0.0,100.0,0.0,0.0,84.69,0.25
2023-07-23,2023-07,0,0.0,100.0,0.0,0.0,84.69,0.25
2023-07-24,2023-07,0,0.0,100.0,0.0,0.0,84.69,0.25
2023-07-25,2023-07,0,0.0,100.0,0.0,0.0,84.69,0.25
2023-07-26,2023-07,0,0.0,100.0,0.0,0.0,84.69,0.25
2023-07-27,2023-07,0,0.0,100.0,0.0,0.0,84.69,0.25
2023-07-28,2023-07,0,0.0,100.0,0.0,0.0,84.69,0.25
2023-07-29,2023-07,0,0.0,100.0,0.0,0.0,84.69,0.25
2023-07-30,2023-07,0,0.0,100.0,0.0,0.0,84.69,0.25
2023-07-31,2023-07,0,0.0,100.0,0.0,0.0,84.69,0.25
2023-08-01,2023-08,0,0.0,100.0,0.0,0.0,84.69,0.25
2023-08-02,2023-08,0,0.0,100.0,0.0,0.0,84.69,0.25
2023-08-03,2023-08,0,0.0,100.0,0.0,0.0,84.69,0.25
2023-08-04,2023-08,0,0.0,100.0,0.0,0.0,84.69,0.25
2023-08-05,2023-08,0,0.0,100.0,0.0,0.0,84.69,0.25
2023-08-06,2023-08,0,0.0,100.0,0.0,0.0,84.69,0.25
2023-08-07,2023-08,0,0.0,100.0,0.0,0.0,84.69,0.25
2023-08-08,2023-08,0,0.0,100.0,0.0,0.0,84.69,0.25
2023-08-09,2023-08,0,0.0,100.0,0.0,0.0,84.69,0.25
2023-08-10,2023-08,0,0.0,100.0,0.0,0.0,84.69,0.25
2023-08-11,2023-08,0,0.0,100.0,0.0,0.0,84.69,0.25
2023-08-12,2023-08,0,0.0,100.0,0.0,0.0,84.69,0.25
2023-08-13,2023-08,0,0.0,100.0,0.0,0.0,84.69,0.25
2023-08-14,2023-08,0,0.0,100.0,0.0,0.0,84.69,0.25
2023-08-15,2023-08,0,0.0,100.0,0.0,0.0,84.69,0.25
2023-08-16,2023-08,0,0.0,100.0,0.0,0.0,84.69,0.25
2023-08-17,2023-08,0,0.0,100.0,0.0,0.0,84.69,0.25
2023-08-18,2023-08,0,0.0,100.0,0.0,0.0,84.69,0.25
2023-08-19,2023-08,0,0.0,100.0,0.0,0.0,84.69,0.25
2023-08-20,2023-08,0,0.0,100.0,0.0,0.0,84.69,0.25
2023-08-21,2023-08,0,0.0,100.0,0.0,0.0,84.69,0.25
2023-08-22,2023-08,0,0.0,100.0,0.0,0.0,84.69,0.25
2023-08-23,2023-08,0,0.0,100.0,0.0,0.0,84.69,0.25
2023-08-24,2023-08,0,0.0,100.0,0.0,0.0,84.69,0.25
2023-08-25,2023-08,0,0.0,100.0,0.0,0.0,84.69,0.25
2023-08-26,2023-08,0,0.0,100.0,0.0,0.0,84.69,0.25
2023-08-27,2023-08,0,0.0,100.0,0.0,0.0,84.69,0.25
2023-08-28,2023-08,0,0.0,100.0,0.0,0.0,84.69,0.25
2023-08-29,2023-08,0,0.0,100.0,0.0,0.0,84.69,0.25
2023-08-30,2023-08,1,0.36,99.64,0.88,0.063392,85.57,0.0
2023-08-31,2023-08,0,0.0,100.0,0.0,0.0,85.57,0.0
2023-09-01,2023-09,0,0.0,100.0,0.0,0.0,85.57,0.0
2023-09-02,2023-09,0,0.0,100.0,0.0,0.0,85.57,0.0
2023-09-03,2023-09,0,0.0,100.0,0.0,0.0,85.57,0.0
2023-09-04,2023-09,0,0.0,100.0,0.0,0.0,85.57,0.0
2023-09-05,2023-09,0,0.0,100.0,0.0,0.0,85.57,0.0
2023-09-06,2023-09,0,0.0,100.0,0.0,0.0,85.57,0.0
2023-09-07,2023-09,0,0.0,100.0,0.0,0.0,85.57,0.0
2023-09-08,2023-09,0,0.0,100.0,0.0,0.0,85.57,0.0
2023-09-09,2023-09,0,0.0,100.0,0.0,0.0,85.57,0.0
2023-09-10,2023-09,0,0.0,100.0,0.0,0.0,85.57,0.0
2023-09-11,2023-09,0,0.0,100.0,0.0,0.0,85.57,0.0
2023-09-12,2023-09,0,0.0,100.0,0.0,0.0,85.57,0.0
2023-09-13,2023-09,0,0.0,100.0,0.0,0.0,85.57,0.0
2023-09-14,2023-09,0,0.0,100.0,0.0,0.0,85.57,0.0
2023-09-15,2023-09,0,0.0,100.0,0.0,0.0,85.57,0.0
2023-09-16,2023-09,0,0.0,100.0,0.0,0.0,85.57,0.0
2023-09-17,2023-09,0,0.0,100.0,0.0,0.0,85.57,0.0
2023-09-18,2023-09,0,0.0,100.0,0.0,0.0,85.57,0.0
2023-09-19,2023-09,0,0.0,100.0,0.0,0.0,85.57,0.0
2023-09-20,2023-09,0,0.0,100.0,0.0,0.0,85.57,0.0
2023-09-21,2023-09,0,0.0,100.0,0.0,0.0,85.57,0.0
2023-09-22,2023-09,0,0.0,100.0,0.0,0.0,85.57,0.0
2023-09-23,2023-09,0,0.0,100.0,0.0,0.0,85.57,0.0
2023-09-24,2023-09,0,0.0,100.0,0.0,0.0,85.57,0.0
2023-09-25,2023-09,0,0.0,100.0,0.0,0.0,85.57,0.0
2023-09-26,2023-09,0,0.0,100.0,0.0,0.0,85.57,0.0
2023-09-27,2023-09,0,0.0,100.0,0.0,0.0,85.57,0.0
2023-09-28,2023-09,0,0.0,100.0,0.0,0.0,85.57,0.0
2023-09-29,2023-09,0,0.0,100.0,0.0,0.0,85.57,0.0
2023-09-30,2023-09,0,0.0,100.0,0.0,0.0,85.57,0.0
2023-10-01,2023-10,0,0.0,100.0,0.0,0.0,85.57,0.0
2023-10-02,2023-10,0,0.0,100.0,0.0,0.0,85.57,0.0
2023-10-03,2023-10,0,0.0,100.0,0.0,0.0,85.57,0.0
2023-10-04,2023-10,0,0.0,100.0,0.0,0.0,85.57,0.0
2023-10-05,2023-10,0,0.0,100.0,0.0,0.0,85.57,0.0
2023-10-06,2023-10,0,0.0,100.0,0.0,0.0,85.57,0.0
2023-10-07,2023-10,0,0.0,100.0,0.0,0.0,85.57,0.0
2023-10-08,2023-10,0,0.0,100.0,0.0,0.0,85.57,0.0
2023-10-09,2023-10,0,0.0,100.0,0.0,0.0,85.57,0.0
2023-10-10,2023-10,0,0.0,100.0,0.0,0.0,85.57,0.0
2023-10-11,2023-10,0,0.0,100.0,0.0,0.0,85.57,0.0
2023-10-12,2023-10,0,0.0,100.0,0.0,0.0,85.57,0.0
2023-10-13,2023-10,0,0.0,100.0,0.0,0.0,85.57,0.0
2023-10-14,2023-10,0,0.0,100.0,0.0,0.0,85.57,0.0
2023-10-15,2023-10,0,0.0,100.0,0.0,0.0,85.57,0.0
2023-10-16,2023-10,0,0.0,100.0,0.0,0.0,85.57,0.0
2023-10-17,2023-10,0,0.0,100.0,0.0,0.0,85.57,0.0
2023-10-18,2023-10,0,0.0,100.0,0.0,0.0,85.57,0.0
2023-10-19,2023-10,0,0.0,100.0,0.0,0.0,85.57,0.0
2023-10-20,2023-10,0,0.0,100.0,0.0,0.0,85.57,0.0
2023-10-21,2023-10,1,1.55,98.45,1.0,0.072958,86.57,0.0
2023-10-22,2023-10,0,0.0,100.0,0.0,0.0,86.57,0.0
2023-10-23,2023-10,0,0.0,100.0,0.0,0.0,86.57,0.0
2023-10-24,2023-10,0,0.0,100.0,0.0,0.0,86.57,0.0
2023-10-25,2023-10,0,0.0,100.0,0.0,0.0,86.57,0.0
2023-10-26,2023-10,0,0.0,100.0,0.0,0.0,86.57,0.0
2023-10-27,2023-10,0,0.0,100.0,0.0,0.0,86.57,0.0
2023-10-28,2023-10,0,0.0,100.0,0.0,0.0,86.57,0.0
2023-10-29,2023-10,0,0.0,100.0,0.0,0.0,86.57,0.0
2023-10-30,2023-10,0,0.0,100.0,0.0,0.0,86.57,0.0
2023-10-31,2023-10,0,0.0,100.0,0.0,0.0,86.57,0.0
2023-11-01,2023-11,0,0.0,100.0,0.0,0.0,86.57,0.0
2023-11-02,2023-11,0,0.0,100.0,0.0,0.0,86.57,0.0
2023-11-03,2023-11,0,0.0,100.0,0.0,0.0,86.57,0.0
2023-11-04,2023-11,0,0.0,100.0,0.0,0.0,86.57,0.0
2023-11-05,2023-11,0,0.0,100.0,0.0,0.0,86.57,0.0
2023-11-06,2023-11,0,0.0,100.0,0.0,0.0,86.57,0.0
2023-11-07,2023-11,0,0.0,100.0,0.0,0.0,86.57,0.0
2023-11-08,2023-11,0,0.0,100.0,0.0,0.0,86.57,0.0
2023-11-09,2023-11,0,0.0,100.0,0.0,0.0,86.57,0.0
2023-11-10,2023-11,0,0.0,100.0,0.0,0.0,86.57,0.0
2023-11-11,2023-11,0,0.0,100.0,0.0,0.0,86.57,0.0
2023-11-12,2023-11,0,0.0,100.0,0.0,0.0,86.57,0.0
2023-11-13,2023-11,0,0.0,100.0,0.0,0.0,86.57,0.0
2023-11-14,2023-11,0,0.0,100.0,0.0,0.0,86.57,0.0
2023-11-15,2023-11,0,0.0,100.0,0.0,0.0,86.57,0.0
2023-11-16,2023-11,0,0.0,100.0,0.0,0.0,86.57,0.0
2023-11-17,2023-11,0,0.0,100.0,0.0,0.0,86.57,0.0
2023-11-18,2023-11,0,0.0,100.0,0.0,0.0,86.57,0.0
2023-11-19,2023-11,0,0.0,100.0,0.0,0.0,86.57,0.0
2023-11-20,2023-11,0,0.0,100.0,0.0,0.0,86.57,0.0
2023-11-21,2023-11,0,0.0,100.0,0.0,0.0,86.57,0.0
2023-11-22,2023-11,0,0.0,100.0,0.0,0.0,86.57,0.0
2023-11-23,2023-11,0,0.0,100.0,0.0,0.0,86.57,0.0
2023-11-24,2023-11,0,0.0,100.0,0.0,0.0,86.57,0.0
2023-11-25,2023-11,0,0.0,100.0,0.0,0.0,86.57,0.0
2023-11-26,2023-11,0,0.0,100.0,0.0,0.0,86.57,0.0
2023-11-27,2023-11,0,0.0,100.0,0.0,0.0,86.57,0.0
2023-11-28,2023-11,0,0.0,100.0,0.0,0.0,86.57,0.0
2023-11-29,2023-11,0,0.0,100.0,0.0,0.0,86.57,0.0
2023-11-30,2023-11,0,0.0,100.0,0.0,0.0,86.57,0.0
2023-12-01,2023-12,0,0.0,100.0,0.0,0.0,86.57,0.0
2023-12-02,2023-12,0,0.0,100.0,0.0,0.0,86.57,0.0
2023-12-03,2023-12,0,0.0,100.0,0.0,0.0,86.57,0.0
2023-12-04,2023-12,0,0.0,100.0,0.0,0.0,86.57,0.0
2023-12-05,2023-12,0,0.0,100.0,0.0,0.0,86.57,0.0
2023-12-06,2023-12,0,0.0,100.0,0.0,0.0,86.57,0.0
2023-12-07,2023-12,0,0.0,100.0,0.0,0.0,86.57,0.0
2023-12-08,2023-12,0,0.0,100.0,0.0,0.0,86.57,0.0
2023-12-09,2023-12,0,0.0,100.0,0.0,0.0,86.57,0.0
2023-12-10,2023-12,0,0.0,100.0,0.0,0.0,86.57,0.0
2023-12-11,2023-12,0,0.0,100.0,0.0,0.0,86.57,0.0
2023-12-12,2023-12,0,0.0,100.0,0.0,0.0,86.57,0.0
2023-12-13,2023-12,0,0.0,100.0,0.0,0.0,86.57,0.0
2023-12-14,2023-12,0,0.0,100.0,0.0,0.0,86.57,0.0
2023-12-15,2023-12,0,0.0,100.0,0.0,0.0,86.57,0.0
2023-12-16,2023-12,0,0.0,100.0,0.0,0.0,86.57,0.0
2023-12-17,2023-12,1,1.17,98.83,-1.17,-0.078489,85.4,1.17
2023-12-18,2023-12,0,0.0,100.0,0.0,0.0,85.4,1.17
2023-12-19,2023-12,0,0.0,100.0,0.0,0.0,85.4,1.17
2023-12-20,2023-12,0,0.0,100.0,0.0,0.0,85.4,1.17
2023-12-21,2023-12,0,0.0,100.0,0.0,0.0,85.4,1.17
2023-12-22,2023-12,0,0.0,100.0,0.0,0.0,85.4,1.17
2023-12-23,2023-12,0,0.0,100.0,0.0,0.0,85.4,1.17
2023-12-24,2023-12,0,0.0,100.0,0.0,0.0,85.4,1.17
2023-12-25,2023-12,0,0.0,100.0,0.0,0.0,85.4,1.17
2023-12-26,2023-12,0,0.0,100.0,0.0,0.0,85.4,1.17
2023-12-27,2023-12,0,0.0,100.0,0.0,0.0,85.4,1.17
2023-12-28,2023-12,0,0.0,100.0,0.0,0.0,85.4,1.17
2023-12-29,2023-12,0,0.0,100.0,0.0,0.0,85.4,1.17
2023-12-30,2023-12,0,0.0,100.0,0.0,0.0,85.4,1.17
2023-12-31,2023-12,0,0.0,100.0,0.0,0.0,85.4,1.17
2024-01-01,2024-01,0,0.0,100.0,0.0,0.0,85.4,1.17
2024-01-02,2024-01,0,0.0,100.0,0.0,0.0,85.4,1.17
2024-01-03,2024-01,0,0.0,100.0,0.0,0.0,85.4,1.17
2024-01-04,2024-01,0,0.0,100.0,0.0,0.0,85.4,1.17
2024-01-05,2024-01,0,0.0,100.0,0.0,0.0,85.4,1.17
2024-01-06,2024-01,0,0.0,100.0,0.0,0.0,85.4,1.17
2024-01-07,2024-01,0,0.0,100.0,0.0,0.0,85.4,1.17
2024-01-08,2024-01,0,0.0,100.0,0.0,0.0,85.4,1.17
2024-01-09,2024-01,0,0.0,100.0,0.0,0.0,85.4,1.17
2024-01-10,2024-01,0,0.0,100.0,0.0,0.0,85.4,1.17
2024-01-11,2024-01,0,0.0,100.0,0.0,0.0,85.4,1.17
2024-01-12,2024-01,0,0.0,100.0,0.0,0.0,85.4,1.17
2024-01-13,2024-01,0,0.0,100.0,0.0,0.0,85.4,1.17
2024-01-14,2024-01,0,0.0,100.0,0.0,0.0,85.4,1.17
2024-01-15,2024-01,0,0.0,100.0,0.0,0.0,85.4,1.17
2024-01-16,2024-01,0,0.0,100.0,0.0,0.0,85.4,1.17
2024-01-17,2024-01,0,0.0,100.0,0.0,0.0,85.4,1.17
2024-01-18,2024-01,0,0.0,100.0,0.0,0.0,85.4,1.17
2024-01-19,2024-01,0,0.0,100.0,0.0,0.0,85.4,1.17
2024-01-20,2024-01,0,0.0,100.0,0.0,0.0,85.4,1.17
2024-01-21,2024-01,0,0.0,100.0,0.0,0.0,85.4,1.17
2024-01-22,2024-01,0,0.0,100.0,0.0,0.0,85.4,1.17
2024-01-23,2024-01,0,0.0,100.0,0.0,0.0,85.4,1.17
2024-01-24,2024-01,0,0.0,100.0,0.0,0.0,85.4,1.17
2024-01-25,2024-01,0,0.0,100.0,0.0,0.0,85.4,1.17
2024-01-26,2024-01,0,0.0,100.0,0.0,0.0,85.4,1.17
2024-01-27,2024-01,0,0.0,100.0,0.0,0.0,85.4,1.17
2024-01-28,2024-01,0,0.0,100.0,0.0,0.0,85.4,1.17
2024-01-29,2024-01,0,0.0,100.0,0.0,0.0,85.4,1.17
2024-01-30,2024-01,0,0.0,100.0,0.0,0.0,85.4,1.17
2024-01-31,2024-01,0,0.0,100.0,0.0,0.0,85.4,1.17
2024-02-01,2024-02,0,0.0,100.0,0.0,0.0,85.4,1.17
2024-02-02,2024-02,0,0.0,100.0,0.0,0.0,85.4,1.17
2024-02-03,2024-02,1,0.3,99.7,0.94,0.073788,86.34,0.23
2024-02-04,2024-02,0,0.0,100.0,0.0,0.0,86.34,0.23
2024-02-05,2024-02,0,0.0,100.0,0.0,0.0,86.34,0.23
2024-02-06,2024-02,0,0.0,100.0,0.0,0.0,86.34,0.23
2024-02-07,2024-02,0,0.0,100.0,0.0,0.0,86.34,0.23
2024-02-08,2024-02,0,0.0,100.0,0.0,0.0,86.34,0.23
2024-02-09,2024-02,0,0.0,100.0,0.0,0.0,86.34,0.23
2024-02-10,2024-02,0,0.0,100.0,0.0,0.0,86.34,0.23
2024-02-11,2024-02,0,0.0,100.0,0.0,0.0,86.34,0.23
2024-02-12,2024-02,0,0.0,100.0,0.0,0.0,86.34,0.23
2024-02-13,2024-02,0,0.0,100.0,0.0,0.0,86.34,0.23
2024-02-14,2024-02,0,0.0,100.0,0.0,0.0,86.34,0.23
2024-02-15,2024-02,0,0.0,100.0,0.0,0.0,86.34,0.23
2024-02-16,2024-02,0,0.0,100.0,0.0,0.0,86.34,0.23
2024-02-17,2024-02,1,0.22,99.78,0.65,-0.007894,86.99,0.0
2024-02-18,2024-02,0,0.0,100.0,0.0,0.0,86.99,0.0
2024-02-19,2024-02,0,0.0,100.0,0.0,0.0,86.99,0.0
2024-02-20,2024-02,0,0.0,100.0,0.0,0.0,86.99,0.0
2024-02-21,2024-02,0,0.0,100.0,0.0,0.0,86.99,0.0
2024-02-22,2024-02,0,0.0,100.0,0.0,0.0,86.99,0.0
2024-02-23,2024-02,0,0.0,100.0,0.0,0.0,86.99,0.0
2024-02-24,2024-02,0,0.0,100.0,0.0,0.0,86.99,0.0
2024-02-25,2024-02,0,0.0,100.0,0.0,0.0,86.99,0.0
2024-02-26,2024-02,0,0.0,100.0,0.0,0.0,86.99,0.0
2024-02-27,2024-02,0,0.0,100.0,0.0,0.0,86.99,0.0
2024-02-28,2024-02,0,0.0,100.0,0.0,0.0,86.99,0.0
2024-02-29,2024-02,0,0.0,100.0,0.0,0.0,86.99,0.0
2024-03-01,2024-03,0,0.0,100.0,0.0,0.0,86.99,0.0
2024-03-02,2024-03,0,0.0,100.0,0.0,0.0,86.99,0.0
2024-03-03,2024-03,0,0.0,100.0,0.0,0.0,86.99,0.0
2024-03-04,2024-03,0,0.0,100.0,0.0,0.0,86.99,0.0
2024-03-05,2024-03,0,0.0,100.0,0.0,0.0,86.99,0.0
2024-03-06,2024-03,0,0.0,100.0,0.0,0.0,86.99,0.0
2024-03-07,2024-03,0,0.0,100.0,0.0,0.0,86.99,0.0
2024-03-08,2024-03,0,0.0,100.0,0.0,0.0,86.99,0.0
2024-03-09,2024-03,0,0.0,100.0,0.0,0.0,86.99,0.0
2024-03-10,2024-03,0,0.0,100.0,0.0,0.0,86.99,0.0
2024-03-11,2024-03,0,0.0,100.0,0.0,0.0,86.99,0.0
2024-03-12,2024-03,1,0.18,99.82,0.56,0.012981,87.55,0.0
2024-03-13,2024-03,0,0.0,100.0,0.0,0.0,87.55,0.0
2024-03-14,2024-03,0,0.0,100.0,0.0,0.0,87.55,0.0
2024-03-15,2024-03,0,0.0,100.0,0.0,0.0,87.55,0.0
2024-03-16,2024-03,0,0.0,100.0,0.0,0.0,87.55,0.0
2024-03-17,2024-03,0,0.0,100.0,0.0,0.0,87.55,0.0
2024-03-18,2024-03,0,0.0,100.0,0.0,0.0,87.55,0.0
2024-03-19,2024-03,0,0.0,100.0,0.0,0.0,87.55,0.0
2024-03-20,2024-03,0,0.0,100.0,0.0,0.0,87.55,0.0
2024-03-21,2024-03,0,0.0,100.0,0.0,0.0,87.55,0.0
2024-03-22,2024-03,0,0.0,100.0,0.0,0.0,87.55,0.0
2024-03-23,2024-03,0,0.0,100.0,0.0,0.0,87.55,0.0
2024-03-24,2024-03,0,0.0,100.0,0.0,0.0,87.55,0.0
2024-03-25,2024-03,0,0.0,100.0,0.0,0.0,87.55,0.0
2024-03-26,2024-03,0,0.0,100.0,0.0,0.0,87.55,0.0
2024-03-27,2024-03,0,0.0,100.0,0.0,0.0,87.55,0.0
2024-03-28,2024-03,0,0.0,100.0,0.0,0.0,87.55,0.0
2024-03-29,2024-03,0,0.0,100.0,0.0,0.0,87.55,0.0
2024-03-30,2024-03,0,0.0,100.0,0.0,0.0,87.55,0.0
2024-03-31,2024-03,0,0.0,100.0,0.0,0.0,87.55,0.0
2024-04-01,2024-04,0,0.0,100.0,0.0,0.0,87.55,0.0
2024-04-02,2024-04,0,0.0,100.0,0.0,0.0,87.55,0.0
2024-04-03,2024-04,0,0.0,100.0,0.0,0.0,87.55,0.0
2024-04-04,2024-04,0,0.0,100.0,0.0,0.0,87.55,0.0
2024-04-05,2024-04,0,0.0,100.0,0.0,0.0,87.55,0.0
2024-04-06,2024-04,0,0.0,100.0,0.0,0.0,87.55,0.0
2024-04-07,2024-04,0,0.0,100.0,0.0,0.0,87.55,0.0
2024-04-08,2024-04,0,0.0,100.0,0.0,0.0,87.55,0.0
2024-04-09,2024-04,2,0.44,99.56,0.11,0.026241,87.66,0.0
2024-04-10,2024-04,0,0.0,100.0,0.0,0.0,87.66,0.0
2024-04-11,2024-04,0,0.0,100.0,0.0,0.0,87.66,0.0
2024-04-12,2024-04,0,0.0,100.0,0.0,0.0,87.66,0.0
2024-04-13,2024-04,0,0.0,100.0,0.0,0.0,87.66,0.0
2024-04-14,2024-04,0,0.0,100.0,0.0,0.0,87.66,0.0
2024-04-15,2024-04,0,0.0,100.0,0.0,0.0,87.66,0.0
2024-04-16,2024-04,0,0.0,100.0,0.0,0.0,87.66,0.0
2024-04-17,2024-04,0,0.0,100.0,0.0,0.0,87.66,0.0
2024-04-18,2024-04,0,0.0,100.0,0.0,0.0,87.66,0.0
2024-04-19,2024-04,0,0.0,100.0,0.0,0.0,87.66,0.0
2024-04-20,2024-04,0,0.0,100.0,0.0,0.0,87.66,0.0
2024-04-21,2024-04,0,0.0,100.0,0.0,0.0,87.66,0.0
2024-04-22,2024-04,0,0.0,100.0,0.0,0.0,87.66,0.0
2024-04-23,2024-04,0,0.0,100.0,0.0,0.0,87.66,0.0
2024-04-24,2024-04,0,0.0,100.0,0.0,0.0,87.66,0.0
2024-04-25,2024-04,0,0.0,100.0,0.0,0.0,87.66,0.0
2024-04-26,2024-04,0,0.0,100.0,0.0,0.0,87.66,0.0
2024-04-27,2024-04,0,0.0,100.0,0.0,0.0,87.66,0.0
2024-04-28,2024-04,0,0.0,100.0,0.0,0.0,87.66,0.0
2024-04-29,2024-04,0,0.0,100.0,0.0,0.0,87.66,0.0
2024-04-30,2024-04,0,0.0,100.0,0.0,0.0,87.66,0.0
2024-05-01,2024-05,0,0.0,100.0,0.0,0.0,87.66,0.0
2024-05-02,2024-05,0,0.0,100.0,0.0,0.0,87.66,0.0
2024-05-03,2024-05,0,0.0,100.0,0.0,0.0,87.66,0.0
2024-05-04,2024-05,0,0.0,100.0,0.0,0.0,87.66,0.0
2024-05-05,2024-05,1,0.18,99.82,-0.18,0.003171,87.48,0.18
2024-05-06,2024-05,0,0.0,100.0,0.0,0.0,87.48,0.18
2024-05-07,2024-05,0,0.0,100.0,0.0,0.0,87.48,0.18
2024-05-08,2024-05,0,0.0,100.0,0.0,0.0,87.48,0.18
2024-05-09,2024-05,0,0.0,100.0,0.0,0.0,87.48,0.18
2024-05-10,2024-05,0,0.0,100.0,0.0,0.0,87.48,0.18
2024-05-11,2024-05,0,0.0,100.0,0.0,0.0,87.48,0.18
2024-05-12,2024-05,0,0.0,100.0,0.0,0.0,87.48,0.18
2024-05-13,2024-05,0,0.0,100.0,0.0,0.0,87.48,0.18
2024-05-14,2024-05,0,0.0,100.0,0.0,0.0,87.48,0.18
2024-05-15,2024-05,0,0.0,100.0,0.0,0.0,87.48,0.18
2024-05-16,2024-05,0,0.0,100.0,0.0,0.0,87.48,0.18
2024-05-17,2024-05,0,0.0,100.0,0.0,0.0,87.48,0.18
2024-05-18,2024-05,1,0.62,99.38,1.15,0.048215,88.63,0.0
2024-05-19,2024-05,0,0.0,100.0,0.0,0.0,88.63,0.0
2024-05-20,2024-05,0,0.0,100.0,0.0,0.0,88.63,0.0
2024-05-21,2024-05,0,0.0,100.0,0.0,0.0,88.63,0.0
2024-05-22,2024-05,0,0.0,100.0,0.0,0.0,88.63,0.0
2024-05-23,2024-05,0,0.0,100.0,0.0,0.0,88.63,0.0
2024-05-24,2024-05,0,0.0,100.0,0.0,0.0,88.63,0.0
2024-05-25,2024-05,0,0.0,100.0,0.0,0.0,88.63,0.0
2024-05-26,2024-05,0,0.0,100.0,0.0,0.0,88.63,0.0
2024-05-27,2024-05,0,0.0,100.0,0.0,0.0,88.63,0.0
2024-05-28,2024-05,0,0.0,100.0,0.0,0.0,88.63,0.0
2024-05-29,2024-05,0,0.0,100.0,0.0,0.0,88.63,0.0
2024-05-30,2024-05,0,0.0,100.0,0.0,0.0,88.63,0.0
2024-05-31,2024-05,0,0.0,100.0,0.0,0.0,88.63,0.0
2024-06-01,2024-06,0,0.0,100.0,0.0,0.0,88.63,0.0
2024-06-02,2024-06,0,0.0,100.0,0.0,0.0,88.63,0.0
2024-06-03,2024-06,0,0.0,100.0,0.0,0.0,88.63,0.0
2024-06-04,2024-06,0,0.0,100.0,0.0,0.0,88.63,0.0
2024-06-05,2024-06,0,0.0,100.0,0.0,0.0,88.63,0.0
2024-06-06,2024-06,0,0.0,100.0,0.0,0.0,88.63,0.0
2024-06-07,2024-06,0,0.0,100.0,0.0,0.0,88.63,0.0
2024-06-08,2024-06,0,0.0,100.0,0.0,0.0,88.63,0.0
2024-06-09,2024-06,0,0.0,100.0,0.0,0.0,88.63,0.0
2024-06-10,2024-06,0,0.0,100.0,0.0,0.0,88.63,0.0
2024-06-11,2024-06,0,0.0,100.0,0.0,0.0,88.63,0.0
2024-06-12,2024-06,0,0.0,100.0,0.0,0.0,88.63,0.0
2024-06-13,2024-06,0,0.0,100.0,0.0,0.0,88.63,0.0
2024-06-14,2024-06,0,0.0,100.0,0.0,0.0,88.63,0.0
2024-06-15,2024-06,0,0.0,100.0,0.0,0.0,88.63,0.0
2024-06-16,2024-06,0,0.0,100.0,0.0,0.0,88.63,0.0
2024-06-17,2024-06,0,0.0,100.0,0.0,0.0,88.63,0.0
2024-06-18,2024-06,0,0.0,100.0,0.0,0.0,88.63,0.0
2024-06-19,2024-06,0,0.0,100.0,0.0,0.0,88.63,0.0
2024-06-20,2024-06,0,0.0,100.0,0.0,0.0,88.63,0.0
2024-06-21,2024-06,0,0.0,100.0,0.0,0.0,88.63,0.0
2024-06-22,2024-06,0,0.0,100.0,0.0,0.0,88.63,0.0
2024-06-23,2024-06,0,0.0,100.0,0.0,0.0,88.63,0.0
2024-06-24,2024-06,0,0.0,100.0,0.0,0.0,88.63,0.0
2024-06-25,2024-06,0,0.0,100.0,0.0,0.0,88.63,0.0
2024-06-26,2024-06,0,0.0,100.0,0.0,0.0,88.63,0.0
2024-06-27,2024-06,0,0.0,100.0,0.0,0.0,88.63,0.0
2024-06-28,2024-06,0,0.0,100.0,0.0,0.0,88.63,0.0
2024-06-29,2024-06,0,0.0,100.0,0.0,0.0,88.63,0.0
2024-06-30,2024-06,0,0.0,100.0,0.0,0.0,88.63,0.0
2024-07-01,2024-07,0,0.0,100.0,0.0,0.0,88.63,0.0
2024-07-02,2024-07,0,0.0,100.0,0.0,0.0,88.63,0.0
2024-07-03,2024-07,0,0.0,100.0,0.0,0.0,88.63,0.0
2024-07-04,2024-07,0,0.0,100.0,0.0,0.0,88.63,0.0
2024-07-05,2024-07,0,0.0,100.0,0.0,0.0,88.63,0.0
2024-07-06,2024-07,0,0.0,100.0,0.0,0.0,88.63,0.0
2024-07-07,2024-07,0,0.0,100.0,0.0,0.0,88.63,0.0
2024-07-08,2024-07,0,0.0,100.0,0.0,0.0,88.63,0.0
2024-07-09,2024-07,0,0.0,100.0,0.0,0.0,88.63,0.0
2024-07-10,2024-07,0,0.0,100.0,0.0,0.0,88.63,0.0
2024-07-11,2024-07,0,0.0,100.0,0.0,0.0,88.63,0.0
2024-07-12,2024-07,0,0.0,100.0,0.0,0.0,88.63,0.0
2024-07-13,2024-07,0,0.0,100.0,0.0,0.0,88.63,0.0
2024-07-14,2024-07,0,0.0,100.0,0.0,0.0,88.63,0.0
2024-07-15,2024-07,0,0.0,100.0,0.0,0.0,88.63,0.0
2024-07-16,2024-07,0,0.0,100.0,0.0,0.0,88.63,0.0
2024-07-17,2024-07,0,0.0,100.0,0.0,0.0,88.63,0.0
2024-07-18,2024-07,0,0.0,100.0,0.0,0.0,88.63,0.0
2024-07-19,2024-07,0,0.0,100.0,0.0,0.0,88.63,0.0
2024-07-20,2024-07,0,0.0,100.0,0.0,0.0,88.63,0.0
2024-07-21,2024-07,0,0.0,100.0,0.0,0.0,88.63,0.0
2024-07-22,2024-07,0,0.0,100.0,0.0,0.0,88.63,0.0
2024-07-23,2024-07,0,0.0,100.0,0.0,0.0,88.63,0.0
2024-07-24,2024-07,0,0.0,100.0,0.0,0.0,88.63,0.0
2024-07-25,2024-07,0,0.0,100.0,0.0,0.0,88.63,0.0
2024-07-26,2024-07,0,0.0,100.0,0.0,0.0,88.63,0.0
2024-07-27,2024-07,0,0.0,100.0,0.0,0.0,88.63,0.0
2024-07-28,2024-07,0,0.0,100.0,0.0,0.0,88.63,0.0
2024-07-29,2024-07,0,0.0,100.0,0.0,0.0,88.63,0.0
2024-07-30,2024-07,0,0.0,100.0,0.0,0.0,88.63,0.0
2024-07-31,2024-07,0,0.0,100.0,0.0,0.0,88.63,0.0
2024-08-01,2024-08,0,0.0,100.0,0.0,0.0,88.63,0.0
2024-08-02,2024-08,0,0.0,100.0,0.0,0.0,88.63,0.0
2024-08-03,2024-08,1,0.36,99.64,-0.36,0.064078,88.27,0.36
2024-08-04,2024-08,0,0.0,100.0,0.0,0.0,88.27,0.36
2024-08-05,2024-08,0,0.0,100.0,0.0,0.0,88.27,0.36
2024-08-06,2024-08,0,0.0,100.0,0.0,0.0,88.27,0.36
2024-08-07,2024-08,0,0.0,100.0,0.0,0.0,88.27,0.36
2024-08-08,2024-08,0,0.0,100.0,0.0,0.0,88.27,0.36
2024-08-09,2024-08,0,0.0,100.0,0.0,0.0,88.27,0.36
2024-08-10,2024-08,1,0.66,99.34,-0.66,-0.032397,87.61,1.02
2024-08-11,2024-08,1,0.42,99.58,1.18,0.119954,88.79,0.0
2024-08-12,2024-08,0,0.0,100.0,0.0,0.0,88.79,0.0
2024-08-13,2024-08,0,0.0,100.0,0.0,0.0,88.79,0.0
2024-08-14,2024-08,0,0.0,100.0,0.0,0.0,88.79,0.0
2024-08-15,2024-08,0,0.0,100.0,0.0,0.0,88.79,0.0
2024-08-16,2024-08,0,0.0,100.0,0.0,0.0,88.79,0.0
2024-08-17,2024-08,0,0.0,100.0,0.0,0.0,88.79,0.0
2024-08-18,2024-08,1,0.36,99.64,-0.36,0.010188,88.43,0.36
2024-08-19,2024-08,0,0.0,100.0,0.0,0.0,88.43,0.36
2024-08-20,2024-08,0,0.0,100.0,0.0,0.0,88.43,0.36
2024-08-21,2024-08,0,0.0,100.0,0.0,0.0,88.43,0.36
2024-08-22,2024-08,0,0.0,100.0,0.0,0.0,88.43,0.36
2024-08-23,2024-08,1,0.32,99.68,-0.32,-0.005931,88.11,0.68
2024-08-24,2024-08,1,0.34,99.66,0.78,0.03844,88.89,0.0
2024-08-25,2024-08,3,0.98,99.02,0.07,0.04988,88.96,0.0
2024-08-26,2024-08,0,0.0,100.0,0.0,0.0,88.96,0.0
2024-08-27,2024-08,2,1.44,98.56,-1.44,0.103447,87.52,1.44
2024-08-28,2024-08,0,0.0,100.0,0.0,0.0,87.52,1.44
2024-08-29,2024-08,0,0.0,100.0,0.0,0.0,87.52,1.44
2024-08-30,2024-08,0,0.0,100.0,0.0,0.0,87.52,1.44
2024-08-31,2024-08,3,1.07,98.93,-0.06,-0.040627,87.46,1.5
2024-09-01,2024-09,0,0.0,100.0,0.0,0.0,87.46,1.5
2024-09-02,2024-09,0,0.0,100.0,0.0,0.0,87.46,1.5
2024-09-03,2024-09,0,0.0,100.0,0.0,0.0,87.46,1.5
2024-09-04,2024-09,0,0.0,100.0,0.0,0.0,87.46,1.5
2024-09-05,2024-09,0,0.0,100.0,0.0,0.0,87.46,1.5
2024-09-06,2024-09,0,0.0,100.0,0.0,0.0,87.46,1.5
2024-09-07,2024-09,0,0.0,100.0,0.0,0.0,87.46,1.5
2024-09-08,2024-09,0,0.0,100.0,0.0,0.0,87.46,1.5
2024-09-09,2024-09,0,0.0,100.0,0.0,0.0,87.46,1.5
2024-09-10,2024-09,0,0.0,100.0,0.0,0.0,87.46,1.5
2024-09-11,2024-09,0,0.0,100.0,0.0,0.0,87.46,1.5
2024-09-12,2024-09,0,0.0,100.0,0.0,0.0,87.46,1.5
2024-09-13,2024-09,0,0.0,100.0,0.0,0.0,87.46,1.5
2024-09-14,2024-09,0,0.0,100.0,0.0,0.0,87.46,1.5
2024-09-15,2024-09,0,0.0,100.0,0.0,0.0,87.46,1.5
2024-09-16,2024-09,0,0.0,100.0,0.0,0.0,87.46,1.5
2024-09-17,2024-09,0,0.0,100.0,0.0,0.0,87.46,1.5
2024-09-18,2024-09,0,0.0,100.0,0.0,0.0,87.46,1.5
2024-09-19,2024-09,0,0.0,100.0,0.0,0.0,87.46,1.5
2024-09-20,2024-09,1,0.34,99.66,-0.34,0.020168,87.12,1.84
2024-09-21,2024-09,1,0.48,99.52,1.1,0.01615,88.22,0.74
2024-09-22,2024-09,2,0.76,99.24,0.4,0.021069,88.62,0.34
2024-09-23,2024-09,0,0.0,100.0,0.0,0.0,88.62,0.34
2024-09-24,2024-09,0,0.0,100.0,0.0,0.0,88.62,0.34
2024-09-25,2024-09,0,0.0,100.0,0.0,0.0,88.62,0.34
2024-09-26,2024-09,0,0.0,100.0,0.0,0.0,88.62,0.34
2024-09-27,2024-09,0,0.0,100.0,0.0,0.0,88.62,0.34
2024-09-28,2024-09,1,0.68,99.32,-0.68,0.106719,87.94,1.02
2024-09-29,2024-09,0,0.0,100.0,0.0,0.0,87.94,1.02
2024-09-30,2024-09,0,0.0,100.0,0.0,0.0,87.94,1.02
2024-10-01,2024-10,0,0.0,100.0,0.0,0.0,87.94,1.02
2024-10-02,2024-10,0,0.0,100.0,0.0,0.0,87.94,1.02
2024-10-03,2024-10,0,0.0,100.0,0.0,0.0,87.94,1.02
2024-10-04,2024-10,1,1.07,98.93,-1.07,-0.013273,86.87,2.09
2024-10-05,2024-10,1,0.74,99.26,-0.74,-0.001552,86.13,2.83
2024-10-06,2024-10,0,0.0,100.0,0.0,0.0,86.13,2.83
2024-10-07,2024-10,0,0.0,100.0,0.0,0.0,86.13,2.83
2024-10-08,2024-10,0,0.0,100.0,0.0,0.0,86.13,2.83
2024-10-09,2024-10,0,0.0,100.0,0.0,0.0,86.13,2.83
2024-10-10,2024-10,0,0.0,100.0,0.0,0.0,86.13,2.83
2024-10-11,2024-10,0,0.0,100.0,0.0,0.0,86.13,2.83
2024-10-12,2024-10,0,0.0,100.0,0.0,0.0,86.13,2.83
2024-10-13,2024-10,0,0.0,100.0,0.0,0.0,86.13,2.83
2024-10-14,2024-10,0,0.0,100.0,0.0,0.0,86.13,2.83
2024-10-15,2024-10,0,0.0,100.0,0.0,0.0,86.13,2.83
2024-10-16,2024-10,0,0.0,100.0,0.0,0.0,86.13,2.83
2024-10-17,2024-10,0,0.0,100.0,0.0,0.0,86.13,2.83
2024-10-18,2024-10,1,1.59,98.41,-1.59,0.06979,84.54,4.42
2024-10-19,2024-10,2,2.65,97.35,2.27,0.335979,86.81,2.15
2024-10-20,2024-10,0,0.0,100.0,0.0,0.0,86.81,2.15
2024-10-21,2024-10,0,0.0,100.0,0.0,0.0,86.81,2.15
2024-10-22,2024-10,0,0.0,100.0,0.0,0.0,86.81,2.15
2024-10-23,2024-10,1,1.07,98.93,-1.07,-0.003194,85.74,3.22
2024-10-24,2024-10,0,0.0,100.0,0.0,0.0,85.74,3.22
2024-10-25,2024-10,0,0.0,100.0,0.0,0.0,85.74,3.22
2024-10-26,2024-10,0,0.0,100.0,0.0,0.0,85.74,3.22
2024-10-27,2024-10,0,0.0,100.0,0.0,0.0,85.74,3.22
2024-10-28,2024-10,0,0.0,100.0,0.0,0.0,85.74,3.22
2024-10-29,2024-10,2,5.4,94.6,-1.51,0.323948,84.23,4.73
2024-10-30,2024-10,0,0.0,100.0,0.0,0.0,84.23,4.73
2024-10-31,2024-10,0,0.0,100.0,0.0,0.0,84.23,4.73
2024-11-01,2024-11,0,0.0,100.0,0.0,0.0,84.23,4.73
2024-11-02,2024-11,0,0.0,100.0,0.0,0.0,84.23,4.73
2024-11-03,2024-11,0,0.0,100.0,0.0,0.0,84.23,4.73
2024-11-04,2024-11,1,0.38,99.62,-0.38,-0.002777,83.85,5.11
2024-11-05,2024-11,0,0.0,100.0,0.0,0.0,83.85,5.11
2024-11-06,2024-11,0,0.0,100.0,0.0,0.0,83.85,5.11
2024-11-07,2024-11,0,0.0,100.0,0.0,0.0,83.85,5.11
2024-11-08,2024-11,0,0.0,100.0,0.0,0.0,83.85,5.11
2024-11-09,2024-11,2,0.86,99.14,1.69,0.045196,85.54,3.42
2024-11-10,2024-11,0,0.0,100.0,0.0,0.0,85.54,3.42
2024-11-11,2024-11,0,0.0,100.0,0.0,0.0,85.54,3.42
2024-11-12,2024-11,0,0.0,100.0,0.0,0.0,85.54,3.42
2024-11-13,2024-11,0,0.0,100.0,0.0,0.0,85.54,3.42
2024-11-14,2024-11,0,0.0,100.0,0.0,0.0,85.54,3.42
2024-11-15,2024-11,0,0.0,100.0,0.0,0.0,85.54,3.42
2024-11-16,2024-11,0,0.0,100.0,0.0,0.0,85.54,3.42
2024-11-17,2024-11,0,0.0,100.0,0.0,0.0,85.54,3.42
2024-11-18,2024-11,0,0.0,100.0,0.0,0.0,85.54,3.42
2024-11-19,2024-11,0,0.0,100.0,0.0,0.0,85.54,3.42
2024-11-20,2024-11,0,0.0,100.0,0.0,0.0,85.54,3.42
2024-11-21,2024-11,0,0.0,100.0,0.0,0.0,85.54,3.42
2024-11-22,2024-11,0,0.0,100.0,0.0,0.0,85.54,3.42
2024-11-23,2024-11,0,0.0,100.0,0.0,0.0,85.54,3.42
2024-11-24,2024-11,0,0.0,100.0,0.0,0.0,85.54,3.42
2024-11-25,2024-11,0,0.0,100.0,0.0,0.0,85.54,3.42
2024-11-26,2024-11,0,0.0,100.0,0.0,0.0,85.54,3.42
2024-11-27,2024-11,0,0.0,100.0,0.0,0.0,85.54,3.42
2024-11-28,2024-11,0,0.0,100.0,0.0,0.0,85.54,3.42
2024-11-29,2024-11,0,0.0,100.0,0.0,0.0,85.54,3.42
2024-11-30,2024-11,0,0.0,100.0,0.0,0.0,85.54,3.42
2024-12-01,2024-12,0,0.0,100.0,0.0,0.0,85.54,3.42
2024-12-02,2024-12,0,0.0,100.0,0.0,0.0,85.54,3.42
2024-12-03,2024-12,0,0.0,100.0,0.0,0.0,85.54,3.42
2024-12-04,2024-12,0,0.0,100.0,0.0,0.0,85.54,3.42
2024-12-05,2024-12,0,0.0,100.0,0.0,0.0,85.54,3.42
2024-12-06,2024-12,0,0.0,100.0,0.0,0.0,85.54,3.42
2024-12-07,2024-12,0,0.0,100.0,0.0,0.0,85.54,3.42
2024-12-08,2024-12,0,0.0,100.0,0.0,0.0,85.54,3.42
2024-12-09,2024-12,0,0.0,100.0,0.0,0.0,85.54,3.42
2024-12-10,2024-12,0,0.0,100.0,0.0,0.0,85.54,3.42
2024-12-11,2024-12,0,0.0,100.0,0.0,0.0,85.54,3.42
2024-12-12,2024-12,0,0.0,100.0,0.0,0.0,85.54,3.42
2024-12-13,2024-12,0,0.0,100.0,0.0,0.0,85.54,3.42
2024-12-14,2024-12,0,0.0,100.0,0.0,0.0,85.54,3.42
2024-12-15,2024-12,0,0.0,100.0,0.0,0.0,85.54,3.42
2024-12-16,2024-12,0,0.0,100.0,0.0,0.0,85.54,3.42
2024-12-17,2024-12,0,0.0,100.0,0.0,0.0,85.54,3.42
2024-12-18,2024-12,0,0.0,100.0,0.0,0.0,85.54,3.42
2024-12-19,2024-12,0,0.0,100.0,0.0,0.0,85.54,3.42
2024-12-20,2024-12,0,0.0,100.0,0.0,0.0,85.54,3.42
2024-12-21,2024-12,0,0.0,100.0,0.0,0.0,85.54,3.42
2024-12-22,2024-12,0,0.0,100.0,0.0,0.0,85.54,3.42
2024-12-23,2024-12,0,0.0,100.0,0.0,0.0,85.54,3.42
2024-12-24,2024-12,0,0.0,100.0,0.0,0.0,85.54,3.42
2024-12-25,2024-12,0,0.0,100.0,0.0,0.0,85.54,3.42
2024-12-26,2024-12,0,0.0,100.0,0.0,0.0,85.54,3.42
2024-12-27,2024-12,0,0.0,100.0,0.0,0.0,85.54,3.42
2024-12-28,2024-12,0,0.0,100.0,0.0,0.0,85.54,3.42
2024-12-29,2024-12,2,2.91,97.09,8.8,0.354163,94.34,0.0
2024-12-30,2024-12,0,0.0,100.0,0.0,0.0,94.34,0.0
2024-12-31,2024-12,0,0.0,100.0,0.0,0.0,94.34,0.0
2025-01-01,2025-01,0,0.0,100.0,0.0,0.0,94.34,0.0
2025-01-02,2025-01,0,0.0,100.0,0.0,0.0,94.34,0.0
2025-01-03,2025-01,0,0.0,100.0,0.0,0.0,94.34,0.0
2025-01-04,2025-01,0,0.0,100.0,0.0,0.0,94.34,0.0
2025-01-05,2025-01,0,0.0,100.0,0.0,0.0,94.34,0.0
2025-01-06,2025-01,0,0.0,100.0,0.0,0.0,94.34,0.0
2025-01-07,2025-01,0,0.0,100.0,0.0,0.0,94.34,0.0
2025-01-08,2025-01,0,0.0,100.0,0.0,0.0,94.34,0.0
2025-01-09,2025-01,0,0.0,100.0,0.0,0.0,94.34,0.0
2025-01-10,2025-01,0,0.0,100.0,0.0,0.0,94.34,0.0
2025-01-11,2025-01,0,0.0,100.0,0.0,0.0,94.34,0.0
2025-01-12,2025-01,0,0.0,100.0,0.0,0.0,94.34,0.0
2025-01-13,2025-01,0,0.0,100.0,0.0,0.0,94.34,0.0
2025-01-14,2025-01,0,0.0,100.0,0.0,0.0,94.34,0.0
2025-01-15,2025-01,0,0.0,100.0,0.0,0.0,94.34,0.0
2025-01-16,2025-01,0,0.0,100.0,0.0,0.0,94.34,0.0
2025-01-17,2025-01,1,0.75,99.25,-0.75,0.021161,93.59,0.75
2025-01-18,2025-01,1,1.24,98.76,3.29,0.091141,96.88,0.0
2025-01-19,2025-01,1,0.96,99.04,2.2,0.022796,99.08,0.0
2025-01-20,2025-01,0,0.0,100.0,0.0,0.0,99.08,0.0
2025-01-21,2025-01,0,0.0,100.0,0.0,0.0,99.08,0.0
2025-01-22,2025-01,0,0.0,100.0,0.0,0.0,99.08,0.0
2025-01-23,2025-01,0,0.0,100.0,0.0,0.0,99.08,0.0
2025-01-24,2025-01,0,0.0,100.0,0.0,0.0,99.08,0.0
2025-01-25,2025-01,0,0.0,100.0,0.0,0.0,99.08,0.0
2025-01-26,2025-01,1,0.73,99.27,-0.73,0.01337,98.35,0.73
2025-01-27,2025-01,0,0.0,100.0,0.0,0.0,98.35,0.73
2025-01-28,2025-01,0,0.0,100.0,0.0,0.0,98.35,0.73
2025-01-29,2025-01,0,0.0,100.0,0.0,0.0,98.35,0.73
2025-01-30,2025-01,0,0.0,100.0,0.0,0.0,98.35,0.73
2025-01-31,2025-01,1,0.95,99.05,-0.95,-0.008033,97.4,1.68
2025-02-01,2025-02,0,0.0,100.0,0.0,0.0,97.4,1.68
2025-02-02,2025-02,0,0.0,100.0,0.0,0.0,97.4,1.68
2025-02-03,2025-02,0,0.0,100.0,0.0,0.0,97.4,1.68
2025-02-04,2025-02,0,0.0,100.0,0.0,0.0,97.4,1.68
2025-02-05,2025-02,0,0.0,100.0,0.0,0.0,97.4,1.68
2025-02-06,2025-02,0,0.0,100.0,0.0,0.0,97.4,1.68
2025-02-07,2025-02,0,0.0,100.0,0.0,0.0,97.4,1.68
2025-02-08,2025-02,2,1.92,98.08,-1.92,0.047976,95.48,3.6
2025-02-09,2025-02,0,0.0,100.0,0.0,0.0,95.48,3.6
2025-02-10,2025-02,0,0.0,100.0,0.0,0.0,95.48,3.6
2025-02-11,2025-02,0,0.0,100.0,0.0,0.0,95.48,3.6
2025-02-12,2025-02,0,0.0,100.0,0.0,0.0,95.48,3.6
2025-02-13,2025-02,0,0.0,100.0,0.0,0.0,95.48,3.6
2025-02-14,2025-02,0,0.0,100.0,0.0,0.0,95.48,3.6
2025-02-15,2025-02,3,2.6,97.4,3.5,0.079948,98.98,0.1
2025-02-16,2025-02,2,4.35,95.65,7.91,-0.021457,106.89,0.0
2025-02-17,2025-02,1,0.96,99.04,-0.96,0.047251,105.93,0.96
2025-02-18,2025-02,0,0.0,100.0,0.0,0.0,105.93,0.96
2025-02-19,2025-02,0,0.0,100.0,0.0,0.0,105.93,0.96
2025-02-20,2025-02,0,0.0,100.0,0.0,0.0,105.93,0.96
2025-02-21,2025-02,2,3.43,96.57,-3.43,0.09377,102.5,4.39
2025-02-22,2025-02,1,0.92,99.08,2.2,0.030899,104.7,2.19
2025-02-23,2025-02,1,0.84,99.16,-0.84,0.065,103.86,3.03
2025-02-24,2025-02,1,1.8,98.2,5.5,0.204072,109.36,0.0
2025-02-25,2025-02,0,0.0,100.0,0.0,0.0,109.36,0.0
2025-02-26,2025-02,0,0.0,100.0,0.0,0.0,109.36,0.0
2025-02-27,2025-02,0,0.0,100.0,0.0,0.0,109.36,0.0
2025-02-28,2025-02,0,0.0,100.0,0.0,0.0,109.36,0.0
2025-03-01,2025-03,1,0.49,99.51,-0.49,0.028778,108.87,0.49
2025-03-02,2025-03,1,0.59,99.41,-0.59,0.002849,108.28,1.08
2025-03-03,2025-03,0,0.0,100.0,0.0,0.0,108.28,1.08
2025-03-04,2025-03,0,0.0,100.0,0.0,0.0,108.28,1.08
2025-03-05,2025-03,0,0.0,100.0,0.0,0.0,108.28,1.08
2025-03-06,2025-03,0,0.0,100.0,0.0,0.0,108.28,1.08
2025-03-07,2025-03,0,0.0,100.0,0.0,0.0,108.28,1.08
2025-03-08,2025-03,2,1.93,98.07,0.14,0.415398,108.42,0.94
2025-03-09,2025-03,0,0.0,100.0,0.0,0.0,108.42,0.94
2025-03-10,2025-03,0,0.0,100.0,0.0,0.0,108.42,0.94
2025-03-11,2025-03,0,0.0,100.0,0.0,0.0,108.42,0.94
2025-03-12,2025-03,0,0.0,100.0,0.0,0.0,108.42,0.94
2025-03-13,2025-03,0,0.0,100.0,0.0,0.0,108.42,0.94
2025-03-14,2025-03,0,0.0,100.0,0.0,0.0,108.42,0.94
2025-03-15,2025-03,0,0.0,100.0,0.0,0.0,108.42,0.94
2025-03-16,2025-03,0,0.0,100.0,0.0,0.0,108.42,0.94
2025-03-17,2025-03,0,0.0,100.0,0.0,0.0,108.42,0.94
2025-03-18,2025-03,0,0.0,100.0,0.0,0.0,108.42,0.94
2025-03-19,2025-03,0,0.0,100.0,0.0,0.0,108.42,0.94
2025-03-20,2025-03,0,0.0,100.0,0.0,0.0,108.42,0.94
2025-03-21,2025-03,0,0.0,100.0,0.0,0.0,108.42,0.94
2025-03-22,2025-03,0,0.0,100.0,0.0,0.0,108.42,0.94
2025-03-23,2025-03,0,0.0,100.0,0.0,0.0,108.42,0.94
2025-03-24,2025-03,0,0.0,100.0,0.0,0.0,108.42,0.94
2025-03-25,2025-03,0,0.0,100.0,0.0,0.0,108.42,0.94
2025-03-26,2025-03,0,0.0,100.0,0.0,0.0,108.42,0.94
2025-03-27,2025-03,0,0.0,100.0,0.0,0.0,108.42,0.94
2025-03-28,2025-03,1,0.22,99.78,-0.22,0.006274,108.2,1.16
2025-03-29,2025-03,0,0.0,100.0,0.0,0.0,108.2,1.16
2025-03-30,2025-03,0,0.0,100.0,0.0,0.0,108.2,1.16
2025-03-31,2025-03,1,0.36,99.64,0.85,0.027383,109.05,0.31
2025-04-01,2025-04,0,0.0,100.0,0.0,0.0,109.05,0.31
2025-04-02,2025-04,0,0.0,100.0,0.0,0.0,109.05,0.31
2025-04-03,2025-04,0,0.0,100.0,0.0,0.0,109.05,0.31
2025-04-04,2025-04,0,0.0,100.0,0.0,0.0,109.05,0.31
2025-04-05,2025-04,0,0.0,100.0,0.0,0.0,109.05,0.31
2025-04-06,2025-04,0,0.0,100.0,0.0,0.0,109.05,0.31
2025-04-07,2025-04,1,0.16,99.84,-0.16,-0.008868,108.89,0.47
2025-04-08,2025-04,0,0.0,100.0,0.0,0.0,108.89,0.47
2025-04-09,2025-04,0,0.0,100.0,0.0,0.0,108.89,0.47
2025-04-10,2025-04,0,0.0,100.0,0.0,0.0,108.89,0.47
2025-04-11,2025-04,0,0.0,100.0,0.0,0.0,108.89,0.47
2025-04-12,2025-04,0,0.0,100.0,0.0,0.0,108.89,0.47
2025-04-13,2025-04,2,0.34,99.66,0.22,0.02088,109.11,0.25
2025-04-14,2025-04,0,0.0,100.0,0.0,0.0,109.11,0.25
2025-04-15,2025-04,0,0.0,100.0,0.0,0.0,109.11,0.25
2025-04-16,2025-04,0,0.0,100.0,0.0,0.0,109.11,0.25
2025-04-17,2025-04,0,0.0,100.0,0.0,0.0,109.11,0.25
2025-04-18,2025-04,1,0.43,99.57,-0.43,0.023723,108.68,0.68
2025-04-19,2025-04,0,0.0,100.0,0.0,0.0,108.68,0.68
2025-04-20,2025-04,3,0.68,99.32,-0.16,-0.001389,108.52,0.84
2025-04-21,2025-04,0,0.0,100.0,0.0,0.0,108.52,0.84
2025-04-22,2025-04,0,0.0,100.0,0.0,0.0,108.52,0.84
2025-04-23,2025-04,0,0.0,100.0,0.0,0.0,108.52,0.84
2025-04-24,2025-04,0,0.0,100.0,0.0,0.0,108.52,0.84
2025-04-25,2025-04,0,0.0,100.0,0.0,0.0,108.52,0.84
2025-04-26,2025-04,0,0.0,100.0,0.0,0.0,108.52,0.84
2025-04-27,2025-04,2,0.97,99.03,-0.97,-0.007924,107.55,1.81
2025-04-28,2025-04,0,0.0,100.0,0.0,0.0,107.55,1.81
2025-04-29,2025-04,0,0.0,100.0,0.0,0.0,107.55,1.81
2025-04-30,2025-04,0,0.0,100.0,0.0,0.0,107.55,1.81
2025-05-01,2025-05,1,0.58,99.42,-0.58,-0.010495,106.97,2.39
2025-05-02,2025-05,0,0.0,100.0,0.0,0.0,106.97,2.39
2025-05-03,2025-05,1,0.4,99.6,0.78,-0.012286,107.75,1.61
2025-05-04,2025-05,2,1.3,98.7,1.11,-0.068466,108.86,0.5
2025-05-05,2025-05,1,0.39,99.61,-0.39,-0.000878,108.47,0.89
2025-05-06,2025-05,0,0.0,100.0,0.0,0.0,108.47,0.89
2025-05-07,2025-05,0,0.0,100.0,0.0,0.0,108.47,0.89
2025-05-08,2025-05,0,0.0,100.0,0.0,0.0,108.47,0.89
2025-05-09,2025-05,3,3.02,96.98,0.59,0.245801,109.06,0.3
2025-05-10,2025-05,0,0.0,100.0,0.0,0.0,109.06,0.3
2025-05-11,2025-05,0,0.0,100.0,0.0,0.0,109.06,0.3
2025-05-12,2025-05,0,0.0,100.0,0.0,0.0,109.06,0.3
2025-05-13,2025-05,0,0.0,100.0,0.0,0.0,109.06,0.3
2025-05-14,2025-05,0,0.0,100.0,0.0,0.0,109.06,0.3
2025-05-15,2025-05,0,0.0,100.0,0.0,0.0,109.06,0.3
2025-05-16,2025-05,0,0.0,100.0,0.0,0.0,109.06,0.3
2025-05-17,2025-05,0,0.0,100.0,0.0,0.0,109.06,0.3
2025-05-18,2025-05,0,0.0,100.0,0.0,0.0,109.06,0.3
2025-05-19,2025-05,0,0.0,100.0,0.0,0.0,109.06,0.3
2025-05-20,2025-05,0,0.0,100.0,0.0,0.0,109.06,0.3
2025-05-21,2025-05,0,0.0,100.0,0.0,0.0,109.06,0.3
2025-05-22,2025-05,0,0.0,100.0,0.0,0.0,109.06,0.3
2025-05-23,2025-05,0,0.0,100.0,0.0,0.0,109.06,0.3
2025-05-24,2025-05,0,0.0,100.0,0.0,0.0,109.06,0.3
2025-05-25,2025-05,0,0.0,100.0,0.0,0.0,109.06,0.3
2025-05-26,2025-05,0,0.0,100.0,0.0,0.0,109.06,0.3
2025-05-27,2025-05,0,0.0,100.0,0.0,0.0,109.06,0.3
2025-05-28,2025-05,0,0.0,100.0,0.0,0.0,109.06,0.3
2025-05-29,2025-05,0,0.0,100.0,0.0,0.0,109.06,0.3
2025-05-30,2025-05,0,0.0,100.0,0.0,0.0,109.06,0.3
2025-05-31,2025-05,0,0.0,100.0,0.0,0.0,109.06,0.3
2025-06-01,2025-06,0,0.0,100.0,0.0,0.0,109.06,0.3
2025-06-02,2025-06,0,0.0,100.0,0.0,0.0,109.06,0.3
2025-06-03,2025-06,0,0.0,100.0,0.0,0.0,109.06,0.3
2025-06-04,2025-06,0,0.0,100.0,0.0,0.0,109.06,0.3
2025-06-05,2025-06,0,0.0,100.0,0.0,0.0,109.06,0.3
2025-06-06,2025-06,0,0.0,100.0,0.0,0.0,109.06,0.3
2025-06-07,2025-06,0,0.0,100.0,0.0,0.0,109.06,0.3
2025-06-08,2025-06,0,0.0,100.0,0.0,0.0,109.06,0.3
2025-06-09,2025-06,0,0.0,100.0,0.0,0.0,109.06,0.3
2025-06-10,2025-06,0,0.0,100.0,0.0,0.0,109.06,0.3
2025-06-11,2025-06,0,0.0,100.0,0.0,0.0,109.06,0.3
2025-06-12,2025-06,0,0.0,100.0,0.0,0.0,109.06,0.3
2025-06-13,2025-06,0,0.0,100.0,0.0,0.0,109.06,0.3
2025-06-14,2025-06,0,0.0,100.0,0.0,0.0,109.06,0.3
2025-06-15,2025-06,0,0.0,100.0,0.0,0.0,109.06,0.3
2025-06-16,2025-06,0,0.0,100.0,0.0,0.0,109.06,0.3
2025-06-17,2025-06,0,0.0,100.0,0.0,0.0,109.06,0.3
2025-06-18,2025-06,0,0.0,100.0,0.0,0.0,109.06,0.3
2025-06-19,2025-06,0,0.0,100.0,0.0,0.0,109.06,0.3
2025-06-20,2025-06,0,0.0,100.0,0.0,0.0,109.06,0.3
2025-06-21,2025-06,0,0.0,100.0,0.0,0.0,109.06,0.3
2025-06-22,2025-06,0,0.0,100.0,0.0,0.0,109.06,0.3
2025-06-23,2025-06,0,0.0,100.0,0.0,0.0,109.06,0.3
2025-06-24,2025-06,0,0.0,100.0,0.0,0.0,109.06,0.3
2025-06-25,2025-06,0,0.0,100.0,0.0,0.0,109.06,0.3
2025-06-26,2025-06,0,0.0,100.0,0.0,0.0,109.06,0.3
2025-06-27,2025-06,0,0.0,100.0,0.0,0.0,109.06,0.3
2025-06-28,2025-06,0,0.0,100.0,0.0,0.0,109.06,0.3
2025-06-29,2025-06,0,0.0,100.0,0.0,0.0,109.06,0.3
2025-06-30,2025-06,0,0.0,100.0,0.0,0.0,109.06,0.3
2025-07-01,2025-07,0,0.0,100.0,0.0,0.0,109.06,0.3
2025-07-02,2025-07,0,0.0,100.0,0.0,0.0,109.06,0.3
2025-07-03,2025-07,0,0.0,100.0,0.0,0.0,109.06,0.3
2025-07-04,2025-07,0,0.0,100.0,0.0,0.0,109.06,0.3
2025-07-05,2025-07,0,0.0,100.0,0.0,0.0,109.06,0.3
2025-07-06,2025-07,0,0.0,100.0,0.0,0.0,109.06,0.3
2025-07-07,2025-07,0,0.0,100.0,0.0,0.0,109.06,0.3
2025-07-08,2025-07,0,0.0,100.0,0.0,0.0,109.06,0.3
2025-07-09,2025-07,0,0.0,100.0,0.0,0.0,109.06,0.3
2025-07-10,2025-07,0,0.0,100.0,0.0,0.0,109.06,0.3
2025-07-11,2025-07,0,0.0,100.0,0.0,0.0,109.06,0.3
2025-07-12,2025-07,0,0.0,100.0,0.0,0.0,109.06,0.3
2025-07-13,2025-07,0,0.0,100.0,0.0,0.0,109.06,0.3
2025-07-14,2025-07,0,0.0,100.0,0.0,0.0,109.06,0.3
2025-07-15,2025-07,0,0.0,100.0,0.0,0.0,109.06,0.3
2025-07-16,2025-07,0,0.0,100.0,0.0,0.0,109.06,0.3
2025-07-17,2025-07,0,0.0,100.0,0.0,0.0,109.06,0.3
2025-07-18,2025-07,0,0.0,100.0,0.0,0.0,109.06,0.3
2025-07-19,2025-07,0,0.0,100.0,0.0,0.0,109.06,0.3
2025-07-20,2025-07,0,0.0,100.0,0.0,0.0,109.06,0.3
2025-07-21,2025-07,0,0.0,100.0,0.0,0.0,109.06,0.3
2025-07-22,2025-07,0,0.0,100.0,0.0,0.0,109.06,0.3
2025-07-23,2025-07,0,0.0,100.0,0.0,0.0,109.06,0.3
2025-07-24,2025-07,0,0.0,100.0,0.0,0.0,109.06,0.3
2025-07-25,2025-07,0,0.0,100.0,0.0,0.0,109.06,0.3
2025-07-26,2025-07,0,0.0,100.0,0.0,0.0,109.06,0.3
2025-07-27,2025-07,0,0.0,100.0,0.0,0.0,109.06,0.3
2025-07-28,2025-07,0,0.0,100.0,0.0,0.0,109.06,0.3
2025-07-29,2025-07,0,0.0,100.0,0.0,0.0,109.06,0.3
2025-07-30,2025-07,0,0.0,100.0,0.0,0.0,109.06,0.3
2025-07-31,2025-07,0,0.0,100.0,0.0,0.0,109.06,0.3
2025-08-01,2025-08,0,0.0,100.0,0.0,0.0,109.06,0.3
2025-08-02,2025-08,0,0.0,100.0,0.0,0.0,109.06,0.3
2025-08-03,2025-08,0,0.0,100.0,0.0,0.0,109.06,0.3
2025-08-04,2025-08,0,0.0,100.0,0.0,0.0,109.06,0.3
2025-08-05,2025-08,0,0.0,100.0,0.0,0.0,109.06,0.3
2025-08-06,2025-08,0,0.0,100.0,0.0,0.0,109.06,0.3
2025-08-07,2025-08,0,0.0,100.0,0.0,0.0,109.06,0.3
2025-08-08,2025-08,0,0.0,100.0,0.0,0.0,109.06,0.3
2025-08-09,2025-08,0,0.0,100.0,0.0,0.0,109.06,0.3
2025-08-10,2025-08,0,0.0,100.0,0.0,0.0,109.06,0.3
2025-08-11,2025-08,1,0.42,99.58,1.17,0.007334,110.23,0.0
2025-08-12,2025-08,0,0.0,100.0,0.0,0.0,110.23,0.0
2025-08-13,2025-08,0,0.0,100.0,0.0,0.0,110.23,0.0
2025-08-14,2025-08,0,0.0,100.0,0.0,0.0,110.23,0.0
2025-08-15,2025-08,0,0.0,100.0,0.0,0.0,110.23,0.0
2025-08-16,2025-08,1,0.72,99.28,-0.72,0.130926,109.51,0.72
2025-08-17,2025-08,1,0.48,99.52,-0.48,0.03073,109.03,1.2
2025-08-18,2025-08,0,0.0,100.0,0.0,0.0,109.03,1.2
2025-08-19,2025-08,0,0.0,100.0,0.0,0.0,109.03,1.2
2025-08-20,2025-08,0,0.0,100.0,0.0,0.0,109.03,1.2
2025-08-21,2025-08,0,0.0,100.0,0.0,0.0,109.03,1.2
2025-08-22,2025-08,0,0.0,100.0,0.0,0.0,109.03,1.2
2025-08-23,2025-08,0,0.0,100.0,0.0,0.0,109.03,1.2
2025-08-24,2025-08,1,0.32,99.68,-0.32,0.010343,108.71,1.52
2025-08-25,2025-08,0,0.0,100.0,0.0,0.0,108.71,1.52
2025-08-26,2025-08,0,0.0,100.0,0.0,0.0,108.71,1.52
2025-08-27,2025-08,0,0.0,100.0,0.0,0.0,108.71,1.52
2025-08-28,2025-08,0,0.0,100.0,0.0,0.0,108.71,1.52
2025-08-29,2025-08,0,0.0,100.0,0.0,0.0,108.71,1.52
2025-08-30,2025-08,1,0.35,99.65,-0.35,0.006821,108.36,1.87
2025-08-31,2025-08,2,0.63,99.37,-0.63,0.011728,107.73,2.5
2025-09-01,2025-09,0,0.0,100.0,0.0,0.0,107.73,2.5
2025-09-02,2025-09,0,0.0,100.0,0.0,0.0,107.73,2.5
2025-09-03,2025-09,0,0.0,100.0,0.0,0.0,107.73,2.5
2025-09-04,2025-09,0,0.0,100.0,0.0,0.0,107.73,2.5
2025-09-05,2025-09,0,0.0,100.0,0.0,0.0,107.73,2.5
2025-09-06,2025-09,0,0.0,100.0,0.0,0.0,107.73,2.5
2025-09-07,2025-09,0,0.0,100.0,0.0,0.0,107.73,2.5
2025-09-08,2025-09,0,0.0,100.0,0.0,0.0,107.73,2.5
2025-09-09,2025-09,0,0.0,100.0,0.0,0.0,107.73,2.5
2025-09-10,2025-09,0,0.0,100.0,0.0,0.0,107.73,2.5
2025-09-11,2025-09,0,0.0,100.0,0.0,0.0,107.73,2.5
2025-09-12,2025-09,0,0.0,100.0,0.0,0.0,107.73,2.5
2025-09-13,2025-09,1,0.38,99.62,0.62,0.025066,108.35,1.88
2025-09-14,2025-09,2,0.96,99.04,0.76,0.133345,109.11,1.12
2025-09-15,2025-09,0,0.0,100.0,0.0,0.0,109.11,1.12
2025-09-16,2025-09,0,0.0,100.0,0.0,0.0,109.11,1.12
2025-09-17,2025-09,0,0.0,100.0,0.0,0.0,109.11,1.12
2025-09-18,2025-09,0,0.0,100.0,0.0,0.0,109.11,1.12
2025-09-19,2025-09,0,0.0,100.0,0.0,0.0,109.11,1.12
2025-09-20,2025-09,2,1.2,98.8,-1.2,0.218473,107.91,2.32
2025-09-21,2025-09,1,0.4,99.6,1.18,0.035534,109.09,1.14
2025-09-22,2025-09,0,0.0,100.0,0.0,0.0,109.09,1.14
2025-09-23,2025-09,0,0.0,100.0,0.0,0.0,109.09,1.14
2025-09-24,2025-09,0,0.0,100.0,0.0,0.0,109.09,1.14
2025-09-25,2025-09,0,0.0,100.0,0.0,0.0,109.09,1.14
2025-09-26,2025-09,0,0.0,100.0,0.0,0.0,109.09,1.14
2025-09-27,2025-09,0,0.0,100.0,0.0,0.0,109.09,1.14
2025-09-28,2025-09,2,1.19,98.81,3.32,0.109855,112.41,0.0
2025-09-29,2025-09,0,0.0,100.0,0.0,0.0,112.41,0.0
2025-09-30,2025-09,0,0.0,100.0,0.0,0.0,112.41,0.0
2025-10-01,2025-10,0,0.0,100.0,0.0,0.0,112.41,0.0
2025-10-02,2025-10,0,0.0,100.0,0.0,0.0,112.41,0.0
2025-10-03,2025-10,0,0.0,100.0,0.0,0.0,112.41,0.0
2025-10-04,2025-10,3,1.82,98.18,-1.82,-0.051337,110.59,1.82
2025-10-05,2025-10,1,0.99,99.01,-0.99,0.043799,109.6,2.81
2025-10-06,2025-10,0,0.0,100.0,0.0,0.0,109.6,2.81
2025-10-07,2025-10,0,0.0,100.0,0.0,0.0,109.6,2.81
2025-10-08,2025-10,0,0.0,100.0,0.0,0.0,109.6,2.81
2025-10-09,2025-10,0,0.0,100.0,0.0,0.0,109.6,2.81
2025-10-10,2025-10,0,0.0,100.0,0.0,0.0,109.6,2.81
2025-10-11,2025-10,0,0.0,100.0,0.0,0.0,109.6,2.81
2025-10-12,2025-10,0,0.0,100.0,0.0,0.0,109.6,2.81
2025-10-13,2025-10,0,0.0,100.0,0.0,0.0,109.6,2.81
2025-10-14,2025-10,0,0.0,100.0,0.0,0.0,109.6,2.81
2025-10-15,2025-10,0,0.0,100.0,0.0,0.0,109.6,2.81
2025-10-16,2025-10,0,0.0,100.0,0.0,0.0,109.6,2.81
2025-10-17,2025-10,0,0.0,100.0,0.0,0.0,109.6,2.81
2025-10-18,2025-10,0,0.0,100.0,0.0,0.0,109.6,2.81
2025-10-19,2025-10,0,0.0,100.0,0.0,0.0,109.6,2.81
2025-10-20,2025-10,0,0.0,100.0,0.0,0.0,109.6,2.81
2025-10-21,2025-10,0,0.0,100.0,0.0,0.0,109.6,2.81
2025-10-22,2025-10,1,0.85,99.15,2.17,-0.013836,111.77,0.64
2025-10-23,2025-10,0,0.0,100.0,0.0,0.0,111.77,0.64
2025-10-24,2025-10,1,2.0,98.0,4.17,0.150287,115.94,0.0
2025-10-25,2025-10,2,2.44,97.56,2.7,-0.07423,118.64,0.0
2025-10-26,2025-10,2,2.42,97.58,-2.42,0.019803,116.22,2.42
2025-10-27,2025-10,0,0.0,100.0,0.0,0.0,116.22,2.42
2025-10-28,2025-10,0,0.0,100.0,0.0,0.0,116.22,2.42
2025-10-29,2025-10,0,0.0,100.0,0.0,0.0,116.22,2.42
2025-10-30,2025-10,0,0.0,100.0,0.0,0.0,116.22,2.42
2025-10-31,2025-10,0,0.0,100.0,0.0,0.0,116.22,2.42
2025-11-01,2025-11,0,0.0,100.0,0.0,0.0,116.22,2.42
2025-11-02,2025-11,1,0.35,99.65,-0.35,0.041498,115.87,2.77
2025-11-03,2025-11,0,0.0,100.0,0.0,0.0,115.87,2.77
2025-11-04,2025-11,0,0.0,100.0,0.0,0.0,115.87,2.77
2025-11-05,2025-11,0,0.0,100.0,0.0,0.0,115.87,2.77
2025-11-06,2025-11,0,0.0,100.0,0.0,0.0,115.87,2.77
2025-11-07,2025-11,0,0.0,100.0,0.0,0.0,115.87,2.77
2025-11-08,2025-11,0,0.0,100.0,0.0,0.0,115.87,2.77
2025-11-09,2025-11,0,0.0,100.0,0.0,0.0,115.87,2.77
2025-11-10,2025-11,0,0.0,100.0,0.0,0.0,115.87,2.77
2025-11-11,2025-11,0,0.0,100.0,0.0,0.0,115.87,2.77
2025-11-12,2025-11,0,0.0,100.0,0.0,0.0,115.87,2.77
2025-11-13,2025-11,0,0.0,100.0,0.0,0.0,115.87,2.77
2025-11-14,2025-11,0,0.0,100.0,0.0,0.0,115.87,2.77
2025-11-15,2025-11,0,0.0,100.0,0.0,0.0,115.87,2.77
2025-11-16,2025-11,0,0.0,100.0,0.0,0.0,115.87,2.77
2025-11-17,2025-11,0,0.0,100.0,0.0,0.0,115.87,2.77
2025-11-18,2025-11,0,0.0,100.0,0.0,0.0,115.87,2.77
2025-11-19,2025-11,0,0.0,100.0,0.0,0.0,115.87,2.77
2025-11-20,2025-11,0,0.0,100.0,0.0,0.0,115.87,2.77
2025-11-21,2025-11,0,0.0,100.0,0.0,0.0,115.87,2.77
2025-11-22,2025-11,0,0.0,100.0,0.0,0.0,115.87,2.77
2025-11-23,2025-11,0,0.0,100.0,0.0,0.0,115.87,2.77
2025-11-24,2025-11,0,0.0,100.0,0.0,0.0,115.87,2.77
2025-11-25,2025-11,0,0.0,100.0,0.0,0.0,115.87,2.77
2025-11-26,2025-11,0,0.0,100.0,0.0,0.0,115.87,2.77
2025-11-27,2025-11,0,0.0,100.0,0.0,0.0,115.87,2.77
2025-11-28,2025-11,0,0.0,100.0,0.0,0.0,115.87,2.77
2025-11-29,2025-11,0,0.0,100.0,0.0,0.0,115.87,2.77
2025-11-30,2025-11,0,0.0,100.0,0.0,0.0,115.87,2.77
2025-12-01,2025-12,0,0.0,100.0,0.0,0.0,115.87,2.77
2025-12-02,2025-12,0,0.0,100.0,0.0,0.0,115.87,2.77
2025-12-03,2025-12,0,0.0,100.0,0.0,0.0,115.87,2.77
2025-12-04,2025-12,0,0.0,100.0,0.0,0.0,115.87,2.77
2025-12-05,2025-12,0,0.0,100.0,0.0,0.0,115.87,2.77
2025-12-06,2025-12,0,0.0,100.0,0.0,0.0,115.87,2.77
2025-12-07,2025-12,0,0.0,100.0,0.0,0.0,115.87,2.77
2025-12-08,2025-12,1,0.36,99.64,1.13,0.101223,117.0,1.64
2025-12-09,2025-12,0,0.0,100.0,0.0,0.0,117.0,1.64
2025-12-10,2025-12,0,0.0,100.0,0.0,0.0,117.0,1.64
2025-12-11,2025-12,0,0.0,100.0,0.0,0.0,117.0,1.64
2025-12-12,2025-12,0,0.0,100.0,0.0,0.0,117.0,1.64
2025-12-13,2025-12,0,0.0,100.0,0.0,0.0,117.0,1.64
2025-12-14,2025-12,0,0.0,100.0,0.0,0.0,117.0,1.64
2025-12-15,2025-12,0,0.0,100.0,0.0,0.0,117.0,1.64
2025-12-16,2025-12,0,0.0,100.0,0.0,0.0,117.0,1.64
2025-12-17,2025-12,0,0.0,100.0,0.0,0.0,117.0,1.64
2025-12-18,2025-12,0,0.0,100.0,0.0,0.0,117.0,1.64
2025-12-19,2025-12,0,0.0,100.0,0.0,0.0,117.0,1.64
2025-12-20,2025-12,0,0.0,100.0,0.0,0.0,117.0,1.64
2025-12-21,2025-12,0,0.0,100.0,0.0,0.0,117.0,1.64
2025-12-22,2025-12,0,0.0,100.0,0.0,0.0,117.0,1.64
2025-12-23,2025-12,0,0.0,100.0,0.0,0.0,117.0,1.64
2025-12-24,2025-12,0,0.0,100.0,0.0,0.0,117.0,1.64
2025-12-25,2025-12,0,0.0,100.0,0.0,0.0,117.0,1.64
2025-12-26,2025-12,0,0.0,100.0,0.0,0.0,117.0,1.64
2025-12-27,2025-12,0,0.0,100.0,0.0,0.0,117.0,1.64
2025-12-28,2025-12,0,0.0,100.0,0.0,0.0,117.0,1.64
2025-12-29,2025-12,0,0.0,100.0,0.0,0.0,117.0,1.64
2025-12-30,2025-12,0,0.0,100.0,0.0,0.0,117.0,1.64
2025-12-31,2025-12,0,0.0,100.0,0.0,0.0,117.0,1.64
2026-01-01,2026-01,0,0.0,100.0,0.0,0.0,117.0,1.64
2026-01-02,2026-01,0,0.0,100.0,0.0,0.0,117.0,1.64
2026-01-03,2026-01,1,0.74,99.26,-0.74,0.028083,116.26,2.38
2026-01-04,2026-01,0,0.0,100.0,0.0,0.0,116.26,2.38
2026-01-05,2026-01,0,0.0,100.0,0.0,0.0,116.26,2.38
2026-01-06,2026-01,0,0.0,100.0,0.0,0.0,116.26,2.38
2026-01-07,2026-01,0,0.0,100.0,0.0,0.0,116.26,2.38
2026-01-08,2026-01,0,0.0,100.0,0.0,0.0,116.26,2.38
2026-01-09,2026-01,0,0.0,100.0,0.0,0.0,116.26,2.38
2026-01-10,2026-01,0,0.0,100.0,0.0,0.0,116.26,2.38
2026-01-11,2026-01,0,0.0,100.0,0.0,0.0,116.26,2.38
2026-01-12,2026-01,0,0.0,100.0,0.0,0.0,116.26,2.38
2026-01-13,2026-01,0,0.0,100.0,0.0,0.0,116.26,2.38
2026-01-14,2026-01,0,0.0,100.0,0.0,0.0,116.26,2.38
2026-01-15,2026-01,0,0.0,100.0,0.0,0.0,116.26,2.38
2026-01-16,2026-01,0,0.0,100.0,0.0,0.0,116.26,2.38
2026-01-17,2026-01,0,0.0,100.0,0.0,0.0,116.26,2.38
2026-01-18,2026-01,0,0.0,100.0,0.0,0.0,116.26,2.38
2026-01-19,2026-01,0,0.0,100.0,0.0,0.0,116.26,2.38
2026-01-20,2026-01,0,0.0,100.0,0.0,0.0,116.26,2.38
2026-01-21,2026-01,0,0.0,100.0,0.0,0.0,116.26,2.38
2026-01-22,2026-01,0,0.0,100.0,0.0,0.0,116.26,2.38
2026-01-23,2026-01,0,0.0,100.0,0.0,0.0,116.26,2.38
2026-01-24,2026-01,0,0.0,100.0,0.0,0.0,116.26,2.38
2026-01-25,2026-01,0,0.0,100.0,0.0,0.0,116.26,2.38
2026-01-26,2026-01,0,0.0,100.0,0.0,0.0,116.26,2.38
2026-01-27,2026-01,0,0.0,100.0,0.0,0.0,116.26,2.38
2026-01-28,2026-01,0,0.0,100.0,0.0,0.0,116.26,2.38
2026-01-29,2026-01,0,0.0,100.0,0.0,0.0,116.26,2.38
2026-01-30,2026-01,0,0.0,100.0,0.0,0.0,116.26,2.38
2026-01-31,2026-01,1,2.63,97.37,4.12,0.320401,120.38,0.0
2026-02-01,2026-02,0,0.0,100.0,0.0,0.0,120.38,0.0
2026-02-02,2026-02,0,0.0,100.0,0.0,0.0,120.38,0.0
2026-02-03,2026-02,0,0.0,100.0,0.0,0.0,120.38,0.0
2026-02-04,2026-02,0,0.0,100.0,0.0,0.0,120.38,0.0
2026-02-05,2026-02,0,0.0,100.0,0.0,0.0,120.38,0.0
2026-02-06,2026-02,0,0.0,100.0,0.0,0.0,120.38,0.0
2026-02-07,2026-02,0,0.0,100.0,0.0,0.0,120.38,0.0
2026-02-08,2026-02,0,0.0,100.0,0.0,0.0,120.38,0.0
2026-02-09,2026-02,0,0.0,100.0,0.0,0.0,120.38,0.0
2026-02-10,2026-02,0,0.0,100.0,0.0,0.0,120.38,0.0
2026-02-11,2026-02,0,0.0,100.0,0.0,0.0,120.38,0.0
2026-02-12,2026-02,0,0.0,100.0,0.0,0.0,120.38,0.0
2026-02-13,2026-02,0,0.0,100.0,0.0,0.0,120.38,0.0
2026-02-14,2026-02,0,0.0,100.0,0.0,0.0,120.38,0.0
2026-02-15,2026-02,0,0.0,100.0,0.0,0.0,120.38,0.0
2026-02-16,2026-02,0,0.0,100.0,0.0,0.0,120.38,0.0
2026-02-17,2026-02,0,0.0,100.0,0.0,0.0,120.38,0.0
2026-02-18,2026-02,0,0.0,100.0,0.0,0.0,120.38,0.0
2026-02-19,2026-02,0,0.0,100.0,0.0,0.0,120.38,0.0
2026-02-20,2026-02,0,0.0,100.0,0.0,0.0,120.38,0.0
2026-02-21,2026-02,0,0.0,100.0,0.0,0.0,120.38,0.0
2026-02-22,2026-02,0,0.0,100.0,0.0,0.0,120.38,0.0
2026-02-23,2026-02,0,0.0,100.0,0.0,0.0,120.38,0.0
2026-02-24,2026-02,0,0.0,100.0,0.0,0.0,120.38,0.0
2026-02-25,2026-02,0,0.0,100.0,0.0,0.0,120.38,0.0
2026-02-26,2026-02,0,0.0,100.0,0.0,0.0,120.38,0.0
2026-02-27,2026-02,0,0.0,100.0,0.0,0.0,120.38,0.0
2026-02-28,2026-02,0,0.0,100.0,0.0,0.0,120.38,0.0
2026-03-01,2026-03,0,0.0,100.0,0.0,0.0,120.38,0.0
2026-03-02,2026-03,0,0.0,100.0,0.0,0.0,120.38,0.0
2026-03-03,2026-03,0,0.0,100.0,0.0,0.0,120.38,0.0
2026-03-04,2026-03,0,0.0,100.0,0.0,0.0,120.38,0.0
2026-03-05,2026-03,0,0.0,100.0,0.0,0.0,120.38,0.0
2026-03-06,2026-03,0,0.0,100.0,0.0,0.0,120.38,0.0
2026-03-07,2026-03,0,0.0,100.0,0.0,0.0,120.38,0.0
2026-03-08,2026-03,1,0.61,99.39,-0.61,0.079131,119.77,0.61
2026-03-09,2026-03,1,0.75,99.25,2.29,0.063848,122.06,0.0
2026-03-10,2026-03,0,0.0,100.0,0.0,0.0,122.06,0.0
2026-03-11,2026-03,0,0.0,100.0,0.0,0.0,122.06,0.0
2026-03-12,2026-03,0,0.0,100.0,0.0,0.0,122.06,0.0
2026-03-13,2026-03,0,0.0,100.0,0.0,0.0,122.06,0.0
2026-03-14,2026-03,0,0.0,100.0,0.0,0.0,122.06,0.0
2026-03-15,2026-03,0,0.0,100.0,0.0,0.0,122.06,0.0
2026-03-16,2026-03,0,0.0,100.0,0.0,0.0,122.06,0.0
2026-03-17,2026-03,0,0.0,100.0,0.0,0.0,122.06,0.0
2026-03-18,2026-03,0,0.0,100.0,0.0,0.0,122.06,0.0
2026-03-19,2026-03,0,0.0,100.0,0.0,0.0,122.06,0.0
2026-03-20,2026-03,0,0.0,100.0,0.0,0.0,122.06,0.0
2026-03-21,2026-03,0,0.0,100.0,0.0,0.0,122.06,0.0
2026-03-22,2026-03,0,0.0,100.0,0.0,0.0,122.06,0.0
2026-03-23,2026-03,0,0.0,100.0,0.0,0.0,122.06,0.0
2026-03-24,2026-03,0,0.0,100.0,0.0,0.0,122.06,0.0
2026-03-25,2026-03,0,0.0,100.0,0.0,0.0,122.06,0.0
2026-03-26,2026-03,0,0.0,100.0,0.0,0.0,122.06,0.0
2026-03-27,2026-03,0,0.0,100.0,0.0,0.0,122.06,0.0
2026-03-28,2026-03,0,0.0,100.0,0.0,0.0,122.06,0.0
2026-03-29,2026-03,0,0.0,100.0,0.0,0.0,122.06,0.0
2026-03-30,2026-03,0,0.0,100.0,0.0,0.0,122.06,0.0
2026-03-31,2026-03,0,0.0,100.0,0.0,0.0,122.06,0.0
2026-04-01,2026-04,0,0.0,100.0,0.0,0.0,122.06,0.0
2026-04-02,2026-04,0,0.0,100.0,0.0,0.0,122.06,0.0
2026-04-03,2026-04,0,0.0,100.0,0.0,0.0,122.06,0.0
2026-04-04,2026-04,1,2.32,97.68,-2.32,0.177223,119.74,2.32
2026-04-05,2026-04,2,1.0,99.0,-1.0,-0.038966,118.74,3.32
2026-04-06,2026-04,1,0.3,99.7,0.66,0.059986,119.4,2.66
2026-04-07,2026-04,0,0.0,100.0,0.0,0.0,119.4,2.66
2026-04-08,2026-04,0,0.0,100.0,0.0,0.0,119.4,2.66
2026-04-09,2026-04,0,0.0,100.0,0.0,0.0,119.4,2.66
2026-04-10,2026-04,0,0.0,100.0,0.0,0.0,119.4,2.66
2026-04-11,2026-04,0,0.0,100.0,0.0,0.0,119.4,2.66
2026-04-12,2026-04,0,0.0,100.0,0.0,0.0,119.4,2.66
2026-04-13,2026-04,0,0.0,100.0,0.0,0.0,119.4,2.66
2026-04-14,2026-04,0,0.0,100.0,0.0,0.0,119.4,2.66
2026-04-15,2026-04,0,0.0,100.0,0.0,0.0,119.4,2.66
2026-04-16,2026-04,0,0.0,100.0,0.0,0.0,119.4,2.66
2026-04-17,2026-04,0,0.0,100.0,0.0,0.0,119.4,2.66
2026-04-18,2026-04,0,0.0,100.0,0.0,0.0,119.4,2.66
2026-04-19,2026-04,0,0.0,100.0,0.0,0.0,119.4,2.66
2026-04-20,2026-04,0,0.0,100.0,0.0,0.0,119.4,2.66
2026-04-21,2026-04,0,0.0,100.0,0.0,0.0,119.4,2.66
2026-04-22,2026-04,0,0.0,100.0,0.0,0.0,119.4,2.66
2026-04-23,2026-04,0,0.0,100.0,0.0,0.0,119.4,2.66
2026-04-24,2026-04,0,0.0,100.0,0.0,0.0,119.4,2.66
2026-04-25,2026-04,0,0.0,100.0,0.0,0.0,119.4,2.66
2026-04-26,2026-04,0,0.0,100.0,0.0,0.0,119.4,2.66
2026-04-27,2026-04,0,0.0,100.0,0.0,0.0,119.4,2.66
2026-04-28,2026-04,0,0.0,100.0,0.0,0.0,119.4,2.66
2026-04-29,2026-04,0,0.0,100.0,0.0,0.0,119.4,2.66
2026-04-30,2026-04,0,0.0,100.0,0.0,0.0,119.4,2.66
