test_month,candidate_id,source_file,source_row,date,league,home_team,away_team,outcome,probability,conservative_probability,odds,raw_odds,conservative_ev_pct,reference_dispersion,reference_bookmakers,execution_cost_rate,execution_bookmaker,odds_band,source_type,predicted_closing_edge_pct,lower_closing_edge_pct,stake,estimated_probability_from_lower_clv,decision_frozen_before_closing_and_result,closing_probability,closing_fair_odds,closing_edge_pct,positive_clv,actual_outcome,won,profit
2024-11,data\historical_csv\football-data\2425\SP2.csv:142,data\historical_csv\football-data\2425\SP2.csv,142,2024-11-09,SP2,Mirandes,Cadiz,draw,0.36184329433103946,0.3458700687056695,2.96,3.0,2.377540336878181,0.01397322562536994,6,0.0,WH,2.0-3.0,sportsbook,8.829228535909586,6.718824239093571,0.34,0.36053656837531617,True,0.3493856261994927,2.8621669725732177,3.4181453550498286,True,draw,True,0.67
2024-11,data\historical_csv\football-data\2425\SP2.csv:144,data\historical_csv\football-data\2425\SP2.csv,144,2024-11-09,SP2,Huesca,Zaragoza,draw,0.34958235784527764,0.3393754583371273,2.96,3.0,0.4551356677896745,0.008206899508150322,6,0.0,WH,2.0-3.0,sportsbook,5.874602620603615,3.7641983237876007,0.19,0.35055472406685,True,0.36414256392643524,2.74617718186337,7.78619892222483,True,draw,True,0.37
2025-01,data\historical_csv\football-data\2425\E0.csv:196,data\historical_csv\football-data\2425\E0.csv,196,2025-01-04,E0,Southampton,Brentford,home,0.346951425215404,0.33671444260618855,2.96,3.0,-0.3325249885681947,0.008236982609215432,6,0.0,B365,2.0-3.0,sportsbook,2.3517925639796653,2.3517925639796653,0.12,0.3457830829864178,True,0.28800707915207446,3.472136875746643,-14.749904570985962,False,away,False,-0.12
2025-01,data\historical_csv\football-data\2425\F1.csv:143,data\historical_csv\football-data\2425\F1.csv,143,2025-01-05,F1,Lens,Toulouse,draw,0.27766072072216624,0.27076720178695657,3.6754,3.73,-0.4822226552219866,0.00489351893520966,6,0.0,1XB,3.0-4.0,sportsbook,2.6691423591768553,2.6691423591768553,0.1,0.27934141143597124,True,0.2749016392243673,3.637664740092099,1.0373484805239475,True,away,False,-0.1
2025-01,data\historical_csv\football-data\2425\I2.csv:205,data\historical_csv\football-data\2425\I2.csv,205,2025-01-12,I2,Palermo,Modena,away,0.24369292391044592,0.22956266035852763,4.43,4.5,1.696258538827733,0.012130263551918303,6,0.0,B365,4.0-5.0,sportsbook,5.390020184230135,5.390020184230135,0.16,0.2379007227634992,True,0.258024407860914,3.875602344329541,14.304812682384904,True,home,False,-0.16
2025-01,data\historical_csv\football-data\2425\I1.csv:197,data\historical_csv\football-data\2425\I1.csv,197,2025-01-14,I1,Como,Milan,draw,0.27126827059292086,0.26753954159879645,3.7734,3.83,0.953370626889849,0.0017287289941243975,6,0.0,1XB,3.0-4.0,sportsbook,3.0888531144305786,3.0888531144305786,0.11,0.27319884749676837,True,0.26881922893769244,3.719971982479655,1.4362478473488594,True,away,False,-0.11
2025-01,data\historical_csv\football-data\2425\F1.csv:156,data\historical_csv\football-data\2425\F1.csv,156,2025-01-17,F1,Lille,Nice,draw,0.27965272143303155,0.27590703619675955,3.6754,3.73,1.4068720837570048,0.0017456852362720187,6,0.0,1XB,3.0-4.0,sportsbook,3.4838226898061047,3.4838226898061047,0.13,0.28155798740220417,True,0.2804354943235666,3.565882423022385,3.071261583683671,True,home,False,-0.13
2025-01,data\historical_csv\football-data\2425\T1.csv:175,data\historical_csv\football-data\2425\T1.csv,175,2025-01-18,T1,Gaziantep,Bodrumspor,draw,0.28725199868146534,0.2787524712021582,3.6557999999999997,3.71,1.9063284220849797,0.006499527479307134,6,0.0,1XB,3.0-4.0,sportsbook,5.395289018391294,5.395289018391294,0.2,0.28829610213466633,True,0.29354093896939765,3.4066798434008296,7.312696468432378,True,draw,True,0.53
2025-01,data\historical_csv\football-data\2425\F1.csv:157,data\historical_csv\football-data\2425\F1.csv,157,2025-01-18,F1,Lens,Paris SG,draw,0.2363409161776228,0.22758428528251495,4.381,4.45,-0.29532461773019714,0.006756630895107828,6,0.0,1XB,4.0-5.0,sportsbook,3.86494708318102,3.86494708318102,0.11,0.23708045442406073,True,0.2492333202947077,4.012304610063947,9.189117621111453,True,away,False,-0.11
2025-01,data\historical_csv\football-data\2425\SP1.csv:199,data\historical_csv\football-data\2425\SP1.csv,199,2025-01-19,SP1,Osasuna,Vallecano,draw,0.31226699904380556,0.30298815563498555,3.2931999999999997,3.34,-0.2199405862865711,0.007278843408820014,6,0.0,1XB,3.0-4.0,sportsbook,3.482649784398471,3.482649784398471,0.15,0.31423129413457573,True,0.3106766210306046,3.2187809841716106,2.3120248377987096,True,draw,True,0.34
2025-01,data\historical_csv\football-data\2425\SP2.csv:250,data\historical_csv\football-data\2425\SP2.csv,250,2025-01-19,SP2,Castellon,Cordoba,away,0.2420263991330209,0.23351349299864288,4.3515999999999995,4.6,1.6157316132894284,0.006512906134378034,6,0.05,BFE,4.0-5.0,exchange,3.2661509698601208,3.2661509698601208,0.1,0.23730616547904249,True,0.23775234930092715,4.206057281622413,3.4603123217914478,True,away,True,0.34
2025-01,data\historical_csv\football-data\2425\D1.csv:172,data\historical_csv\football-data\2425\D1.csv,172,2025-01-26,D1,St Pauli,Union Berlin,draw,0.3065613292368431,0.30179392103679864,3.3324,3.38,0.569806246302762,0.002767408200044478,6,0.0,1XB,3.0-4.0,sportsbook,2.8657107018663357,2.8657107018663357,0.12,0.30868356350338,True,0.30564173810212786,3.27180445383365,1.8520528051530816,True,home,False,-0.12
2025-01,data\historical_csv\football-data\2425\T1.csv:191,data\historical_csv\football-data\2425\T1.csv,191,2025-01-31,T1,Eyupspor,Sivasspor,draw,0.2701295256295146,0.25968915890855615,3.842,3.9,-0.22742514733272712,0.008440366720958442,6,0.0,1XB,3.0-4.0,sportsbook,4.049989375209552,4.049989375209552,0.14,0.2708224606330285,True,0.25785424358406756,3.878159948428278,-0.9323996150012448,False,home,False,-0.14
2025-02,data\historical_csv\football-data\2425\P1.csv:175,data\historical_csv\football-data\2425\P1.csv,175,2025-02-01,P1,Santa Clara,Casa Pia,away,0.24656547367959247,0.2422690597690615,4.2585,4.5,3.1702791026548383,0.0022964139105309677,6,0.05,BFE,4.0-5.0,exchange,3.332948689578542,3.332948689578542,0.1,0.24265104776230725,True,0.2342654956429889,4.268661064470029,-0.23803868043318355,False,home,False,-0.1
2025-02,data\historical_csv\football-data\2425\E0.csv:237,data\historical_csv\football-data\2425\E0.csv,237,2025-02-02,E0,Brentford,Tottenham,draw,0.24297231796310126,0.23753859510877923,4.2634,4.33,1.2722046386769215,0.0034337228543220417,6,0.0,1XB,4.0-5.0,sportsbook,4.301182515991663,4.301182515991663,0.13,0.24464320147298318,True,0.235792255706017,4.241021389806747,0.5276702977032866,True,away,False,-0.13
2025-02,data\historical_csv\football-data\2425\SP1.csv:218,data\historical_csv\football-data\2425\SP1.csv,218,2025-02-02,SP1,Valencia,Celta,draw,0.3058379980076529,0.2991060465859152,3.3324,3.38,-0.32590103570961926,0.004731951421737681,6,0.0,1XB,3.0-4.0,sportsbook,2.6741058081216593,2.6741058081216593,0.11,0.3081085878289571,True,0.3121006216567876,3.204094867518992,4.004411160907884,True,home,False,-0.11
2025-02,data\historical_csv\football-data\2425\I1.csv:230,data\historical_csv\football-data\2425\I1.csv,230,2025-02-06,I1,Fiorentina,Inter,draw,0.2718794036819876,0.2684945257528818,3.7538,3.81,0.7874750771167616,0.0013848779291057974,6,0.0,1XB,3.0-4.0,sportsbook,2.8183292088235135,2.8183292088235135,0.1,0.27390465450696233,True,0.2754741472560756,3.6301047120418843,3.4074853969856544,True,home,False,-0.1
2025-02,data\historical_csv\football-data\2425\D2.csv:184,data\historical_csv\football-data\2425\D2.csv,184,2025-02-08,D2,Darmstadt,Elversberg,draw,0.27688209971282457,0.25869852317646574,3.7636,3.82,-2.636223817305361,0.016183576536358844,6,0.0,1XB,3.0-4.0,sportsbook,4.287850761152519,4.287850761152519,0.16,0.2770960005344684,True,0.2748628553871536,3.6381780236964585,3.4473842535091226,True,away,False,-0.16
2025-02,data\historical_csv\football-data\2425\D1.csv:183,data\historical_csv\football-data\2425\D1.csv,183,2025-02-08,D1,Dortmund,Stuttgart,draw,0.24453731092689904,0.23964014785124416,4.204599999999999,4.27,0.7590965655341009,0.0028971630756548915,6,0.0,1XB,4.0-5.0,sportsbook,3.621786349739642,3.621786349739642,0.11,0.24644861901189094,True,0.24936685434233835,4.010156051562369,4.848787576779556,True,away,False,-0.11
2025-02,data\historical_csv\football-data\2425\D1.csv:187,data\historical_csv\football-data\2425\D1.csv,187,2025-02-08,D1,Wolfsburg,Leverkusen,draw,0.25340737743101055,0.24534447906137344,4.038,4.1,-0.929899355017394,0.006062898369637121,6,0.0,1XB,4.0-5.0,sportsbook,2.9677256749444743,2.9677256749444743,0.1,0.2549968441677674,True,0.28910319145058033,3.4589725384299026,16.739868707744353,True,draw,True,0.3
2025-02,data\historical_csv\football-data\2425\F1.csv:184,data\historical_csv\football-data\2425\F1.csv,184,2025-02-08,F1,Nice,Lens,draw,0.28224123052615663,0.2739961643455746,3.6166,3.67,-0.9065472027794841,0.00624506618058202,6,0.0,1XB,3.0-4.0,sportsbook,2.709057603178759,2.709057603178759,0.1,0.2839934126062566,True,0.278367432354337,3.5923742642676997,0.6743655852695207,True,home,False,-0.1
2025-02,data\historical_csv\football-data\2425\I1.csv:243,data\historical_csv\football-data\2425\I1.csv,243,2025-02-15,I1,Lazio,Napoli,draw,0.30641595809262584,0.300542570234997,3.3912,3.44,1.9199964180921736,0.0038733878576288666,5,0.0,1XB,3.0-4.0,sportsbook,3.268737795160358,3.268737795160358,0.14,0.30451975051651436,True,0.3111227037507471,3.2141659478542595,5.50793129595335,True,draw,True,0.33
2025-02,data\historical_csv\football-data\2425\I2.csv:260,data\historical_csv\football-data\2425\I2.csv,260,2025-02-16,I2,Palermo,Mantova,draw,0.282069854104253,0.2708768253663367,3.7636,3.82,1.9472019948744812,0.009193028737916269,5,0.0,1XB,3.0-4.0,sportsbook,5.127199623851872,5.127199623851872,0.19,0.27932617606507565,True,0.27231904847883737,3.6721632422922945,2.4899970854952214,True,draw,True,0.53
2025-02,data\historical_csv\football-data\2425\I2.csv:259,data\historical_csv\football-data\2425\I2.csv,259,2025-02-16,I2,Juve Stabia,Cosenza,home,0.4811431133547002,0.46592543512402534,2.176,2.2,1.3853746829879166,0.013217678230674896,5,0.0,WH,2.0-3.0,sportsbook,4.093140606104148,4.093140606104148,0.35,0.4783692123442286,True,0.4481010114668499,2.2316396848257933,-2.4932199048134596,False,home,True,0.41
2025-02,data\historical_csv\football-data\2425\I1.csv:250,data\historical_csv\football-data\2425\I1.csv,250,2025-02-17,I1,Genoa,Venezia,draw,0.28075177030152293,0.2685027202164663,3.695,3.75,-0.7882448800156983,0.010249050085056631,5,0.0,1XB,3.0-4.0,sportsbook,2.8392220366510186,2.8392220366510186,0.11,0.27831995138471183,True,0.2842278487972035,3.518304079743783,5.022190130566684,True,home,False,-0.11
2025-02,data\historical_csv\football-data\2425\D1.csv:200,data\historical_csv\football-data\2425\D1.csv,200,2025-02-21,D1,Freiburg,Werder Bremen,draw,0.2790610534513509,0.2728275005499503,3.7047999999999996,3.76,1.0771324037455843,0.004233552901400594,5,0.0,1XB,3.0-4.0,sportsbook,2.697037803633413,2.697037803633413,0.1,0.2771999508843485,True,0.2774789174896765,3.6038774010180594,2.8003893515753386,True,home,False,-0.1
2025-02,data\historical_csv\football-data\2425\B1.csv:210,data\historical_csv\football-data\2425\B1.csv,210,2025-02-21,B1,Mechelen,St Truiden,home,0.5298674055938342,0.5263690888220407,1.98,2.0,4.221079586764054,0.0014983167717934713,5,0.0,WH,1.5-2.0,sportsbook,2.1146181021009416,2.1146181021009416,0.22,0.5157303944550553,True,0.5187408727349371,1.9277447615179026,2.7106928015175447,True,draw,False,-0.22
2025-02,data\historical_csv\football-data\2425\T1.csv:226,data\historical_csv\football-data\2425\T1.csv,226,2025-02-24,T1,Galatasaray,Fenerbahce,draw,0.2640733738454227,0.2565133064787879,4.0576,4.12,4.082839236832969,0.005560067366634759,5,0.0,1XB,4.0-5.0,sportsbook,6.2922330958516035,6.2922330958516035,0.21,0.2619583820382778,True,0.27445951938038105,3.6435245615003513,11.364694583783418,True,draw,True,0.64
2025-02,data\historical_csv\football-data\2425\P1.csv:208,data\historical_csv\football-data\2425\P1.csv,208,2025-02-24,P1,Porto,Guimaraes,draw,0.25531077881714165,0.249296068445147,4.1654,4.4,3.8417843501415305,0.004014710371994622,5,0.05,BFE,4.0-5.0,exchange,5.034259549254497,5.034259549254497,0.16,0.2521588792174929,True,0.2714056399740427,3.6845218105844824,13.051305274787751,True,draw,True,0.51
2025-03,data\historical_csv\football-data\2425\SP1.csv:255,data\historical_csv\football-data\2425\SP1.csv,255,2025-03-01,SP1,Betis,Real Madrid,draw,0.23668495787703805,0.23120217697071554,4.3515999999999995,4.42,0.6099393305765588,0.0034827809063225005,5,0.0,1XB,4.0-5.0,sportsbook,3.525390513217031,3.525390513217031,0.11,0.23790189933177922,True,0.2559168453270943,3.907519251895563,11.364774412538337,True,home,False,-0.11
2025-03,data\historical_csv\football-data\2425\D1.csv:211,data\historical_csv\football-data\2425\D1.csv,211,2025-03-01,D1,Heidenheim,M'gladbach,draw,0.27163264656607944,0.26624925369725766,3.793,3.85,0.9883419273698291,0.003383392868821769,5,0.0,1XB,3.0-4.0,sportsbook,3.251366432534464,3.251366432534464,0.12,0.2722155719286435,True,0.2792960191646825,3.58043055175221,5.936980069164077,True,away,False,-0.12
2025-03,data\historical_csv\football-data\2425\N1.csv:216,data\historical_csv\football-data\2425\N1.csv,216,2025-03-02,N1,Heracles,Zwolle,draw,0.29270482209984316,0.28026786662372666,3.5284,3.58,-1.1102859404842902,0.010436955476116507,5,0.0,1XB,3.0-4.0,sportsbook,2.979956033980447,2.979956033980447,0.12,0.2918602086894356,True,0.28474054556609235,3.5119691086209768,0.4678540975400214,True,home,False,-0.12
2025-03,data\historical_csv\football-data\2425\P1.csv:220,data\historical_csv\football-data\2425\P1.csv,220,2025-03-08,P1,Estoril,Farense,away,0.26046511627906976,0.24982981772470142,4.0723,4.3,1.7381966720301678,0.008635298554368351,5,0.05,BFE,4.0-5.0,exchange,3.1928824394373545,3.1928824394373545,0.1,0.2534019655708994,True,0.3046049176712334,3.282941088558923,24.044260623256374,True,draw,False,-0.1
2025-03,data\historical_csv\football-data\2425\D1.csv:223,data\historical_csv\football-data\2425\D1.csv,223,2025-03-08,D1,Wolfsburg,St Pauli,draw,0.25939854851338584,0.25175402966450267,3.9792,4.04,0.1779634840989086,0.005644518848883198,5,0.0,1XB,3.0-4.0,sportsbook,3.103622272268169,3.103622272268169,0.1,0.2591064090075095,True,0.27096901298367737,3.6904588793709707,7.823989646464891,True,draw,True,0.3
2025-03,data\historical_csv\football-data\2425\T1.csv:243,data\historical_csv\football-data\2425\T1.csv,243,2025-03-09,T1,Alanyaspor,Galatasaray,draw,0.22996493482764602,0.22289223955077064,4.724,5.0,5.294293963784047,0.005072695276875378,5,0.05,BFE,4.0-5.0,exchange,8.14558025774077,8.14558025774077,0.22,0.22892798530427766,True,0.21902814891584355,4.565623208477311,3.468897547844496,True,away,False,-0.22
2025-03,data\historical_csv\football-data\2425\E0.csv:282,data\historical_csv\football-data\2425\E0.csv,282,2025-03-10,E0,West Ham,Newcastle,draw,0.2728759711797007,0.2626463253030614,3.7734,3.83,-0.8930356101428005,0.008229645876639286,5,0.0,1XB,3.0-4.0,sportsbook,2.670187155066246,2.670187155066246,0.1,0.2720893283380141,True,0.2776362695504274,3.601834881369377,4.763269952158278,True,away,False,-0.1
2025-03,data\historical_csv\football-data\2425\SP2.csv:343,data\historical_csv\football-data\2425\SP2.csv,343,2025-03-21,SP2,Burgos,Almeria,away,0.41623076266042397,0.4130803384256547,2.4699999999999998,2.5,2.0308435911366995,0.001150424234769251,5,0.0,WH,2.0-3.0,sportsbook,1.666222732374115,1.666222732374115,0.11,0.41160414061689926,True,0.3786535581133938,2.640936493459634,-6.472571145991745,False,home,False,-0.11
2025-03,data\historical_csv\football-data\2425\I1.csv:300,data\historical_csv\football-data\2425\I1.csv,300,2025-03-31,I1,Verona,Parma,draw,0.3092567800786537,0.29563853946644725,3.352,3.4,-0.9019615708468876,0.011618240612206463,4,0.0,1XB,3.0-4.0,sportsbook,2.844007106263414,2.844007106263414,0.12,0.3068138636821701,True,0.3211286198472023,3.1140170579495985,7.642313372782206,True,draw,True,0.28
2025-04,data\historical_csv\football-data\2425\F2.csv:262,data\historical_csv\football-data\2425\F2.csv,262,2025-04-07,F2,Dunkerque,Guingamp,draw,0.3242153144007538,0.31548082200783145,3.205,3.25,1.1116034535099795,0.006734492392922337,4,0.0,B365,3.0-4.0,sportsbook,3.106633616236336,3.106633616236336,0.14,0.32170556510526155,True,0.2950466155139893,3.389294936523636,-5.437559727766428,False,home,False,-0.14
2025-04,data\historical_csv\football-data\2425\I1.csv:318,data\historical_csv\football-data\2425\I1.csv,318,2025-04-13,I1,Verona,Genoa,draw,0.3306328336043428,0.32660543668843717,3.1069999999999998,3.15,1.4763091790974237,0.0020273969159056524,4,0.0,1XB,3.0-4.0,sportsbook,2.957497117196504,2.957497117196504,0.14,0.331372697512702,True,0.34730354105689665,2.8793256669852845,7.9072102063777905,True,draw,True,0.29
2025-04,data\historical_csv\football-data\2425\SP1.csv:306,data\historical_csv\football-data\2425\SP1.csv,306,2025-04-13,SP1,Osasuna,Girona,draw,0.30465827650970057,0.30089106642680724,3.3716,3.42,1.4484319564623371,0.0017672100828933425,4,0.0,1XB,3.0-4.0,sportsbook,2.8714963527347024,2.8714963527347024,0.12,0.3051118055307115,True,0.30888166382683535,3.237485798317307,4.142541775855801,True,home,False,-0.12
2025-04,data\historical_csv\football-data\2425\SP1.csv:311,data\historical_csv\football-data\2425\SP1.csv,311,2025-04-18,SP1,Espanol,Getafe,draw,0.3520139881138036,0.3481233408819592,2.9208,2.96,1.6798654048026274,0.0018906472318444244,4,0.0,1XB,2.0-3.0,sportsbook,3.7320041737589653,3.7320041737589653,0.19,0.35514928846123994,True,0.36127689617018266,2.767960006855631,5.521755833386943,True,home,False,-0.19
2025-04,data\historical_csv\football-data\2425\F1.csv:269,data\historical_csv\football-data\2425\F1.csv,269,2025-04-20,F1,Reims,Toulouse,draw,0.29119770740846235,0.2868672355607224,3.5382,3.59,1.4993652860948004,0.002330471847739922,4,0.0,1XB,3.0-4.0,sportsbook,3.1192593428577746,3.1192593428577746,0.12,0.291445535421564,True,0.2716257576426134,3.68153598052999,-3.8933744308905394,False,home,False,-0.12
2025-04,data\historical_csv\football-data\2425\SP1.csv:316,data\historical_csv\football-data\2425\SP1.csv,316,2025-04-20,SP1,Valladolid,Osasuna,draw,0.28015706605867363,0.2658386925956044,3.695,3.75,-1.7726030859241848,0.012318373463069259,4,0.0,1XB,3.0-4.0,sportsbook,2.8580202619769555,2.8580202619769555,0.11,0.27837082614878744,True,0.269714129999405,3.7076292591797326,-0.3406289652198691,False,away,False,-0.11
2025-04,data\historical_csv\football-data\2425\SP1.csv:318,data\historical_csv\football-data\2425\SP1.csv,318,2025-04-20,SP1,Sevilla,Alaves,draw,0.3162626093522685,0.30980690235175107,3.2442,3.29,0.5075552609550948,0.004455707000517429,4,0.0,1XB,3.0-4.0,sportsbook,2.718473826354442,2.718473826354442,0.12,0.3166218908401283,True,0.3207884681782984,3.117319041045412,4.070194846403585,True,draw,True,0.27
2025-04,data\historical_csv\football-data\2425\B1.csv:283,data\historical_csv\football-data\2425\B1.csv,283,2025-04-27,B1,Gent,Anderlecht,draw,0.30571959698677925,0.28727609035066115,3.4793999999999996,3.53,-0.04515712339097089,0.016443506636118103,4,0.0,1XB,3.0-4.0,sportsbook,5.874728463905867,5.874728463905867,0.24,0.30429018929673474,True,0.2851175721719709,3.5073250392187054,-0.7961919384844474,False,away,False,-0.24
2025-04,data\historical_csv\football-data\2425\I1.csv:332,data\historical_csv\football-data\2425\I1.csv,332,2025-04-27,I1,Como,Genoa,draw,0.27726677762359475,0.270349670153821,3.7342,3.79,0.9539738288398381,0.004917107469773746,4,0.0,1XB,3.0-4.0,sportsbook,3.387227370273761,3.387227370273761,0.12,0.2768658008951684,True,0.2659317178387601,3.760363781075264,-0.6957779246502094,False,home,False,-0.12
2025-04,data\historical_csv\football-data\2425\I1.csv:341,data\historical_csv\football-data\2425\I1.csv,341,2025-04-28,I1,Verona,Cagliari,draw,0.3485998444925297,0.3414857625270284,2.9208,2.96,-0.25883848110554997,0.0051140819655012704,4,0.0,1XB,2.0-3.0,sportsbook,2.7264196119712816,2.7264196119712816,0.14,0.351706448959091,True,0.3464518617946518,2.886403885434213,1.1916597929819028,True,away,False,-0.14
2025-05,data\historical_csv\football-data\2425\I2.csv:349,data\historical_csv\football-data\2425\I2.csv,349,2025-05-01,I2,Spezia,Salernitana,draw,0.30474523857795144,0.28735192057707476,3.45,3.5,-0.8635874009092048,0.015393318000876673,4,0.0,B365,3.0-4.0,sportsbook,4.18985762121081,2.3696155321432046,0.1,0.29672352328157453,True,0.2840748226305683,3.5201993289650773,-1.9941861924539284,False,home,False,-0.1
2025-05,data\historical_csv\football-data\2425\I2.csv:357,data\historical_csv\football-data\2425\I2.csv,357,2025-05-04,I2,Frosinone,Cittadella,draw,0.3406481124071761,0.3316241354207036,3.0873999999999997,3.13,2.385635569788036,0.007023976986472468,4,0.0,1XB,3.0-4.0,sportsbook,6.3409248793772415,4.520682790309636,0.22,0.33853949209791295,True,0.28310712935909244,3.5322317818835365,-12.593504881673812,False,draw,True,0.46
2025-05,data\historical_csv\football-data\2425\F1.csv:285,data\historical_csv\football-data\2425\F1.csv,285,2025-05-04,F1,Nantes,Angers,draw,0.2869981482250794,0.27691352335919156,3.6557999999999997,3.71,1.234045869653233,0.008084624865887858,4,0.0,1XB,3.0-4.0,sportsbook,5.142918675604023,3.322676586536418,0.13,0.2826267207903508,True,0.2903154780990237,3.4445287125163544,6.133532483441084,True,away,False,-0.13
2025-05,data\historical_csv\football-data\2425\I2.csv:364,data\historical_csv\football-data\2425\I2.csv,364,2025-05-09,I2,Juve Stabia,Reggiana,away,0.25915176288254793,0.25120144955097484,4.444700000000001,4.7,11.651508281921807,0.0059503133315730984,4,0.05,BFE,4.0-5.0,exchange,12.7932993069093,10.973057217841696,0.32,0.24967502242635425,True,0.2565953758740642,3.897186364304535,14.048946714745348,True,away,True,1.1
2025-05,data\historical_csv\football-data\2425\B1.csv:294,data\historical_csv\football-data\2425\B1.csv,294,2025-05-09,B1,Charleroi,Westerlo,home,0.5699947746942149,0.562688733272644,1.8918,1.91,6.449454560518797,0.005306041421570892,4,0.0,BF,1.5-2.0,sportsbook,6.854575018877232,5.034332929809627,0.56,0.5552084413247153,True,0.5727114884556629,1.746079867712338,8.34555938604231,True,home,True,0.5
2025-05,data\historical_csv\football-data\2425\I2.csv:365,data\historical_csv\football-data\2425\I2.csv,365,2025-05-09,I2,Mantova,Carrarese,away,0.262615804785069,0.2462658355492678,4.136,4.2,1.8555495831771518,0.01434996923580123,4,0.0,B365,4.0-5.0,sportsbook,4.952185190790559,3.131943101722954,0.1,0.24935189337940752,True,0.2389299454640573,4.185327201484805,-1.1785745560659033,False,home,False,-0.1
2025-05,data\historical_csv\football-data\2425\SP1.csv:362,data\historical_csv\football-data\2425\SP1.csv,362,2025-05-18,SP1,Ath Madrid,Betis,home,0.49746300090623485,0.49379570870886813,2.0682,2.09,2.126828475168119,0.001667292197366741,4,0.0,1XB,2.0-3.0,sportsbook,2.844953048482604,1.024710959414999,0.1,0.4884668356997148,True,0.6222019001034922,1.6071953490236335,28.683796979404264,True,home,True,0.11
2025-10,data\historical_csv\football-data\2526\F2.csv:77,data\historical_csv\football-data\2526\F2.csv,77,2025-10-03,F2,Guingamp,Nancy,away,0.34063564798802964,0.33665770390946276,3.4989999999999997,3.55,17.796530597921013,0.0019779440785668723,8,0.0,PS,3.0-4.0,sportsbook,14.665366652837582,14.665366652837582,0.59,0.327708964426515,True,0.32081962309303025,3.1170163170163168,12.254786120251282,True,draw,False,-0.59
2025-10,data\historical_csv\football-data\2526\SP2.csv:80,data\historical_csv\football-data\2526\SP2.csv,80,2025-10-04,SP2,La Coruna,Almeria,away,0.2693843199429171,0.2627796960519159,3.94,4.0,3.5352002444548614,0.004604623891001197,8,0.0,B365,3.0-4.0,sportsbook,2.7995665065817708,2.7995665065817708,0.1,0.2609126053466543,True,0.24395208199585272,4.099165671465761,-3.8828796936340337,False,draw,False,-0.1
2025-10,data\historical_csv\football-data\2526\SP2.csv:86,data\historical_csv\football-data\2526\SP2.csv,86,2025-10-05,SP2,Santander,Malaga,away,0.24078140531077516,0.23151428998387955,4.5573999999999995,4.63,5.510322517253252,0.0072671153268956045,8,0.0,PS,4.0-5.0,sportsbook,4.624787098669602,4.624787098669602,0.13,0.2295712184549735,True,0.2345025053686471,4.264346764346764,6.872171796707227,True,home,False,-0.13
2025-10,data\historical_csv\football-data\2526\P1.csv:70,data\historical_csv\football-data\2526\P1.csv,70,2025-10-05,P1,Arouca,Famalicao,home,0.26949784214764416,0.2647423018184841,3.8860999999999994,4.1,2.8815059096811035,0.00275554032916002,8,0.05,BFE,3.0-4.0,exchange,3.1156649567752295,3.1156649567752295,0.11,0.26534485720072887,True,0.2300672476760581,4.346555235919679,-10.593566880607074,False,draw,False,-0.11
2025-10,data\historical_csv\football-data\2526\G1.csv:41,data\historical_csv\football-data\2526\G1.csv,41,2025-10-05,G1,PAOK,Olympiakos,draw,0.29799432996681363,0.29312851018075886,3.5185999999999997,3.57,3.14019759220181,0.0028658197860547906,8,0.0,PS,3.0-4.0,sportsbook,2.827375497869962,2.827375497869962,0.11,0.29223945744861585,True,0.29677747468676313,3.3695279638572986,4.4241222432844785,True,home,False,-0.11
2025-10,data\historical_csv\football-data\2526\E1.csv:121,data\historical_csv\football-data\2526\E1.csv,121,2025-10-21,E1,Blackburn,Sheffield United,home,0.395155135179774,0.39026858100390527,2.568,2.6,0.22097160180287734,0.002886554175868751,8,0.0,BMGM,2.0-3.0,sportsbook,1.7352800182941177,1.7352800182941177,0.11,0.39616542063198645,True,0.3702453797280611,2.700911489387073,-4.920986485833911,False,away,False,-0.11
2025-10,data\historical_csv\football-data\2526\T1.csv:82,data\historical_csv\football-data\2526\T1.csv,82,2025-10-22,T1,Rizespor,Buyuksehyr,draw,0.29016522964491737,0.28263039839214604,3.548,3.6,0.27726534953340654,0.005534831252771331,8,0.0,BMGM,3.0-4.0,sportsbook,3.18251676502408,3.18251676502408,0.12,0.2908188183907105,True,0.2772610138813188,3.6067097425678774,-1.6277922749080909,False,draw,True,0.31
2025-10,data\historical_csv\football-data\2526\B1.csv:90,data\historical_csv\football-data\2526\B1.csv,90,2025-10-24,B1,Charleroi,Anderlecht,home,0.3577911552626501,0.34774307067245386,3.0873999999999997,3.13,7.362195639413405,0.008048084590196253,8,0.0,PS,3.0-4.0,sportsbook,6.622241253191211,6.622241253191211,0.32,0.3453463796501627,True,0.3482359631268029,2.8716161048417357,7.514371255769103,True,home,True,0.67
2025-10,data\historical_csv\football-data\2526\SP2.csv:111,data\historical_csv\football-data\2526\SP2.csv,111,2025-10-24,SP2,Huesca,Las Palmas,home,0.3232623234376097,0.3173925983847656,3.2834,3.33,4.212685753653922,0.0038697250528441176,8,0.0,PS,3.0-4.0,sportsbook,3.1674317328116235,3.1674317328116235,0.14,0.31420914823905594,True,0.32702216950390917,3.05789666039154,7.374459134913525,True,draw,False,-0.14
2025-10,data\historical_csv\football-data\2526\F2.csv:99,data\historical_csv\football-data\2526\F2.csv,99,2025-10-25,F2,Annecy,St Etienne,home,0.27113676132105435,0.25771439556229947,4.0478000000000005,4.11,4.317633035707602,0.01142236575875488,8,0.0,PS,4.0-5.0,sportsbook,4.343516681559503,4.343516681559503,0.14,0.2577783405345113,True,0.22891014742396912,4.3685263028024695,-7.341750525725765,False,home,True,0.43
2025-10,data\historical_csv\football-data\2526\T1.csv:84,data\historical_csv\football-data\2526\T1.csv,84,2025-10-25,T1,Kocaelispor,Alanyaspor,away,0.32169394615266306,0.3100436026550287,3.2809500000000003,3.45,1.7237558131016684,0.009650343497634346,8,0.05,BFE,3.0-4.0,exchange,2.40905857023769,2.40905857023769,0.11,0.3121323353609098,True,0.3041770840996449,3.2875586369695475,-0.20101959232700084,False,home,False,-0.11
2025-10,data\historical_csv\football-data\2526\SC0.csv:53,data\historical_csv\football-data\2526\SC0.csv,53,2025-10-25,SC0,Livingston,Motherwell,away,0.4533829481524506,0.44597722556152014,2.2935999999999996,2.32,2.289336454790236,0.005405722590930451,8,0.0,PS,2.0-3.0,sportsbook,1.352824237897451,1.352824237897451,0.1,0.44189407149414656,True,0.42574392996013544,2.348829729865168,-2.351372224343351,False,away,True,0.13
2025-10,data\historical_csv\football-data\2526\SP2.csv:118,data\historical_csv\football-data\2526\SP2.csv,118,2025-10-26,SP2,Malaga,Andorra,away,0.3006769352956935,0.2938413046612447,3.6557999999999997,3.71,7.42250415805783,0.004835630634448832,8,0.0,PS,3.0-4.0,sportsbook,5.671625718357129,5.671625718357129,0.21,0.28905198785042163,True,0.2581814048222809,3.8732456378427007,-5.614042025070553,False,home,False,-0.21
2025-10,data\historical_csv\football-data\2526\SP2.csv:119,data\historical_csv\football-data\2526\SP2.csv,119,2025-10-26,SP2,Almeria,Castellon,away,0.2682081161683699,0.260297829288861,4.087,4.15,6.3837228303574856,0.005910286879508872,8,0.0,PS,4.0-5.0,sportsbook,5.082088866772407,5.082088866772407,0.16,0.25711301411003773,True,0.2659068236313129,3.7607158264826155,8.676118818117583,True,home,False,-0.16
2025-10,data\historical_csv\football-data\2526\T1.csv:91,data\historical_csv\football-data\2526\T1.csv,91,2025-10-27,T1,Samsunspor,Rizespor,away,0.24361228438114552,0.239091889228562,4.444700000000001,4.7,6.269172005418988,0.002520395152583516,8,0.05,BFE,4.0-5.0,exchange,6.112788499055307,6.112788499055307,0.18,0.2387400465701966,True,0.23117720999479804,4.3256859100536,2.7513345263879163,True,draw,False,-0.18
2025-10,data\historical_csv\football-data\2526\F2.csv:111,data\historical_csv\football-data\2526\F2.csv,111,2025-10-31,F2,Guingamp,Laval,away,0.2391304347826087,0.22523892862392947,4.6309000000000005,4.9,4.3058954564555,0.011891506158679246,7,0.05,BFE,4.0-5.0,exchange,5.159399712780543,5.159399712780543,0.14,0.22708199208097893,True,0.20296555870670746,4.926944287355846,-6.008679418510832,False,home,False,-0.14
2025-10,data\historical_csv\football-data\2526\T1.csv:92,data\historical_csv\football-data\2526\T1.csv,92,2025-10-31,T1,Buyuksehyr,Kocaelispor,away,0.22111544769312239,0.21528341116845953,4.8171,5.1,3.7041719939586493,0.0038320365246628445,7,0.05,BFE,4.0-5.0,exchange,3.758570907750344,3.758570907750344,0.1,0.2153963399301454,True,0.2600948095056724,3.8447518499141413,25.290270686977443,True,home,False,-0.1
2025-11,data\historical_csv\football-data\2526\B1.csv:104,data\historical_csv\football-data\2526\B1.csv,104,2025-11-02,B1,St Truiden,Antwerp,away,0.277940908734857,0.2698996094017852,3.8860999999999994,4.1,4.885687209627743,0.006041299333071819,6,0.05,BFE,3.0-4.0,exchange,3.5584130581752875,3.5584130581752875,0.12,0.2664841693681977,True,0.28232188340624886,3.5420562796439117,9.71310711050235,True,home,False,-0.12
2025-11,data\historical_csv\football-data\2526\F1.csv:98,data\historical_csv\football-data\2526\F1.csv,98,2025-11-02,F1,Nantes,Metz,away,0.23968144981006062,0.23552678431973312,4.2829999999999995,4.35,0.8761217241416874,0.002154665490327509,8,0.0,BMGM,4.0-5.0,sportsbook,3.226016461119004,3.226016461119004,0.1,0.24101334686229048,True,0.2785145888594165,3.5904761904761897,19.287798408488065,True,away,True,0.33
2025-11,data\historical_csv\football-data\2526\SP2.csv:133,data\historical_csv\football-data\2526\SP2.csv,133,2025-11-05,SP2,Sociedad B,Huesca,away,0.37388266014502364,0.3647109368568687,2.8718000000000004,2.91,4.7376868465555555,0.00717172328815498,8,0.0,PS,2.0-3.0,sportsbook,4.109656562456877,4.109656562456877,0.22,0.3625240495941809,True,0.3808224918746978,2.625895322193917,9.364603216575729,True,home,False,-0.22
2025-11,data\historical_csv\football-data\2526\B1.csv:109,data\historical_csv\football-data\2526\B1.csv,109,2025-11-08,B1,Antwerp,RAAL La Louviere,away,0.2796610169491525,0.2746487044340094,3.7929999999999997,4.0,4.174253591819754,0.0030123125151431027,7,0.05,BFE,3.0-4.0,exchange,3.34656859431764,3.34656859431764,0.12,0.2724665662913726,True,0.2580078327602541,3.8758513232007945,-2.1376290340356374,False,home,False,-0.12
2025-11,data\historical_csv\football-data\2526\B1.csv:107,data\historical_csv\football-data\2526\B1.csv,107,2025-11-08,B1,Cercle Brugge,Oud-Heverlee Leuven,away,0.2777651820408236,0.2746541114915779,3.7929999999999997,4.0,4.1763044887555,0.001111070549245704,7,0.05,BFE,3.0-4.0,exchange,3.199432091640724,3.199432091640724,0.11,0.27207865038660883,True,0.27481120612172527,3.6388617993876804,4.235890481970395,True,away,True,0.31
2025-11,data\historical_csv\football-data\2526\D2.csv:104,data\historical_csv\football-data\2526\D2.csv,104,2025-11-08,D2,Hannover,Darmstadt,away,0.2853043251844767,0.2747705301769943,3.7464500000000003,3.95,2.9414052781600475,0.00853379500748234,7,0.05,BFE,3.0-4.0,exchange,2.6266228960458697,2.6266228960458697,0.1,0.2739303150877387,True,0.28165997029630885,3.5503802650692284,5.522499571660644,True,away,True,0.27
2025-11,data\historical_csv\football-data\2526\B1.csv:119,data\historical_csv\football-data\2526\B1.csv,119,2025-11-23,B1,Antwerp,Dender,away,0.2419339362135399,0.22778978032090907,4.9102,5.2,11.849337933172777,0.012144155892630825,7,0.05,BFE,4.0-5.0,exchange,12.580951963715963,12.580951963715963,0.32,0.2292797685709665,True,0.27150692029800877,3.6831473720905152,33.31532800472825,True,away,True,1.25
2025-11,data\historical_csv\football-data\2526\SP2.csv:161,data\historical_csv\football-data\2526\SP2.csv,161,2025-11-23,SP2,Cadiz,Cultural Leonesa,away,0.23096922862616753,0.22265999159710337,4.6358,4.71,3.2207189045851736,0.006309237029064173,8,0.0,PS,4.0-5.0,sportsbook,4.35829814091355,4.35829814091355,0.12,0.22511389218886396,True,0.25788049070372626,3.877765228657332,19.548237880433405,True,away,True,0.44
2025-11,data\historical_csv\football-data\2526\E2.csv:195,data\historical_csv\football-data\2526\E2.csv,195,2025-11-25,E2,Peterboro,Stevenage,home,0.3814568809691414,0.3765333921484713,3.45,3.5,29.90402029122261,0.002923488820670054,8,0.0,PS,3.0-4.0,sportsbook,26.12689194528396,26.12689194528396,1.07,0.3655851940443013,True,0.4181258214219523,2.391624599024341,44.25340839057355,True,away,False,-1.07
2025-11,data\historical_csv\football-data\2526\E2.csv:194,data\historical_csv\football-data\2526\E2.csv,194,2025-11-25,E2,Luton,Huddersfield,away,0.29422346265056887,0.28311814303581984,3.7243999999999997,3.78,5.444521192260732,0.009105319614749056,8,0.0,PS,3.0-4.0,sportsbook,5.198242041963314,5.198242041963314,0.19,0.2824568844430333,True,0.2995776349980648,3.338032894232775,11.57469437867924,True,home,False,-0.19
2025-11,data\historical_csv\football-data\2526\T1.csv:120,data\historical_csv\football-data\2526\T1.csv,120,2025-11-29,T1,Rizespor,Kayserispor,away,0.25252646549265173,0.24634260553343923,4.2585,4.5,4.904998566415086,0.004183859959212505,8,0.05,BFE,4.0-5.0,exchange,5.704161727405842,5.704161727405842,0.18,0.24821923618035893,True,0.24750267570460222,4.04036036036036,5.39901444880484,True,away,True,0.59
2025-11,data\historical_csv\football-data\2526\E3.csv:216,data\historical_csv\football-data\2526\E3.csv,216,2025-11-29,E3,Shrewsbury,Gillingham,home,0.3894132408376038,0.38721889845524826,2.715,2.75,5.129930930599902,0.00019434238235555747,7,0.0,BMGM,2.0-3.0,sportsbook,4.563910651653018,4.563910651653018,0.27,0.38513410921419167,True,0.3851786899567737,2.5961976248276457,4.576014323264044,True,draw,False,-0.27
2025-11,data\historical_csv\football-data\2526\E1.csv:206,data\historical_csv\football-data\2526\E1.csv,206,2025-11-29,E1,Leicester,Sheffield United,away,0.3068990322331139,0.30218032566806863,3.352,3.4,1.2908451639366048,0.0027187065650452614,8,0.0,BMGM,3.0-4.0,sportsbook,2.343514081611228,2.343514081611228,0.1,0.30532074606685927,True,0.31625988312134756,3.16195652173913,6.01031282227571,True,away,True,0.24
2025-11,data\historical_csv\football-data\2526\SP2.csv:175,data\historical_csv\football-data\2526\SP2.csv,175,2025-11-30,SP2,Cordoba,Cadiz,away,0.26119095272995085,0.2526407418699892,4.273199999999999,4.34,7.9584418158837655,0.006550210859961645,8,0.0,PS,4.0-5.0,sportsbook,8.147129747877303,8.147129747877303,0.25,0.2530823030700115,True,0.21940635215640555,4.5577531834043805,-6.243277596524798,False,away,True,0.82
2025-11,data\historical_csv\football-data\2526\B1.csv:127,data\historical_csv\football-data\2526\B1.csv,127,2025-11-30,B1,Genk,Oud-Heverlee Leuven,draw,0.22395923291226058,0.2134094827585682,4.9102,5.2,4.78832422411215,0.008549750153692375,7,0.05,BFE,4.0-5.0,exchange,6.701743534617871,6.701743534617871,0.17,0.21730630836751635,True,0.23736676081070074,4.2128897769199325,16.55182689327026,True,home,False,-0.17
2026-01,data\historical_csv\football-data\2526\F2.csv:157,data\historical_csv\football-data\2526\F2.csv,157,2026-01-03,F2,Bastia,Grenoble,away,0.2765583089752307,0.2647323304282794,3.94,4.0,4.304538188742102,0.00982597854695127,7,0.0,BMGM,3.0-4.0,sportsbook,5.584138327656793,5.584138327656793,0.19,0.2679800465168954,True,0.26343897299617924,3.7959455604714316,3.794955360494612,True,home,False,-0.19
2026-01,data\historical_csv\football-data\2526\I1.csv:171,data\historical_csv\football-data\2526\I1.csv,171,2026-01-03,I1,Sassuolo,Parma,away,0.23034423925618625,0.22269733326382893,4.5966000000000005,4.67,2.365056208051608,0.005646905992357302,8,0.0,PS,4.0-5.0,sportsbook,4.25783903475102,4.25783903475102,0.12,0.2268151221223317,True,0.24091216953633945,4.150890351137529,10.737687849073808,True,draw,False,-0.12
2026-01,data\historical_csv\football-data\2526\I2.csv:189,data\historical_csv\football-data\2526\I2.csv,189,2026-01-10,I2,Cesena,Empoli,away,0.25884029669553726,0.25010754079724135,4.1654,4.4,4.17979504368291,0.006732755898295908,7,0.05,BFE,4.0-5.0,exchange,3.8459775999905235,3.8459775999905235,0.12,0.24930613530511,True,0.2234130838988453,4.4760135912754775,-6.939514032774985,False,away,True,0.38
2026-01,data\historical_csv\football-data\2526\I1.csv:196,data\historical_csv\football-data\2526\I1.csv,196,2026-01-12,I1,Genoa,Cagliari,away,0.2418585635977677,0.23092192855814864,4.3712,4.44,0.9405934113379422,0.00893663503961907,8,0.0,PS,4.0-5.0,sportsbook,3.364609071918588,3.364609071918588,0.1,0.2364673523790231,True,0.23586154719122376,4.239775461106656,3.0997995082277408,True,home,False,-0.1
2026-01,data\historical_csv\football-data\2526\T1.csv:163,data\historical_csv\football-data\2526\T1.csv,163,2026-01-19,T1,Goztep,Rizespor,away,0.2392388211647393,0.22594570914675383,4.6309000000000005,4.9,4.633198448770237,0.011293112017985458,7,0.05,BFE,4.0-5.0,exchange,5.264666443509024,5.264666443509024,0.14,0.22730930584445574,True,0.24523367773387328,4.077743355809378,13.565263821779382,True,home,False,-0.14
2026-01,data\historical_csv\football-data\2526\E1.csv:322,data\historical_csv\football-data\2526\E1.csv,322,2026-01-20,E1,Coventry,Millwall,away,0.22340643053357598,0.21682529931863967,4.6259999999999994,4.7,0.30338346480269784,0.0045811312149363105,7,0.0,BMGM,4.0-5.0,sportsbook,3.582326677747205,3.582326677747205,0.1,0.22391337370892178,True,0.22945093217709414,4.358230278307098,6.14400122512373,True,home,False,-0.1
2026-01,data\historical_csv\football-data\2526\F2.csv:174,data\historical_csv\football-data\2526\F2.csv,174,2026-01-23,F2,Annecy,Clermont,away,0.2533716320387636,0.24855393448674126,4.136,4.2,2.801907303716189,0.002817697552022365,7,0.0,BMGM,4.0-5.0,sportsbook,4.752042164497513,4.752042164497513,0.15,0.25326896074588373,True,0.23848118980569738,4.193202830020893,-1.3641798963635599,False,home,False,-0.15
2026-01,data\historical_csv\football-data\2526\E1.csv:340,data\historical_csv\football-data\2526\E1.csv,340,2026-01-24,E1,Leicester,Oxford,away,0.23461024917724496,0.23009823864867163,4.43,4.5,1.9335197213615318,0.0025120105285733304,5,0.0,BMGM,4.0-5.0,sportsbook,3.419772654795935,3.419772654795935,0.1,0.2334532114103746,True,0.20913419344450437,4.781618842570375,-7.353552304084565,False,away,True,0.34
2026-01,data\historical_csv\football-data\2526\T1.csv:170,data\historical_csv\football-data\2526\T1.csv,170,2026-01-25,T1,Rizespor,Alanyaspor,away,0.25700934579439255,0.25367211414448815,4.444700000000001,4.7,12.749644573800678,0.001337231649904402,4,0.05,BFE,4.0-5.0,exchange,8.56179953549723,8.56179953549723,0.25,0.24425000457960538,True,0.22669792936681343,4.411156302984702,0.7604286656675896,True,draw,False,-0.25
2026-01,data\historical_csv\football-data\2526\E2.csv:340,data\historical_csv\football-data\2526\E2.csv,340,2026-01-31,E2,Wigan,Lincoln,away,0.42891681863156994,0.42362399934590983,2.568,2.6,8.786643032029652,0.003292819285660128,5,0.0,BMGM,2.0-3.0,sportsbook,5.936492258901736,5.936492258901736,0.38,0.4125252813820161,True,0.4367218486645365,2.289786973236917,12.150170737052978,True,away,True,0.6
2026-01,data\historical_csv\football-data\2526\E3.csv:334,data\historical_csv\football-data\2526\E3.csv,334,2026-01-31,E3,Fleetwood Town,Notts County,away,0.4375171622259914,0.4242845254844459,2.4210000000000003,2.45,2.7192836197843517,0.0112326367415455,5,0.0,BMGM,2.0-3.0,sportsbook,2.174184949691736,2.174184949691736,0.15,0.4220329820309447,True,0.4393739969176502,2.275965366670129,6.372444653763121,True,away,True,0.21
2026-02,data\historical_csv\football-data\2526\SC0.csv:145,data\historical_csv\football-data\2526\SC0.csv,145,2026-02-03,SC0,St Mirren,Hearts,home,0.23515426188315697,0.2278622571371638,4.528,4.6,3.176030031707766,0.005292004745993181,7,0.0,BMGM,4.0-5.0,sportsbook,5.649246913096349,5.649246913096349,0.16,0.23332430855365802,True,0.23091941665545077,4.330515010316676,4.5603118615880955,True,home,True,0.56
2026-02,data\historical_csv\football-data\2526\E2.csv:361,data\historical_csv\football-data\2526\E2.csv,361,2026-02-14,E2,Blackpool,Plymouth,away,0.3790874774456872,0.3742210618014152,2.715,2.75,1.6010182790842098,0.0028664156442720617,7,0.0,BMGM,2.0-3.0,sportsbook,1.992689326230699,1.992689326230699,0.12,0.3756636807595974,True,0.3626587904528737,2.757412825292999,-1.5381383920447966,False,away,True,0.21
