test_month,candidate_id,source_file,source_row,date,league,home_team,away_team,outcome,probability,conservative_probability,odds,raw_odds,conservative_ev_pct,reference_dispersion,reference_bookmakers,execution_cost_rate,execution_bookmaker,odds_band,source_type,implied_probability,price_ratio,probability_uncertainty,relative_dispersion,log_odds,probability_squared,odds_probability_interaction,reference_depth_inverse,raw_net_odds_gap_pct,outcome_odds_band,outcome_source_type,source_odds_band,direct_predicted_clv_pct,direct_lower_clv_pct,direct_staking_probability,staking_probability_profile,decision_frozen_before_closing_and_result,movement_predicted_clv_pct,movement_lower_clv_pct,movement_staking_probability,predicted_closing_edge_pct,model_disagreement_pct,lower_closing_edge_pct,staking_probability,minimum_lower_clv_staking_probability,stake_multiplier,stake,stake_policy,actual_outcome,closing_edge_pct,positive_clv,closing_probability,closing_fair_odds,won,profit
2022-08,data\historical_csv\football-data\2223\I2.csv:11,data\historical_csv\football-data\2223\I2.csv,11,2022-08-14,I2,Venezia,Genoa,away,0.4250808965334687,0.4171085909118953,2.6660000000000004,2.7,11.20115033711131,0.0059723056215734,5,0.0,WH,2.0-3.0,sportsbook,0.3750937734433608,1.1332656701582278,0.0079723056215734,0.014049809507502,0.980579221756517,0.1806937685976975,0.4168254947063513,0.2,1.275318829707417,away:2.0-3.0,away:sportsbook,sportsbook:2.0-3.0,11.410534940138664,9.182037969212251,0.4095350261410811,lower_clv,True,11.6587921753718,8.544332687932176,0.4071430333380801,11.534663557755232,0.2482572352331367,8.544332687932176,0.4071430333380801,0.4071430333380801,1.0,3.21,model_agreement_0.625_kelly,away,29.635559450263,True,0.4862549116664027,2.056534496634667,True,5.35
2022-08,data\historical_csv\football-data\2223\I2.csv:29,data\historical_csv\football-data\2223\I2.csv,29,2022-08-28,I2,Pisa,Genoa,away,0.4247787610619469,0.4172544014904518,2.519,2.55,5.106383735444808,0.0055243595714951,5,0.0,WH,2.0-3.0,sportsbook,0.3969829297340214,1.0700176991150443,0.0075243595714951,0.0130052631578947,0.9238619973704733,0.1804369958493225,0.3924369546352452,0.2,1.2306470821754625,away:2.0-3.0,away:sportsbook,sportsbook:2.0-3.0,6.331468233057233,4.102971262130822,0.4132710252565733,lower_clv,True,6.232155533508554,3.2894235571918395,0.4100413797427226,6.281811883282893,0.09931269954867883,3.2894235571918395,0.4100413797427226,0.4100413797427226,1.0,1.35,model_agreement_0.625_kelly,away,24.54780387861122,True,0.4944335207566939,2.0225165932713742,True,2.05
2022-09,data\historical_csv\football-data\2223\SP2.csv:71,data\historical_csv\football-data\2223\SP2.csv,71,2022-09-24,SP2,Malaga,Villarreal B,home,0.4248766561540922,0.4120140408054376,2.5876,2.62,6.612753198815047,0.0108626153486546,5,0.0,WH,2.0-3.0,sportsbook,0.3864584943577059,1.0994108354643293,0.0128626153486546,0.0255665148727658,0.9507308051876934,0.1805201729446827,0.4039433254108349,0.2,1.2521255217189609,home:2.0-3.0,home:sportsbook,sportsbook:2.0-3.0,9.890422965446332,5.380316106853352,0.4072511829759365,lower_clv,True,10.142628353119964,7.067566241593992,0.4137717044427036,10.016525659283147,0.2522053876736319,5.380316106853352,0.4072511829759365,0.4072511829759365,1.0,2.12,model_agreement_0.625_kelly,draw,19.410009841378084,True,0.4614701261453782,2.166987510877285,False,-2.12
2022-09,data\historical_csv\football-data\2223\SP2.csv:73,data\historical_csv\football-data\2223\SP2.csv,73,2022-09-25,SP2,Burgos,Levante,away,0.4169265033407572,0.410223186946647,2.568,2.6,5.34531440789896,0.0047033163941102,5,0.0,WH,2.0-3.0,sportsbook,0.3894080996884735,1.0706672605790646,0.0067033163941102,0.011280924470916,0.9431273858277148,0.1738277091879504,0.3932148031780583,0.2,1.2461059190031154,away:2.0-3.0,away:sportsbook,sportsbook:2.0-3.0,6.659223937874223,2.1491170792812424,0.397776935666983,lower_clv,True,6.570927793387082,3.5191580057851723,0.4031119860038363,6.6150758656306525,0.08829614448714018,2.1491170792812424,0.397776935666983,0.397776935666983,1.0,0.86,model_agreement_0.625_kelly,draw,3.863061648379551,True,0.4044511746432225,2.4724863288680705,False,-0.86
2022-10,data\historical_csv\football-data\2223\T1.csv:92,data\historical_csv\football-data\2223\T1.csv,92,2022-10-21,T1,Antalyaspor,Istanbulspor,home,0.5424024404823852,0.5382719030360479,2.0780000000000003,2.1,11.852901450890773,0.0021305374463372,5,0.0,VC,2.0-3.0,sportsbook,0.4812319538017324,1.1271122713223964,0.0041305374463372,0.0039279643440439,0.7314058926770358,0.2942004074412473,0.3967163411712217,0.2,1.0587102983637964,home:2.0-3.0,home:sportsbook,sportsbook:2.0-3.0,11.5283209199754,6.970814521319455,0.5147777407185729,lower_clv,True,11.237558909450506,8.746397072731483,0.5233224113220956,11.382939914712953,0.2907620105248938,6.970814521319455,0.5147777407185729,0.5147777407185729,1.0,4.04,model_agreement_0.625_kelly,home,13.01538114565053,True,0.5438661267836887,1.838687777659168,True,4.36
2023-02,data\historical_csv\football-data\2223\I2.csv:242,data\historical_csv\football-data\2223\I2.csv,242,2023-02-17,I2,Pisa,Venezia,away,0.2839855673002867,0.2771865331353201,3.646,3.7,1.0622099811377297,0.0047990341649665,5,0.0,WH,3.0-4.0,sportsbook,0.274273176083379,1.0354113783768455,0.0067990341649665,0.0168988664127852,1.293630676256471,0.0806478024348656,0.3673724414737476,0.2,1.4810751508502529,away:3.0-4.0,away:sportsbook,sportsbook:3.0-4.0,2.88443410722443,2.88443410722443,0.2821844051212958,lower_clv,True,3.5951352421596416,3.5951352421596416,0.2841336676965432,3.239784674692036,0.7107011349352117,2.88443410722443,0.2821844051212958,0.2821844051212958,1.0,0.68,model_agreement_0.625_kelly,draw,-0.752318601732227,False,0.272209767960142,3.6736374579564086,False,-0.68
2023-02,data\historical_csv\football-data\2223\B1.csv:234,data\historical_csv\football-data\2223\B1.csv,234,2023-02-19,B1,Kortrijk,Anderlecht,home,0.2605710148794662,0.2555716900790206,3.94,4.0,0.6952458911340997,0.0029993248004456,4,0.0,B365,3.0-4.0,sportsbook,0.2538071065989847,1.0266497986250969,0.0049993248004456,0.0115105849429685,1.3711807233098423,0.067897253795315,0.3572899526560062,0.25,1.522842639593902,home:3.0-4.0,home:sportsbook,sportsbook:3.0-4.0,2.8650880145157918,2.8650880145157918,0.2610789035901416,lower_clv,True,2.9043440810607057,2.9043440810607057,0.2611785382768038,2.884716047788249,0.03925606654491398,2.8650880145157918,0.2610789035901416,0.2610789035901416,0.5,0.3,model_agreement_0.625_kelly,draw,-2.250016112245645,False,0.2480964058064831,4.030691201467895,False,-0.3
2023-02,data\historical_csv\football-data\2223\F2.csv:240,data\historical_csv\football-data\2223\F2.csv,240,2023-02-20,F2,Nimes,St Etienne,home,0.2742936179339074,0.267481730242012,3.842,3.9,2.766480758981027,0.0048118876918953,4,0.0,PS,3.0-4.0,sportsbook,0.2602811035918792,1.0538360801020723,0.0068118876918953,0.0175428350398397,1.345993064346365,0.0752369888392723,0.3691973073335111,0.25,1.5096304008328951,home:3.0-4.0,home:sportsbook,sportsbook:3.0-4.0,4.036879771563771,4.036879771563771,0.2707883388119827,lower_clv,True,4.044665691060478,4.044665691060478,0.2708086040891735,4.040772731312124,0.007785919496707372,4.036879771563771,0.2707883388119827,0.2707883388119827,0.5,0.44,model_agreement_0.625_kelly,away,0.3250374560667346,True,0.2611271146696167,3.829552519910543,False,-0.44
2023-02,data\historical_csv\football-data\2223\E3.csv:373,data\historical_csv\football-data\2223\E3.csv,373,2023-02-21,E3,Grimsby,Harrogate,home,0.5385975187269482,0.5244919841641833,1.931,1.95,1.2794021421038029,0.0121055345627648,5,0.0,IW,1.5-2.0,sportsbook,0.5178663904712584,1.0400318086617368,0.0141055345627648,0.0224760310656053,0.6580380034463774,0.2900872871788252,0.3544176358842538,0.2,0.9839461418953864,home:1.5-2.0,home:sportsbook,sportsbook:1.5-2.0,2.4867227825542604,2.4867227825542604,0.5307442919862986,lower_clv,True,3.3133978138590647,3.3133978138590647,0.5350253641318439,2.900060298206663,0.8266750313048044,2.4867227825542604,0.5307442919862986,0.5307442919862986,1.0,1.67,model_agreement_0.625_kelly,draw,2.436911214306847,True,0.5304863346157785,1.8850626957700645,False,-1.67
2023-02,data\historical_csv\football-data\2223\F2.csv:250,data\historical_csv\football-data\2223\F2.csv,250,2023-02-27,F2,Amiens,Bordeaux,draw,0.3014033106072671,0.2862114530580802,3.45,3.5,-1.257048694962326,0.0131918575491869,4,0.0,B365,3.0-4.0,sportsbook,0.2898550724637681,1.0398414215950715,0.0151918575491868,0.0437681242538708,1.2383742310432684,0.0908439556450207,0.3732500930071697,0.25,1.4492753623188248,draw:3.0-4.0,draw:sportsbook,sportsbook:3.0-4.0,4.129136762701991,4.129136762701991,0.301823584819426,lower_clv,True,4.107327465439847,4.107327465439847,0.301760369465043,4.118232114070919,0.02180929726214398,4.107327465439847,0.301760369465043,0.301760369465043,0.5,0.52,model_agreement_0.625_kelly,away,-1.1099887166424738,False,0.2866377138648044,3.4887244477244894,False,-0.52
2023-03,data\historical_csv\football-data\2223\B1.csv:265,data\historical_csv\football-data\2223\B1.csv,265,2023-03-18,B1,Oostende,Westerlo,draw,0.2728724599814847,0.2671706596113712,3.8126,3.87,1.861485683431385,0.0037018003701134,4,0.0,PS,3.0-4.0,sportsbook,0.2622882022766616,1.0403535409254083,0.0057018003701134,0.0135660460948117,1.3383113710977392,0.0744593794163469,0.3651883160526337,0.25,1.5055342810680328,draw:3.0-4.0,draw:sportsbook,sportsbook:3.0-4.0,3.418019789304472,3.418019789304472,0.2712532649354888,lower_clv,True,3.486990091069342,3.486990091069342,0.2714341659000926,3.4525049401869072,0.06897030176486973,3.418019789304472,0.2712532649354888,0.2712532649354888,0.5,0.38,model_agreement_0.625_kelly,away,0.4871155184890563,True,0.2635658488131172,3.794118261160062,False,-0.38
2023-03,data\historical_csv\football-data\2223\SP2.csv:362,data\historical_csv\football-data\2223\SP2.csv,362,2023-03-26,SP2,Villarreal B,Huesca,away,0.310317453747539,0.3020586956541224,3.548,3.6,7.170425218082643,0.0062587580934166,5,0.0,WH,3.0-4.0,sportsbook,0.2818489289740699,1.1010063258962686,0.0082587580934166,0.0201688884006778,1.266384064447333,0.096296922100356,0.3929810783457557,0.2,1.4656144306651742,away:3.0-4.0,away:sportsbook,sportsbook:3.0-4.0,7.387624326579573,7.387624326579573,0.3026708690151622,lower_clv,True,8.264564105948535,8.264564105948535,0.3051425143910612,7.826094216264054,0.8769397793689624,7.387624326579573,0.3026708690151622,0.3026708690151622,1.0,1.81,model_agreement_0.625_kelly,draw,-23.44641631172804,False,0.2157654557166628,4.634662192233275,False,-1.81
2023-03,data\historical_csv\football-data\2223\SP2.csv:359,data\historical_csv\football-data\2223\SP2.csv,359,2023-03-26,SP2,Ponferradina,Mirandes,home,0.4543732165755941,0.4424389789951854,2.372,2.4,4.946525817657976,0.0099342375804087,5,0.0,WH,2.0-3.0,sportsbook,0.4215851602023609,1.0777732697173092,0.0119342375804087,0.0218636073122411,0.863733481135479,0.2064550199412518,0.3924573600875629,0.2,1.180438448566612,home:2.0-3.0,home:sportsbook,sportsbook:2.0-3.0,6.349100510453177,6.349100510453177,0.4483520257607639,lower_clv,True,6.798497113738278,6.798497113738278,0.4502466151506673,6.573798812095728,0.4493966032851011,6.349100510453177,0.4483520257607639,0.4483520257607639,1.0,2.89,model_agreement_0.625_kelly,draw,-2.806437466693812,False,0.4097536363124207,2.440490849573669,False,-2.89
2023-03,data\historical_csv\football-data\2223\SP2.csv:360,data\historical_csv\football-data\2223\SP2.csv,360,2023-03-26,SP2,Zaragoza,Albacete,home,0.4321031374306404,0.426226849821878,2.3524,2.38,0.2656041520985752,0.0038762876087624,5,0.0,WH,2.0-3.0,sportsbook,0.4250977724876722,1.0164794204918386,0.0058762876087624,0.0089707462709286,0.8554360836036637,0.1867131213774029,0.3696366155965227,0.2,1.1732698520659834,home:2.0-3.0,home:sportsbook,sportsbook:2.0-3.0,1.679771800069954,1.679771800069954,0.4322384449926456,lower_clv,True,1.3844494593004963,1.3844494593004963,0.4309830363003762,1.5321106296852252,0.2953223407694576,1.3844494593004963,0.4309830363003762,0.4309830363003762,0.25,0.16,model_agreement_0.625_kelly,draw,-7.080934054503851,False,0.3949968795506553,2.531665569453588,False,-0.16
2023-03,data\historical_csv\football-data\2223\SP2.csv:364,data\historical_csv\football-data\2223\SP2.csv,364,2023-03-27,SP2,Malaga,Leganes,away,0.3764519038763763,0.3712048496319001,2.764,2.8,2.6010204382571844,0.0032470542444762,5,0.0,WH,2.0-3.0,sportsbook,0.361794500723589,1.040513062314304,0.0052470542444761,0.0086254159191143,1.016678905905423,0.1417160359321484,0.3827307097590478,0.2,1.302460202604916,away:2.0-3.0,away:sportsbook,sportsbook:2.0-3.0,2.943243839103601,2.943243839103601,0.3724429950763517,lower_clv,True,3.0725500361420632,3.0725500361420632,0.3729108177863316,3.0078969376228324,0.12930619703846213,2.943243839103601,0.3724429950763517,0.3724429950763517,1.0,1.04,model_agreement_0.625_kelly,home,-15.122813742359288,False,0.3070809922490619,3.2564698735535456,False,-1.04
2023-03,data\historical_csv\football-data\2223\B1.csv:272,data\historical_csv\football-data\2223\B1.csv,272,2023-03-31,B1,Waregem,Antwerp,away,0.5538805028105109,0.5375492535187537,1.931,1.95,3.800760854471341,0.0143312492917571,5,0.0,WH,1.5-2.0,sportsbook,0.5178663904712584,1.0695432509270966,0.0163312492917572,0.0258742620818701,0.6580380034463774,0.3067836113936244,0.3644744202173042,0.2,0.9839461418953864,away:1.5-2.0,away:sportsbook,sportsbook:1.5-2.0,5.871280292157897,5.871280292157897,0.5482717777947068,lower_clv,True,6.437129393789842,6.437129393789842,0.5512021201128423,6.154204842973869,0.5658491016319456,5.871280292157897,0.5482717777947068,0.5482717777947068,1.0,3.94,model_agreement_0.625_kelly,away,0.5811368119873261,True,0.520875902703197,1.91984308510009,True,3.67
2023-04,data\historical_csv\football-data\2223\G1.csv:194,data\historical_csv\football-data\2223\G1.csv,194,2023-04-01,G1,Ionikos,Asteras Tripolis,home,0.4278544220533012,0.4056121304732898,2.617,2.65,6.148694544859934,0.0202422915800114,5,0.0,IW,2.0-3.0,sportsbook,0.3821169277799006,1.1196950225134894,0.0222422915800114,0.0473111659869432,0.9620286235480088,0.1830594064705644,0.4116082007268662,0.2,1.260985861673669,home:2.0-3.0,home:sportsbook,sportsbook:2.0-3.0,6.683405730953094,6.683405730953094,0.4076553524300844,lower_clv,True,8.547588731496191,8.547588731496191,0.4147787112399548,7.6154972312246425,1.8641830005430968,6.683405730953094,0.4076553524300844,0.4076553524300844,1.0,2.58,model_agreement_0.625_kelly,home,19.66431697101456,True,0.4572576116584431,2.186951019520629,True,4.17
2023-04,data\historical_csv\football-data\2223\B1.csv:274,data\historical_csv\football-data\2223\B1.csv,274,2023-04-01,B1,Seraing,Gent,away,0.6849790948734652,0.6794008397236787,1.5096,1.52,2.5623507646865384,0.0035782551497865,5,0.0,WH,1.5-2.0,sportsbook,0.6624271330153683,1.034044441620983,0.0055782551497864,0.005223889570597,0.4118447150722034,0.4691963604136716,0.2821050201585781,0.2,0.6889242183359734,away:1.5-2.0,away:sportsbook,sportsbook:1.5-2.0,4.346074655193332,4.346074655193332,0.6912167107524729,lower_clv,True,3.682409007964016,3.682409007964016,0.6868204094327239,4.0142418315786745,0.6636656472293163,3.682409007964016,0.6868204094327239,0.6868204094327239,1.0,4.52,model_agreement_0.625_kelly,away,8.112539859346168,True,0.7161667982203641,1.3963227595651546,True,2.3
2023-04,data\historical_csv\football-data\2223\F2.csv:288,data\historical_csv\football-data\2223\F2.csv,288,2023-04-01,F2,Pau FC,Le Havre,home,0.2624065223069021,0.2548206798829491,4.1066,4.17,4.6446604007318815,0.005585842423953,5,0.0,PS,4.0-5.0,sportsbook,0.243510446598159,1.0775986245055245,0.007585842423953,0.0212869801209438,1.4125954355392614,0.0688571829492027,0.3706742556664613,0.2,1.5438562314323168,home:4.0-5.0,home:sportsbook,sportsbook:4.0-5.0,3.0483803230088866,3.0483803230088866,0.2509335711367284,lower_clv,True,2.955931516213073,2.955931516213073,0.2507084486344252,3.0021559196109795,0.0924488067958138,2.955931516213073,0.2507084486344252,0.2507084486344252,1.0,0.59,model_agreement_0.625_kelly,away,20.17753076686151,True,0.2926448418810244,3.4171113134006736,False,-0.59
2023-04,data\historical_csv\football-data\2223\I2.csv:311,data\historical_csv\football-data\2223\I2.csv,311,2023-04-05,I2,Perugia,Reggina,home,0.4401292512340005,0.4372772739107752,2.372,2.4,3.722169371635875,0.0008519773232252,5,0.0,WH,2.0-3.0,sportsbook,0.4215851602023609,1.043986583927049,0.0028519773232252,0.0019357434681665,0.863733481135479,0.1937137577918019,0.380154370317895,0.2,1.180438448566612,home:2.0-3.0,home:sportsbook,sportsbook:2.0-3.0,3.4925608571108167,3.4925608571108167,0.4363092784869765,lower_clv,True,3.552944565300087,3.552944565300087,0.4365638472398823,3.5227527112054515,0.06038370818927019,3.4925608571108167,0.4363092784869765,0.4363092784869765,1.0,1.59,model_agreement_0.625_kelly,away,-5.931903046184084,False,0.396577137242057,2.521577534586,False,-1.59
2023-04,data\historical_csv\football-data\2223\B1.csv:293,data\historical_csv\football-data\2223\B1.csv,293,2023-04-15,B1,Oostende,Oud-Heverlee Leuven,draw,0.2588141309145537,0.2487115567579561,4.1458,4.21,3.1108372007134344,0.0081025741565976,4,0.0,PS,4.0-5.0,sportsbook,0.2412079695113126,1.0729916239455568,0.0101025741565976,0.0313065369652194,1.4220957735832738,0.0669847543610557,0.368058481717215,0.25,1.5485551642626438,draw:4.0-5.0,draw:sportsbook,sportsbook:4.0-5.0,5.041958856877904,5.041958856877904,0.2533695760935837,lower_clv,True,4.941856118627408,4.941856118627408,0.2531281203112244,4.9919074877526555,0.10010273825049598,4.941856118627408,0.2531281203112244,0.2531281203112244,0.5,0.49,model_agreement_0.625_kelly,away,4.851784691735039,True,0.2529108608513075,3.953962264150944,False,-0.49
2023-04,data\historical_csv\football-data\2223\T1.csv:263,data\historical_csv\football-data\2223\T1.csv,263,2023-04-18,T1,Alanyaspor,Galatasaray,away,0.6334581322664995,0.6222876508227329,1.8036,1.82,12.2358007023881,0.0091704814437666,5,0.0,BW,1.5-2.0,sportsbook,0.5544466622310933,1.1425050873558589,0.0111704814437666,0.0144768548648272,0.5897846675647921,0.4012692053345619,0.3736038939550115,0.2,0.9092925260590023,away:1.5-2.0,away:sportsbook,sportsbook:1.5-2.0,11.835306529304493,11.835306529304493,0.6200671242476408,lower_clv,True,12.8436179964851,12.8436179964851,0.625657673522317,12.339462262894797,1.008311467180608,11.835306529304493,0.6200671242476408,0.6200671242476408,1.0,9.2,model_agreement_0.625_kelly,away,19.832952021326776,True,0.6644098027352338,1.5050951925802611,True,7.39
2023-04,data\historical_csv\football-data\2223\N1.csv:263,data\historical_csv\football-data\2223\N1.csv,263,2023-04-21,N1,Volendam,Cambuur,home,0.5574158469416841,0.5513886469346645,1.882,1.9,3.771343353103851,0.0040272000070196,5,0.0,IW,1.5-2.0,sportsbook,0.5313496280552604,1.0490566239442494,0.0060272000070196,0.0072247677010176,0.6323350411631878,0.310712426421715,0.352473572520883,0.2,0.9564293304994642,home:1.5-2.0,home:sportsbook,sportsbook:1.5-2.0,3.1875354051708213,3.1875354051708213,0.5482865855747653,lower_clv,True,3.80275941150936,3.80275941150936,0.5515555760441517,3.495147408340091,0.6152240063385386,3.1875354051708213,0.5482865855747653,0.5482865855747653,1.0,2.26,model_agreement_0.625_kelly,home,2.344849032548524,True,0.5438089746681644,1.8388810162800389,True,1.99
2023-04,data\historical_csv\football-data\2223\E2.csv:525,data\historical_csv\football-data\2223\E2.csv,525,2023-04-25,E2,Lincoln,Burton,home,0.4610379126664662,0.44217558656864,2.274,2.3,0.550728385708732,0.0168623260978262,5,0.0,BW,2.0-3.0,sportsbook,0.4397537379067722,1.0484002134035444,0.0188623260978262,0.0365747059722291,0.8215403953283443,0.2125559569158521,0.3787612690333634,0.2,1.1433597185575906,home:2.0-3.0,home:sportsbook,sportsbook:2.0-3.0,2.658589208288046,2.658589208288046,0.4514449833258049,lower_clv,True,3.106703672341049,3.106703672341049,0.4534155834315789,2.8826464403145478,0.44811446405300304,2.658589208288046,0.4514449833258049,0.4514449833258049,1.0,1.3,model_agreement_0.625_kelly,away,-0.0275368721855406,False,0.4396326434820337,2.2746263609537145,False,-1.3
2023-04,data\historical_csv\football-data\2223\T1.csv:284,data\historical_csv\football-data\2223\T1.csv,284,2023-04-29,T1,Ankaragucu,Kasimpasa,home,0.4784654253883985,0.4654323897218781,2.274,2.3,5.839325422755093,0.0110330356665203,5,0.0,BW,2.0-3.0,sportsbook,0.4397537379067722,1.088030377333218,0.0130330356665203,0.0230592119745416,0.8215403953283443,0.2289291632921011,0.3930786747245293,0.2,1.1433597185575906,home:2.0-3.0,home:sportsbook,sportsbook:2.0-3.0,6.284100419286132,6.284100419286132,0.4673883043943981,lower_clv,True,6.725668045799438,6.725668045799438,0.4693301145373766,6.504884232542785,0.44156762651330617,6.284100419286132,0.4673883043943981,0.4673883043943981,1.0,3.08,model_agreement_0.625_kelly,draw,12.656742611228466,True,0.4954122366368886,2.018520993321665,False,-3.08
2023-05,data\historical_csv\football-data\2223\G1.csv:229,data\historical_csv\football-data\2223\G1.csv,229,2023-05-06,G1,Giannina,Asteras Tripolis,draw,0.4017102322417646,0.3846307730584543,2.715,2.75,4.427254885370346,0.0150794591833102,5,0.0,VC,2.0-3.0,sportsbook,0.3683241252302026,1.0906432805363908,0.0170794591833102,0.037538150569774,0.9987919533858988,0.1613711106877324,0.4012249475558551,0.2,1.2891344383057168,draw:2.0-3.0,draw:sportsbook,sportsbook:2.0-3.0,6.785686201117546,6.785686201117546,0.3933174445713354,lower_clv,True,9.710269085476654,9.710269085476654,0.4040893888967832,8.2479776432971,2.9245828843591077,6.785686201117546,0.3933174445713354,0.3933174445713354,1.0,2.47,model_agreement_0.625_kelly,home,14.41608166826054,True,0.4214220319272948,2.372918177596665,False,-2.47
2023-05,data\historical_csv\football-data\2223\E3.csv:544,data\historical_csv\football-data\2223\E3.csv,544,2023-05-08,E3,Colchester,Mansfield,home,0.2735544269827748,0.2674604309537525,3.94,4.0,5.379409795778511,0.0040939960290222,5,0.0,B365,3.0-4.0,sportsbook,0.2538071065989847,1.077804442312133,0.0060939960290222,0.0149659286240689,1.3711807233098423,0.0748320245218742,0.3750925570548507,0.2,1.522842639593902,home:3.0-4.0,home:sportsbook,sportsbook:3.0-4.0,5.777954745669362,5.777954745669362,0.2684719663595669,lower_clv,True,5.778963744607202,5.778963744607202,0.2684745272705766,5.778459245138282,0.001008998937839678,5.777954745669362,0.2684719663595669,0.2684719663595669,1.0,1.23,model_agreement_0.625_kelly,away,-16.459804167551283,False,0.2120309538894637,4.716292511334554,False,-1.23
2023-05,data\historical_csv\football-data\2223\F2.csv:345,data\historical_csv\football-data\2223\F2.csv,345,2023-05-13,F2,Dijon,Amiens,home,0.4976985672323841,0.4902451714302382,2.274,2.3,11.481751983236176,0.0054533958021458,5,0.0,BW,2.0-3.0,sportsbook,0.4397537379067722,1.1317665418864415,0.0074533958021458,0.0109572262433287,0.8215403953283443,0.2477038638251679,0.4088794776784434,0.2,1.1433597185575906,home:2.0-3.0,home:sportsbook,sportsbook:2.0-3.0,10.762392135359605,10.762392135359605,0.4870817596102005,lower_clv,True,11.930510335713508,11.930510335713508,0.4922186030594261,11.346451235536556,1.168118200353904,10.762392135359605,0.4870817596102005,0.4870817596102005,1.0,5.28,model_agreement_0.625_kelly,home,9.815775029653404,True,0.4829189755041926,2.0707407468425685,True,6.73
2023-05,data\historical_csv\football-data\2223\E0.csv:365,data\historical_csv\football-data\2223\E0.csv,365,2023-05-20,E0,Nott'm Forest,Arsenal,away,0.6026502132493947,0.5987770058497258,1.686,1.7,0.9538031862637686,0.0018732073996689,5,0.0,IW,1.5-2.0,sportsbook,0.5931198102016607,1.0160682595384796,0.0038732073996688,0.0031082829782285,0.5223588595796637,0.3631872795295409,0.3147996781183949,0.2,0.8303677342823335,away:1.5-2.0,away:sportsbook,sportsbook:1.5-2.0,1.182288727150598,1.182288727150598,0.6001321988561721,lower_clv,True,1.6971436273890417,1.6971436273890417,0.6031859052632802,1.43971617726982,0.5148549002384437,1.182288727150598,0.6001321988561721,0.6001321988561721,0.25,0.27,model_agreement_0.625_kelly,home,-1.4492969489315222,False,0.5845237428888996,1.71079449238056,False,-0.27
2023-08,data\historical_csv\football-data\2324\I2.csv:23,data\historical_csv\football-data\2324\I2.csv,23,2023-08-30,I2,Catanzaro,Spezia,home,0.3095091107377858,0.3039235425100169,3.45,3.5,4.853622165955862,0.0035855682277688,5,0.0,VC,3.0-4.0,sportsbook,0.2898550724637681,1.067806432045361,0.0055855682277688,0.0115846936434982,1.2383742310432684,0.0957958896296949,0.3832881070107913,0.2,1.4492753623188248,home:3.0-4.0,home:sportsbook,sportsbook:3.0-4.0,4.974757929538455,2.8396685772000296,0.2980859958759421,lower_clv,True,4.957420601673168,3.0929118782789145,0.2988200344297939,4.966089265605811,0.0173373278652873,2.8396685772000296,0.2980859958759421,0.2980859958759421,1.0,0.72,model_agreement_0.625_kelly,home,17.60888979239079,True,0.3408953327315674,2.9334517195852423,True,1.76
2023-10,data\historical_csv\football-data\2324\G1.csv:52,data\historical_csv\football-data\2324\G1.csv,52,2023-10-21,G1,Aris,Panserraikos,home,0.6449912687659259,0.6333022337414895,1.6467999999999998,1.66,4.292211852548489,0.0096890350244364,5,0.0,BW,1.5-2.0,sportsbook,0.6072382803011902,1.062171621403727,0.0116890350244364,0.0150219630770733,0.4988340109136124,0.4160137367842789,0.3217435816027666,0.2,0.8015545299975724,home:1.5-2.0,home:sportsbook,sportsbook:1.5-2.0,3.233025096211125,1.0939521597099997,0.613881176583131,lower_clv,True,4.048800430568855,3.1583469406971654,0.6264169719498249,3.64091276338999,0.8157753343577303,1.0939521597099997,0.613881176583131,0.613881176583131,0.25,0.26,model_agreement_0.625_kelly,home,4.7069681464525726,True,0.6358207927280337,1.5727702073243466,True,0.17
2023-12,data\historical_csv\football-data\2324\G1.csv:96,data\historical_csv\football-data\2324\G1.csv,96,2023-12-17,G1,Lamia,Volos NFC,home,0.5007764890005578,0.4964795167947295,2.127,2.15,5.601193222238976,0.0022969722058282,5,0.0,VC,2.0-3.0,sportsbook,0.4701457451810061,1.0651515921041863,0.0042969722058282,0.00458682117927,0.7547125362181001,0.2507770919357258,0.3779422940920064,0.2,1.0813352139163124,home:2.0-3.0,home:sportsbook,sportsbook:2.0-3.0,4.222707520349903,2.077667235074229,0.4799138092857275,lower_clv,True,3.996486664861476,2.8376646246726533,0.4834869046764112,4.109597092605689,0.2262208554884273,2.077667235074229,0.4799138092857275,0.4799138092857275,1.0,1.15,model_agreement_0.625_kelly,away,-6.708452759711592,False,0.4386062399637443,2.2799493232988683,False,-1.15
2024-02,data\historical_csv\football-data\2324\E3.csv:348,data\historical_csv\football-data\2324\E3.csv,348,2024-02-03,E3,Salford,Wrexham,home,0.2616059768953745,0.2573520300954633,4.136,4.2,6.44079964748363,0.0022539467999112,4,0.0,B365,4.0-5.0,sportsbook,0.241779497098646,1.082002320439269,0.0042539467999112,0.0086158077374992,1.419729137206128,0.0684376871473832,0.3714096278656363,0.25,1.547388781431347,home:4.0-5.0,home:sportsbook,sportsbook:4.0-5.0,5.716306101217945,5.716306101217945,0.2556003532427899,lower_clv,True,6.069218430633816,6.069218430633816,0.2564536228980508,5.89276226592588,0.35291232941587136,5.716306101217945,0.2556003532427899,0.2556003532427899,0.5,0.57,model_agreement_0.625_kelly,home,24.5960862943017,True,0.3012477908469577,3.3195264177323978,True,1.79
2024-02,data\historical_csv\football-data\2324\E2.csv:387,data\historical_csv\football-data\2324\E2.csv,387,2024-02-17,E2,Peterboro,Blackpool,away,0.27214748332575,0.2674700940011073,3.94,4.0,5.383217036436272,0.0026773893246427,4,0.0,B365,3.0-4.0,sportsbook,0.2538071065989847,1.0722610843034552,0.0046773893246427,0.0098380087587951,1.3711807233098423,0.0740642526805394,0.3731633830335553,0.25,1.522842639593902,away:3.0-4.0,away:sportsbook,sportsbook:3.0-4.0,4.104914714477715,4.104914714477715,0.2642256718641566,lower_clv,True,4.446329450213149,4.446329450213149,0.2650922067264293,4.275622082345432,0.3414147357354338,4.104914714477715,0.2642256718641566,0.2642256718641566,0.5,0.44,model_agreement_0.625_kelly,away,-3.588266031430709,False,0.2446998324075362,4.086639496894081,True,1.29
2024-03,data\historical_csv\football-data\2324\E3.csv:441,data\historical_csv\football-data\2324\E3.csv,441,2024-03-12,E3,Tranmere,Mansfield,home,0.2535221404537848,0.2448971421261349,4.136,4.2,1.289457983369413,0.0066249983276499,4,0.0,B365,4.0-5.0,sportsbook,0.241779497098646,1.0485675729168542,0.0086249983276499,0.026131833360951,1.419729137206128,0.0642734757002686,0.3599327697291027,0.25,1.547388781431347,home:4.0-5.0,home:sportsbook,sportsbook:4.0-5.0,3.4938670055037946,3.4938670055037946,0.2502269511738486,lower_clv,True,3.57820836749736,3.57820836749736,0.2504308712947228,3.5360376865005776,0.08434136199356557,3.4938670055037946,0.2502269511738486,0.2502269511738486,0.5,0.35,model_agreement_0.625_kelly,home,7.211649488317517,True,0.2592157869640172,3.857789726899674,True,1.1
2024-04,data\historical_csv\football-data\2324\E1.csv:493,data\historical_csv\football-data\2324\E1.csv,493,2024-04-09,E1,Preston,Huddersfield,away,0.3328168276036377,0.3254090875686301,3.205,3.25,4.293612565745941,0.0054077400350076,4,0.0,BW,3.0-4.0,sportsbook,0.31201248049922,1.066677932469659,0.0074077400350076,0.0162483972758971,1.1647120903726331,0.1107670407361495,0.3876357829894212,0.25,1.4040561622464809,away:3.0-4.0,away:sportsbook,sportsbook:3.0-4.0,3.3936745261650803,3.3936745261650803,0.3226011685683778,lower_clv,True,4.233576099467862,4.233576099467862,0.3252217663009917,3.813625312816471,0.8399015733027815,3.3936745261650803,0.3226011685683778,0.3226011685683778,0.5,0.48,model_agreement_0.625_kelly,home,2.3434281005356272,True,0.3193242686444169,3.131612903225807,False,-0.48
2024-04,data\historical_csv\football-data\2324\E3.csv:509,data\historical_csv\football-data\2324\E3.csv,509,2024-04-09,E3,Newport County,Accrington,away,0.3771995874401233,0.3723467012196274,2.764,2.8,2.91662821710501,0.0028528862204958,4,0.0,BW,2.0-3.0,sportsbook,0.361794500723589,1.0425796596845007,0.0048528862204959,0.0075633333531913,1.016678905905423,0.1422795287649992,0.3834908638666016,0.25,1.302460202604916,away:2.0-3.0,away:sportsbook,sportsbook:2.0-3.0,2.221481455591197,2.221481455591197,0.3698316984645123,lower_clv,True,2.5297006106980824,2.5297006106980824,0.3709468184178657,2.37559103314464,0.30821915510688536,2.221481455591197,0.3698316984645123,0.3698316984645123,0.5,0.39,model_agreement_0.625_kelly,away,10.308266763533403,True,0.3990892429939703,2.505705221463733,True,0.69
2024-05,data\historical_csv\football-data\2324\T1.csv:347,data\historical_csv\football-data\2324\T1.csv,347,2024-05-05,T1,Buyuksehyr,Kasimpasa,away,0.2751771732005432,0.2679091105751124,3.94,4.0,5.556189566594316,0.0052680626254308,4,0.0,B365,3.0-4.0,sportsbook,0.2538071065989847,1.0841980624101404,0.0072680626254307,0.0191442573675671,1.3711807233098423,0.0757224766506417,0.3773176353874787,0.25,1.522842639593902,away:3.0-4.0,away:sportsbook,sportsbook:3.0-4.0,3.3827930536563287,3.3827930536563287,0.2623928757707013,lower_clv,True,3.7608748917045576,3.7608748917045576,0.2633524743444278,3.571833972680443,0.3780818380482289,3.3827930536563287,0.2623928757707013,0.2623928757707013,0.5,0.36,model_agreement_0.625_kelly,home,1.761942179061915,True,0.2582790410636089,3.8717814495591223,False,-0.36
2024-05,data\historical_csv\football-data\2324\T1.csv:368,data\historical_csv\football-data\2324\T1.csv,368,2024-05-18,T1,Kayserispor,Konyaspor,draw,0.385651878196462,0.3779462600688857,2.862,2.9,8.1682196317151,0.0057056181275762,4,0.0,VC,2.0-3.0,sportsbook,0.3494060097833683,1.1037356753982743,0.0077056181275763,0.0147947370417568,1.0515206811342592,0.1487273711564588,0.4055209256418501,0.25,1.327742837176782,draw:2.0-3.0,draw:sportsbook,sportsbook:2.0-3.0,7.7373853332460785,7.7373853332460785,0.3764408991378269,lower_clv,True,6.98902802900947,6.98902802900947,0.3738260937421714,7.3632066811277745,0.7483573042366087,6.98902802900947,0.3738260937421714,0.3738260937421714,0.5,1.17,model_agreement_0.625_kelly,draw,7.776660180049544,True,0.3765781278128914,2.655491453547364,True,2.18
2024-08,data\historical_csv\football-data\2425\D2.csv:6,data\historical_csv\football-data\2425\D2.csv,6,2024-08-03,D2,Magdeburg,Elversberg,away,0.2661815123976132,0.2576316369336999,3.8665,4.0,-0.3867275795849223,0.0065498754639132,6,0.025,BFE,3.0-4.0,exchange,0.258631837579206,1.0291908176853717,0.0085498754639132,0.0246068008439642,1.352349705066953,0.0708525975422807,0.3599704897851877,0.1666666666666666,3.452735031682397,away:3.0-4.0,away:exchange,exchange:3.0-4.0,4.222454423151861,4.222454423151861,0.2695524490447481,lower_clv,True,3.363573011955068,3.363573011955068,0.2673311082683436,3.793013717553465,0.8588814111967928,3.363573011955068,0.2673311082683436,0.2673311082683436,1.0,0.73,model_agreement_0.625_kelly,draw,17.799329951587815,True,0.3046665717097835,3.282276734162259,False,-0.73
2024-08,data\historical_csv\football-data\2425\E2.csv:8,data\historical_csv\football-data\2425\E2.csv,8,2024-08-10,E2,Leyton Orient,Bolton,home,0.2718250498998656,0.2675937571108823,3.818725,3.95,2.1866970123254115,0.0022312927889833,6,0.025,BFE,3.0-4.0,exchange,0.2618675081342594,1.0380251136788643,0.0042312927889833,0.0082085620505002,1.3399165972714946,0.0738888577530644,0.3642228959149822,0.1666666666666666,3.437665713032501,home:3.0-4.0,home:exchange,exchange:3.0-4.0,6.034643250444845,6.034643250444845,0.2776702780389917,lower_clv,True,5.246129621964002,5.246129621964002,0.2756054170487898,5.640386436204423,0.7885136284808434,5.246129621964002,0.2756054170487898,0.2756054170487898,1.0,1.16,model_agreement_0.625_kelly,away,-4.908659704556129,False,0.2490133232831478,4.015849380327819,False,-1.16
2024-08,data\historical_csv\football-data\2425\P1.csv:6,data\historical_csv\football-data\2425\P1.csv,6,2024-08-11,P1,Estoril,Santa Clara,away,0.2705534494001255,0.2610552073614329,3.818725,3.95,-0.3101953268712099,0.0074982420386926,6,0.025,BFE,3.0-4.0,exchange,0.2618675081342594,1.0331692210604944,0.0094982420386925,0.0277144573662535,1.3399165972714946,0.0731991689823062,0.3625190573002816,0.1666666666666666,3.437665713032501,away:3.0-4.0,away:exchange,exchange:3.0-4.0,4.3510116624380215,4.3510116624380215,0.2732613939533169,lower_clv,True,3.4769065914142416,3.4769065914142416,0.2709723967853517,3.9139591269261316,0.8741050710237799,3.4769065914142416,0.2709723967853517,0.2709723967853517,1.0,0.77,model_agreement_0.625_kelly,away,28.56056733167083,True,0.3366583541147132,2.9703703703703703,True,2.17
2024-08,data\historical_csv\football-data\2425\I2.csv:7,data\historical_csv\football-data\2425\I2.csv,7,2024-08-18,I2,Catanzaro,Sassuolo,home,0.2792208182491818,0.2652220095352568,3.6754,3.8,-2.520302615411718,0.011998808713925,6,0.025,BFE,3.0-4.0,exchange,0.2720792294716221,1.026248195393043,0.013998808713925,0.0429724717131122,1.301661970279187,0.0779642653437426,0.3634511204251968,0.1666666666666666,3.390107199216419,home:3.0-4.0,home:exchange,exchange:3.0-4.0,4.091834765752942,4.091834765752942,0.2832122619735347,lower_clv,True,3.095557764835166,3.095557764835166,0.2805015991860346,3.5936962652940543,0.9962770009177762,3.095557764835166,0.2805015991860346,0.2805015991860346,1.0,0.72,model_agreement_0.625_kelly,draw,2.8298761907741943,True,0.2797787348064814,3.5742530635564003,False,-0.72
2024-08,data\historical_csv\football-data\2425\F2.csv:13,data\historical_csv\football-data\2425\F2.csv,13,2024-08-23,F2,Laval,Guingamp,home,0.294769622197872,0.285548434504295,3.436525,3.55,-1.8705666115127475,0.007221187693577,6,0.025,BFE,3.0-4.0,exchange,0.2909916267159413,1.012983175923542,0.0092211876935769,0.0244977336529257,1.234460786396652,0.0868891301706762,0.3638815396242292,0.1666666666666666,3.302027484159153,home:3.0-4.0,home:exchange,exchange:3.0-4.0,3.7721067382362423,3.7721067382362423,0.3019681414749965,lower_clv,True,2.4541897530614643,2.4541897530614643,0.2981331134010708,3.113148245648853,1.317916985174778,2.4541897530614643,0.2981331134010708,0.2981331134010708,1.0,0.63,model_agreement_0.625_kelly,away,-1.853408385350841,False,0.2855983635057192,3.5014206234412635,False,-0.63
2024-08,data\historical_csv\football-data\2425\T1.csv:21,data\historical_csv\football-data\2425\T1.csv,21,2024-08-24,T1,Sivasspor,Eyupspor,away,0.3088809723755851,0.304211025304162,3.2932,3.4,0.1827748531666451,0.002669947071423,6,0.025,BFE,3.0-4.0,exchange,0.3036560184622859,1.0172068182272769,0.004669947071423,0.0086439350759896,1.1918597364421335,0.095407455095687,0.3681427943275549,0.1666666666666666,3.2430462771772195,away:3.0-4.0,away:exchange,exchange:3.0-4.0,3.799250052346438,3.799250052346438,0.3151926699026675,lower_clv,True,2.4226970544601434,2.4226970544601434,0.3110126838772627,3.1109735534032907,1.3765529978862947,2.4226970544601434,0.3110126838772627,0.3110126838772627,1.0,0.66,model_agreement_0.625_kelly,away,11.305767153617309,True,0.3379866608575771,2.958696646378556,True,1.51
2024-08,data\historical_csv\football-data\2425\N1.csv:23,data\historical_csv\football-data\2425\N1.csv,23,2024-08-25,N1,Groningen,AZ Alkmaar,home,0.2549838830480945,0.2473306342362368,3.962049999999999,4.1,-2.006366062431797,0.0056532488118576,6,0.025,BFE,3.0-4.0,exchange,0.2523945937078028,1.0102588938307029,0.0076532488118576,0.0221710044740016,1.3767615680856735,0.0650167806142843,0.3510520106618686,0.1666666666666666,3.481783420199158,home:3.0-4.0,home:exchange,exchange:3.0-4.0,3.89247420069244,3.89247420069244,0.2622189881518215,lower_clv,True,3.1081490050856475,3.1081490050856475,0.2602393937610218,3.5003116028890435,0.7843251956067925,3.1081490050856475,0.2602393937610218,0.2602393937610218,1.0,0.66,model_agreement_0.625_kelly,draw,7.211243303795345,True,0.2705953819456982,3.69555456863146,False,-0.66
2024-08,data\historical_csv\football-data\2425\T1.csv:24,data\historical_csv\football-data\2425\T1.csv,24,2024-08-25,T1,Antalyaspor,Hatayspor,away,0.2881569624731262,0.2818060649860899,3.532075,3.65,-0.463984301425635,0.0043508974870362,6,0.025,BFE,3.0-4.0,exchange,0.2831196959294466,1.0177920032272672,0.0063508974870362,0.0150990538271031,1.2618855169443524,0.0830344350217386,0.3636210975515152,0.1666666666666666,3.338689014248009,away:3.0-4.0,away:exchange,exchange:3.0-4.0,3.701112012522956,3.701112012522956,0.2935982730053098,lower_clv,True,2.510885608690794,2.510885608690794,0.2902285076299082,3.105998810606875,1.1902264038321624,2.510885608690794,0.2902285076299082,0.2902285076299082,1.0,0.62,model_agreement_0.625_kelly,home,12.3166615681769,True,0.317990590709928,3.1447471378554184,False,-0.62
2024-08,data\historical_csv\football-data\2425\F1.csv:18,data\historical_csv\football-data\2425\F1.csv,18,2024-08-25,F1,Strasbourg,Rennes,home,0.3059262223683389,0.3006486826499399,3.2932,3.4,-0.9903758297218124,0.003277539718399,6,0.025,BFE,3.0-4.0,exchange,0.3036560184622859,1.0074762355034137,0.005277539718399,0.0107134971727035,1.1918597364421335,0.0935908535325623,0.364621146762666,0.1666666666666666,3.2430462771772195,home:3.0-4.0,home:exchange,exchange:3.0-4.0,3.849391630917454,3.849391630917454,0.3153449278237504,lower_clv,True,2.331221563966768,2.331221563966768,0.3107349130449616,3.090306597442111,1.518170066950686,2.331221563966768,0.3107349130449616,0.3107349130449616,1.0,0.64,model_agreement_0.625_kelly,home,-4.390967741935492,False,0.2903225806451613,3.444444444444444,True,1.47
2024-08,data\historical_csv\football-data\2425\I2.csv:24,data\historical_csv\football-data\2425\I2.csv,24,2024-08-27,I2,Cittadella,Pisa,away,0.421423258733032,0.41649718428931,2.5876,2.62,7.772811406701852,0.002926074443722,6,0.0,WH,2.0-3.0,sportsbook,0.3864584943577059,1.0904748242975937,0.004926074443722,0.0069433150237578,0.9507308051876934,0.177597563001168,0.4006600741000772,0.1666666666666666,1.2521255217189609,away:2.0-3.0,away:sportsbook,sportsbook:2.0-3.0,3.0935729968352064,3.0935729968352064,0.3984138699831319,lower_clv,True,4.658495300947374,4.658495300947374,0.4044616451574717,3.87603414889129,1.5649223041121676,3.0935729968352064,0.3984138699831319,0.3984138699831319,1.0,1.22,model_agreement_0.625_kelly,draw,15.968188263350314,True,0.4481689142964535,2.2313015653257087,False,-1.22
2024-08,data\historical_csv\football-data\2425\I2.csv:25,data\historical_csv\football-data\2425\I2.csv,25,2024-08-27,I2,Cremonese,Palermo,home,0.5213503837425038,0.513640893859402,2.0780000000000003,2.1,6.734577743983761,0.0057094898831016,6,0.0,WH,2.0-3.0,sportsbook,0.4812319538017324,1.083366097416923,0.0077094898831017,0.0109513487687804,0.7314058926770358,0.2718062226284559,0.3813187428187011,0.1666666666666666,1.0587102983637964,home:2.0-3.0,home:sportsbook,sportsbook:2.0-3.0,2.860489804331116,2.860489804331116,0.4949975447754143,lower_clv,True,4.987388318782893,4.987388318782893,0.5052328600518906,3.9239390615570047,2.1268985144517765,2.860489804331116,0.4949975447754143,0.4949975447754143,1.0,1.66,model_agreement_0.625_kelly,away,0.7277967768115401,True,0.4847343444504886,2.0629856568831206,False,-1.66
2024-08,data\historical_csv\football-data\2425\E1.csv:39,data\historical_csv\football-data\2425\E1.csv,39,2024-08-31,E1,Burnley,Blackburn,away,0.2462108499939113,0.2402772778004797,4.153149999999999,4.3,-0.2092423702937607,0.0039335721934315,6,0.025,BFE,4.0-5.0,exchange,0.2407810938685095,1.0225505916522126,0.0059335721934315,0.0159764372428299,1.423867082464937,0.0606197826547243,0.3505715246520428,0.1666666666666666,3.5358703634590816,away:4.0-5.0,away:exchange,exchange:4.0-5.0,4.538188845735083,4.538188845735083,0.2517081946130891,lower_clv,True,3.9241430093327256,3.9241430093327256,0.2502296883313454,4.231165927533905,0.6140458364023571,3.9241430093327256,0.2502296883313454,0.2502296883313454,1.0,0.78,model_agreement_0.625_kelly,draw,13.104994571366335,True,0.2723354431488541,3.6719421770357528,False,-0.78
2024-08,data\historical_csv\football-data\2425\SC0.csv:22,data\historical_csv\football-data\2425\SC0.csv,22,2024-08-31,SC0,Ross County,Aberdeen,home,0.2554754672013075,0.2462987835596252,3.962049999999999,4.1,-2.4151904597587204,0.0071766836416823,6,0.025,BFE,3.0-4.0,exchange,0.2523945937078028,1.0122065748249405,0.0091766836416823,0.0280914786860035,1.3767615680856735,0.0652677143417263,0.3517288048314922,0.1666666666666666,3.481783420199158,home:3.0-4.0,home:exchange,exchange:3.0-4.0,3.837234069504479,3.837234069504479,0.262079565047146,lower_clv,True,3.0515996503286624,3.0515996503286624,0.2600966662468386,3.4444168599165708,0.7856344191758167,3.0515996503286624,0.2600966662468386,0.2600966662468386,1.0,0.64,model_agreement_0.625_kelly,away,-13.531080415176769,False,0.2182428782696413,4.582051006331073,False,-0.64
2024-08,data\historical_csv\football-data\2425\E2.csv:48,data\historical_csv\football-data\2425\E2.csv,48,2024-08-31,E2,Shrewsbury,Leyton Orient,home,0.319363800267192,0.3150915335778172,3.149875,3.25,-0.7501055671572887,0.0022722666893748,6,0.025,BFE,3.0-4.0,exchange,0.3174729155918885,1.0059560503666216,0.0042722666893748,0.0071149788657128,1.1473627695104864,0.1019932369211029,0.3664261343559593,0.1666666666666666,3.178697567363775,home:3.0-4.0,home:exchange,exchange:3.0-4.0,3.822806622160827,3.822806622160827,0.3296092912327023,lower_clv,True,2.149393231726693,2.149393231726693,0.324296656952186,2.98609992694376,1.673413390434134,2.149393231726693,0.324296656952186,0.324296656952186,1.0,0.62,model_agreement_0.625_kelly,home,-15.10984434990258,False,0.2695032521928566,3.7105303622993007,True,1.33
2024-09,data\historical_csv\football-data\2425\I2.csv:52,data\historical_csv\football-data\2425\I2.csv,52,2024-09-20,I2,Catanzaro,Cremonese,home,0.3390409781692634,0.3334936344793357,3.058,3.1,1.9823534237808584,0.0035473436899276,6,0.0,WH,3.0-4.0,sportsbook,0.3270111183780249,1.0367873112416073,0.0055473436899276,0.0104628759304624,1.1177611075068703,0.1149487848779709,0.3789668192486885,0.1666666666666666,1.373446697187708,home:3.0-4.0,home:sportsbook,sportsbook:3.0-4.0,2.224137088598402,2.224137088598402,0.3342842939457109,lower_clv,True,2.651056804230212,2.651056804230212,0.3356803688823748,2.437596946414307,0.42691971563180964,2.224137088598402,0.3342842939457109,0.3342842939457109,1.0,0.68,model_agreement_0.625_kelly,away,5.931800979659441,True,0.3464087671015678,2.886762966096634,False,-0.68
2024-09,data\historical_csv\football-data\2425\SP1.csv:55,data\historical_csv\football-data\2425\SP1.csv,55,2024-09-21,SP1,Valladolid,Sociedad,draw,0.3188259882998037,0.3142520553025388,3.2834,3.33,3.1815198380355847,0.0025739329972649,6,0.0,1XB,3.0-4.0,sportsbook,0.3045623439117987,1.0468332499835755,0.0045739329972649,0.0080731593148691,1.1888794708782808,0.1016500108153466,0.3790456722721156,0.1666666666666666,1.4192605226289956,draw:3.0-4.0,draw:sportsbook,sportsbook:3.0-4.0,3.520348662152457,3.520348662152457,0.3152840003111179,lower_clv,True,3.8785743669315087,3.8785743669315087,0.3163750209140876,3.6994615145419827,0.3582257047790516,3.520348662152457,0.3152840003111179,0.3152840003111179,1.0,0.96,model_agreement_0.625_kelly,draw,3.364523288144272,True,0.3148094148996292,3.176525074127247,True,2.19
2024-09,data\historical_csv\football-data\2425\F1.csv:45,data\historical_csv\football-data\2425\F1.csv,45,2024-09-22,F1,Montpellier,Auxerre,draw,0.2839724579355319,0.2762983380554216,3.695,3.75,2.0922359114782907,0.0056741198801102,6,0.0,1XB,3.0-4.0,sportsbook,0.2706359945872801,1.0492782320717902,0.0076741198801102,0.01998123311451,1.3069805544001651,0.0806403568659474,0.371146480506959,0.1666666666666666,1.4884979702300516,draw:3.0-4.0,draw:sportsbook,sportsbook:3.0-4.0,3.310261284780863,3.310261284780863,0.2795947531387845,lower_clv,True,3.872448440824039,3.872448440824039,0.2811162339399838,3.5913548628024508,0.5621871560431759,3.310261284780863,0.2795947531387845,0.2795947531387845,1.0,0.77,model_agreement_0.625_kelly,home,-0.909150012779103,False,0.268175507407905,3.7289013067064416,False,-0.77
2024-09,data\historical_csv\football-data\2425\SP1.csv:59,data\historical_csv\football-data\2425\SP1.csv,59,2024-09-22,SP1,Getafe,Leganes,draw,0.339511600431358,0.3315777873867136,3.058,3.1,1.3964873828570257,0.0059338130446443,6,0.0,1XB,3.0-4.0,sportsbook,0.3270111183780249,1.0382264741190923,0.0079338130446443,0.0174774971962822,1.1177611075068703,0.115268126827462,0.3794928625095848,0.1666666666666666,1.373446697187708,draw:3.0-4.0,draw:sportsbook,sportsbook:3.0-4.0,2.518582595474397,2.518582595474397,0.3352471634907599,lower_clv,True,2.7562520976615046,2.7562520976615046,0.3360243691879055,2.6374173465679505,0.2376695021871078,2.518582595474397,0.3352471634907599,0.3352471634907599,1.0,0.76,model_agreement_0.625_kelly,draw,6.453696134248288,True,0.3481154222833496,2.872610450409885,True,1.56
2024-09,data\historical_csv\football-data\2425\F2.csv:63,data\historical_csv\football-data\2425\F2.csv,63,2024-09-28,F2,Troyes,Metz,away,0.4747505455842056,0.4677340958271898,2.225,2.25,4.07083632154972,0.0050164497570158,6,0.0,BW,2.0-3.0,sportsbook,0.449438202247191,1.0563199639248575,0.0070164497570158,0.0105664960339178,0.7997569156182036,0.2253880805325008,0.3796850320244836,0.1666666666666666,1.1235955056179805,away:2.0-3.0,away:sportsbook,sportsbook:2.0-3.0,2.653652651220222,2.653652651220222,0.46136473101672,lower_clv,True,3.748618853370189,3.748618853370189,0.4662859274308772,3.2011357522952055,1.0949662021499673,2.653652651220222,0.46136473101672,0.46136473101672,1.0,1.35,model_agreement_0.625_kelly,home,15.694007662973242,True,0.5199730681481943,1.923176528279338,False,-1.35
2024-10,data\historical_csv\football-data\2425\I2.csv:82,data\historical_csv\football-data\2425\I2.csv,82,2024-10-18,I2,Bari,Catanzaro,home,0.4974558652452777,0.4852933166979466,2.0780000000000003,2.1,0.8439512098333157,0.010162548547331,6,0.0,WH,2.0-3.0,sportsbook,0.4812319538017324,1.033713287979687,0.012162548547331,0.0204290455844164,0.7314058926770358,0.2474623378669278,0.3638421511871496,0.1666666666666666,1.0587102983637964,home:2.0-3.0,home:sportsbook,sportsbook:2.0-3.0,1.066300216008464,1.066300216008464,0.486363331164622,lower_clv,True,1.8908933305267883,1.8908933305267883,0.4903315367205331,1.4785967732676262,0.8245931145183243,1.066300216008464,0.486363331164622,0.486363331164622,0.25,0.15,model_agreement_0.625_kelly,draw,4.389316512240837,True,0.502354747412131,1.990625161106722,False,-0.15
2024-10,data\historical_csv\football-data\2425\I2.csv:87,data\historical_csv\football-data\2425\I2.csv,87,2024-10-19,I2,Brescia,Sassuolo,away,0.3791160252276229,0.3724964592377283,2.764,2.8,2.958021333308114,0.0046195659898945,6,0.0,WH,2.0-3.0,sportsbook,0.361794500723589,1.0478766937291497,0.0066195659898945,0.0121850981823333,1.016678905905423,0.1437289605843916,0.3854392657396325,0.1666666666666666,1.302460202604916,away:2.0-3.0,away:sportsbook,sportsbook:2.0-3.0,2.257119693181683,2.257119693181683,0.3699606356482695,lower_clv,True,2.9463674966051734,2.9463674966051734,0.3724542962974138,2.601743594893428,0.6892478034234903,2.257119693181683,0.3699606356482695,0.3699606356482695,1.0,0.8,model_agreement_0.625_kelly,away,28.79645257377903,True,0.465978482538998,2.1460218389296752,True,1.41
2024-10,data\historical_csv\football-data\2425\SP2.csv:116,data\historical_csv\football-data\2425\SP2.csv,116,2024-10-23,SP2,Cartagena,Elche,home,0.270841268750177,0.2645258835968148,3.842,3.9,1.6308444778962317,0.0043153851533622,6,0.0,WH,3.0-4.0,sportsbook,0.2602811035918792,1.0405721545381803,0.0063153851533622,0.0159332629524149,1.345993064346365,0.0733549928582056,0.3645504692765082,0.1666666666666666,1.5096304008328951,home:3.0-4.0,home:sportsbook,sportsbook:3.0-4.0,2.8193580489866816,2.8193580489866816,0.2676193598359882,lower_clv,True,3.666512607974659,3.666512607974659,0.2698243430712511,3.2429353284806703,0.8471545589879774,2.8193580489866816,0.2676193598359882,0.2676193598359882,1.0,0.62,model_agreement_0.625_kelly,draw,-0.2985327222696399,False,0.2595040793277729,3.853503970305321,False,-0.62
2024-10,data\historical_csv\football-data\2425\I2.csv:103,data\historical_csv\football-data\2425\I2.csv,103,2024-10-29,I2,Brescia,Spezia,away,0.4213287548044679,0.4125284021591446,2.6660000000000004,2.7,9.980072015627982,0.0068003526453233,6,0.0,WH,2.0-3.0,sportsbook,0.3750937734433608,1.1232624603087118,0.0088003526453233,0.0161402528732681,0.980579221756517,0.1775179196250834,0.4131462224898076,0.1666666666666666,1.275318829707417,away:2.0-3.0,away:sportsbook,sportsbook:2.0-3.0,7.008049588121335,7.008049588121335,0.401380531088227,lower_clv,True,8.865158637999704,8.865158637999704,0.4083464315003739,7.93660411306052,1.8571090498783684,7.008049588121335,0.401380531088227,0.401380531088227,1.0,2.63,model_agreement_0.625_kelly,draw,7.577621494547726,True,0.403516959844515,2.478210582240024,False,-2.63
2024-11,data\historical_csv\football-data\2425\SP2.csv:142,data\historical_csv\football-data\2425\SP2.csv,142,2024-11-09,SP2,Mirandes,Cadiz,draw,0.3620130033280763,0.3462913882617133,2.96,3.0,2.502250925467142,0.013721615066363,6,0.0,WH,2.0-3.0,sportsbook,0.3378378378378378,1.071558489851106,0.015721615066363,0.037903652466118,1.085189268335969,0.1310534145786138,0.3928526262097018,0.1666666666666666,1.3513513513513598,draw:2.0-3.0,draw:sportsbook,sportsbook:2.0-3.0,3.14767768430766,3.14767768430766,0.3484718840686069,lower_clv,True,5.215053131748215,3.447043827244878,0.3494832561731246,4.181365408027938,2.067375447440555,3.14767768430766,0.3484718840686069,0.3484718840686069,1.0,1.0,model_agreement_0.625_kelly,draw,3.4052059510669697,True,0.3493419119968479,2.86252512412259,True,1.96
2025-02,data\historical_csv\football-data\2425\D2.csv:184,data\historical_csv\football-data\2425\D2.csv,184,2025-02-08,D2,Darmstadt,Elversberg,draw,0.2770752458908314,0.258140213231886,3.7636,3.82,-2.846349348047384,0.0169350326589453,6,0.0,1XB,3.0-4.0,sportsbook,0.2657030502710171,1.042800395434733,0.0189350326589453,0.0611206988357878,1.3253759461504735,0.0767706918854646,0.3672288661774357,0.1666666666666666,1.4985652035285346,draw:3.0-4.0,draw:sportsbook,sportsbook:3.0-4.0,3.166315587475689,3.166315587475689,0.2741160473681467,lower_clv,True,3.576545602696757,3.576545602696757,0.2752060410317163,3.371430595086223,0.41023001522106783,3.166315587475689,0.2741160473681467,0.2741160473681467,1.0,0.72,model_agreement_0.625_kelly,away,3.593363305924635,True,0.2752507261821783,3.633051268820765,False,-0.72
2025-02,data\historical_csv\football-data\2425\I1.csv:243,data\historical_csv\football-data\2425\I1.csv,243,2025-02-15,I1,Lazio,Napoli,draw,0.3062823621568367,0.3002109049648068,3.3912,3.44,1.8075220916652808,0.0040714571920298,5,0.0,1XB,3.0-4.0,sportsbook,0.2948808681292758,1.0386647465462646,0.0060714571920298,0.0132931493781056,1.2211838410562903,0.0938088853683716,0.3740270714664795,0.2,1.439018636470868,draw:3.0-4.0,draw:sportsbook,sportsbook:3.0-4.0,3.201500503894309,3.201500503894309,0.3043214806083225,lower_clv,True,3.0692860754207185,3.0692860754207185,0.3039316055538473,3.1353932896575136,0.13221442847359066,3.0692860754207185,0.3039316055538473,0.3039316055538473,1.0,0.8,model_agreement_0.625_kelly,draw,5.531066448686572,True,0.3111909248899698,3.213461319135761,True,1.91
2025-02,data\historical_csv\football-data\2425\I2.csv:260,data\historical_csv\football-data\2425\I2.csv,260,2025-02-16,I2,Palermo,Mantova,draw,0.2835719004684781,0.2701519377909617,3.7636,3.82,1.674383307006333,0.0114199626775163,5,0.0,1XB,3.0-4.0,sportsbook,0.2657030502710171,1.067251204603164,0.0134199626775163,0.0402718416692552,1.3253759461504735,0.0804130227353044,0.375839375885097,0.2,1.4985652035285346,draw:3.0-4.0,draw:sportsbook,sportsbook:3.0-4.0,4.808539659471748,4.808539659471748,0.2784794868197251,lower_clv,True,5.006045923623592,5.006045923623592,0.2790042669880529,4.90729279154767,0.19750626415184414,4.808539659471748,0.2784794868197251,0.2784794868197251,1.0,1.09,model_agreement_0.625_kelly,draw,2.473475856293472,True,0.272275151068906,3.67275528477046,True,3.01
2025-02,data\historical_csv\football-data\2425\I2.csv:259,data\historical_csv\football-data\2425\I2.csv,259,2025-02-16,I2,Juve Stabia,Cosenza,home,0.4811431133547002,0.4659254351240253,2.176,2.2,1.3853746829879166,0.0132176782306748,5,0.0,WH,2.0-3.0,sportsbook,0.4595588235294117,1.0469674146598278,0.0152176782306748,0.0274714068720979,0.7774883289936962,0.2314986955286539,0.3740831552089704,0.2,1.1029411764705843,home:2.0-3.0,home:sportsbook,sportsbook:2.0-3.0,1.2575465237633416,1.2575465237633416,0.4653379895393535,lower_clv,True,2.260541356223067,2.260541356223067,0.4699473407914663,1.7590439399932043,1.0029948324597253,1.2575465237633416,0.4653379895393535,0.4653379895393535,0.25,0.17,model_agreement_0.625_kelly,home,-2.509289713494034,False,0.448027161243134,2.2320075354925257,True,0.2
2025-02,data\historical_csv\football-data\2425\I1.csv:250,data\historical_csv\football-data\2425\I1.csv,250,2025-02-17,I1,Genoa,Venezia,draw,0.2802803039263192,0.2687302498891396,3.695,3.75,-0.70417266596291,0.0095500540371795,5,0.0,1XB,3.0-4.0,sportsbook,0.2706359945872801,1.0356357230077493,0.0115500540371795,0.0340732256366116,1.3069805544001651,0.0785570487690298,0.3663209070130674,0.2,1.4884979702300516,draw:3.0-4.0,draw:sportsbook,sportsbook:3.0-4.0,2.743251503374273,2.743251503374273,0.2780602205774676,lower_clv,True,2.7054112011141385,2.7054112011141385,0.277957811099091,2.7243313522442056,0.03784030226013435,2.7054112011141385,0.277957811099091,0.277957811099091,1.0,0.63,model_agreement_0.625_kelly,home,4.922019209123851,True,0.2839567502276694,3.521663067344675,False,-0.63
2025-02,data\historical_csv\football-data\2425\D1.csv:200,data\historical_csv\football-data\2425\D1.csv,200,2025-02-21,D1,Freiburg,Werder Bremen,draw,0.2795137129478791,0.2741875326044944,3.7048,3.76,1.5809970793130956,0.0033261803433846,5,0.0,1XB,3.0-4.0,sportsbook,0.2699201036493198,1.0355424037293026,0.0053261803433846,0.0118998825077497,1.309629276184405,0.0781279157259093,0.3660593415715465,0.2,1.4899589721442563,draw:3.0-4.0,draw:sportsbook,sportsbook:3.0-4.0,3.0787610906802327,3.0787610906802327,0.2782302987763989,lower_clv,True,3.046014821004994,3.046014821004994,0.2781419100113501,3.0623879558426133,0.032746269675238526,3.046014821004994,0.2781419100113501,0.2781419100113501,1.0,0.7,model_agreement_0.625_kelly,home,2.6812039087945383,True,0.2771572120189876,3.608060539775857,False,-0.7
2025-02,data\historical_csv\football-data\2425\B1.csv:210,data\historical_csv\football-data\2425\B1.csv,210,2025-02-21,B1,Mechelen,St Truiden,home,0.5300801278560043,0.5264951736301601,1.98,2.0,4.246044378771696,0.0015849542258442,5,0.0,WH,1.5-2.0,sportsbook,0.5050505050505051,1.0495586531548886,0.0035849542258442,0.0029900276251721,0.6830968447064438,0.2809849419478379,0.3620960627800249,0.2,1.0101010101010166,home:1.5-2.0,home:sportsbook,sportsbook:1.5-2.0,2.947950280769396,2.947950280769396,0.5199391428321687,lower_clv,True,3.747683627837284,3.747683627837284,0.5239782001405924,3.34781695430334,0.799733347067888,2.947950280769396,0.5199391428321687,0.5199391428321687,1.0,1.88,model_agreement_0.625_kelly,draw,2.7533862691141,True,0.518956496308657,1.926943794158105,False,-1.88
2025-02,data\historical_csv\football-data\2425\I1.csv:257,data\historical_csv\football-data\2425\I1.csv,257,2025-02-23,I1,Verona,Fiorentina,draw,0.2775296570005414,0.2700958429152342,3.7146,3.77,0.3298018092929178,0.0054338140853071,5,0.0,1XB,3.0-4.0,sportsbook,0.269207990093146,1.030911663894211,0.0074338140853071,0.019579219547324,1.3122710007711045,0.0770227105148381,0.3641941207357618,0.2,1.491412265116021,draw:3.0-4.0,draw:sportsbook,sportsbook:3.0-4.0,2.6458716438007785,2.6458716438007785,0.2763308879658665,lower_clv,True,2.5854989984975374,2.5854989984975374,0.2761683599808796,2.615685321149158,0.06037264530324116,2.5854989984975374,0.2761683599808796,0.2761683599808796,1.0,0.6,model_agreement_0.625_kelly,home,7.738107309638642,True,0.290039593252675,3.447805138551639,False,-0.6
2025-02,data\historical_csv\football-data\2425\T1.csv:226,data\historical_csv\football-data\2425\T1.csv,226,2025-02-24,T1,Galatasaray,Fenerbahce,draw,0.2641429988548346,0.2564797054492457,4.0576,4.12,4.0692052830859415,0.0056632934055889,5,0.0,1XB,4.0-5.0,sportsbook,0.2464511041009463,1.071786632153377,0.0076632934055889,0.0214402555817932,1.400591665820715,0.0697715238440251,0.3699564827809721,0.2,1.537854889589907,draw:4.0-5.0,draw:sportsbook,sportsbook:4.0-5.0,5.554295304553074,5.554295304553074,0.2601397262040444,lower_clv,True,5.438928175973046,5.438928175973046,0.2598554026418894,5.496611740263059,0.1153671285800284,5.438928175973046,0.2598554026418894,0.2598554026418894,1.0,1.11,model_agreement_0.625_kelly,draw,11.337349888326688,True,0.2743921280765149,3.644419419062735,True,3.39
2025-03,data\historical_csv\football-data\2425\I1.csv:300,data\historical_csv\football-data\2425\I1.csv,300,2025-03-31,I1,Verona,Parma,draw,0.3091351733490238,0.2955169327368174,3.352,3.4,-0.942724146618812,0.0116182406122064,4,0.0,1XB,3.0-4.0,sportsbook,0.2983293556085919,1.036221101065928,0.0136182406122064,0.0375830433215992,1.2095571826198366,0.095564555401531,0.3739166693247401,0.25,1.4319809069212486,draw:3.0-4.0,draw:sportsbook,sportsbook:3.0-4.0,2.3637618437003933,2.3637618437003933,0.305381151085025,lower_clv,True,2.4792535538530114,2.4792535538530114,0.3057256967597047,2.4215076987767024,0.11549171015261805,2.3637618437003933,0.305381151085025,0.305381151085025,0.5,0.31,model_agreement_0.625_kelly,draw,7.60632658732141,True,0.3210212607020328,3.115058478722333,True,0.73
2025-04,data\historical_csv\football-data\2425\F2.csv:262,data\historical_csv\football-data\2425\F2.csv,262,2025-04-07,F2,Dunkerque,Guingamp,draw,0.3240391668775574,0.315304674484635,3.205,3.25,1.0551481723255485,0.0067344923929223,4,0.0,B365,3.0-4.0,sportsbook,0.31201248049922,1.0385455298425714,0.0087344923929223,0.0207829579918252,1.1647120903726331,0.1050013816707015,0.3774123354165664,0.25,1.4040561622464809,draw:3.0-4.0,draw:sportsbook,sportsbook:3.0-4.0,2.320549879858165,2.320549879858165,0.3192528857405871,lower_clv,True,2.8546852315601168,2.8546852315601168,0.3209194547006556,2.5876175557091408,0.5341353517019516,2.320549879858165,0.3192528857405871,0.3192528857405871,0.5,0.33,model_agreement_0.625_kelly,home,-5.542406560475587,False,0.2947194803105286,3.393057014576569,False,-0.33
2025-04,data\historical_csv\football-data\2425\I1.csv:318,data\historical_csv\football-data\2425\I1.csv,318,2025-04-13,I1,Verona,Genoa,draw,0.3305861514889672,0.3264815337074587,3.107,3.15,1.4378125229074,0.0021046177815085,4,0.0,1XB,3.0-4.0,sportsbook,0.321853878339234,1.0271311726762211,0.0041046177815085,0.0063663216744843,1.1336576304109105,0.1092872035562864,0.3747715131436448,0.25,1.3839716768587085,draw:3.0-4.0,draw:sportsbook,sportsbook:3.0-4.0,2.500409107593903,2.500409107593903,0.3299015420263724,lower_clv,True,2.7493663753599185,2.7493663753599185,0.3307028206480847,2.6248877414769107,0.24895726776601546,2.500409107593903,0.3299015420263724,0.3299015420263724,0.5,0.37,model_agreement_0.625_kelly,draw,7.894369763133069,True,0.3472622135923176,2.879668333779586,True,0.78
2025-04,data\historical_csv\football-data\2425\SP1.csv:306,data\historical_csv\football-data\2425\SP1.csv,306,2025-04-13,SP1,Osasuna,Girona,draw,0.3045225165014815,0.3005619000430261,3.3716,3.42,1.337450218506664,0.0019606164584554,4,0.0,1XB,3.0-4.0,sportsbook,0.2965950883853363,1.026728116636395,0.0039606164584554,0.0064383300157246,1.21538740914119,0.0927339630563951,0.3701128323558909,0.25,1.4355202277850363,draw:3.0-4.0,draw:sportsbook,sportsbook:3.0-4.0,2.4529382320531807,2.4529382320531807,0.3038703827027321,lower_clv,True,2.767324767382151,2.767324767382151,0.3048028377250627,2.610131499717666,0.3143865353289703,2.4529382320531807,0.3038703827027321,0.3038703827027321,0.5,0.32,model_agreement_0.625_kelly,home,4.168537511296044,True,0.3089587659013407,3.2366778689144824,False,-0.32
2025-04,data\historical_csv\football-data\2425\SP1.csv:311,data\historical_csv\football-data\2425\SP1.csv,311,2025-04-18,SP1,Espanol,Getafe,draw,0.3519848823153619,0.3483335326457371,2.9208,2.96,1.7412582151668854,0.0016513496696248,4,0.0,1XB,2.0-3.0,sportsbook,0.3423719528896193,1.028077444266709,0.0036513496696248,0.0046915357806343,1.07185755135929,0.1238933573785592,0.3772776540740317,0.25,1.342098055327301,draw:2.0-3.0,draw:sportsbook,sportsbook:2.0-3.0,2.1924878276294546,2.1924878276294546,0.3498784162819415,lower_clv,True,2.952865785916936,2.952865785916936,0.3524817371470725,2.5726768067731953,0.7603779582874814,2.1924878276294546,0.3498784162819415,0.3498784162819415,0.5,0.36,model_agreement_0.625_kelly,home,5.517082962327735,True,0.3612608975702812,2.76808258719851,False,-0.36
2025-04,data\historical_csv\football-data\2425\SP1.csv:316,data\historical_csv\football-data\2425\SP1.csv,316,2025-04-20,SP1,Valladolid,Osasuna,draw,0.2804126227785409,0.2663406284665889,3.695,3.75,-1.5871377815954046,0.012071994311952,4,0.0,1XB,3.0-4.0,sportsbook,0.2706359945872801,1.0361246411667089,0.014071994311952,0.0430508234341721,1.3069805544001651,0.0786312390135403,0.3664938451799018,0.25,1.4884979702300516,draw:3.0-4.0,draw:sportsbook,sportsbook:3.0-4.0,2.690285552583499,2.690285552583499,0.2779168756497523,lower_clv,True,2.996363164883276,2.996363164883276,0.2787452318400089,2.843324358733388,0.3060776122997768,2.690285552583499,0.2779168756497523,0.2779168756497523,0.5,0.31,model_agreement_0.625_kelly,away,-0.4072100792866462,False,0.269533937539143,3.710107933457452,False,-0.31
2025-04,data\historical_csv\football-data\2425\F1.csv:269,data\historical_csv\football-data\2425\F1.csv,269,2025-04-20,F1,Reims,Toulouse,draw,0.2911339604171674,0.287128327061014,3.5382,3.59,1.5917446807279578,0.0020056333561533,4,0.0,1XB,3.0-4.0,sportsbook,0.2826295856650274,1.0300901787480217,0.0040056333561533,0.0068890395104696,1.2636181232523764,0.0847589829081847,0.3678821486773727,0.25,1.4640212537448516,draw:3.0-4.0,draw:sportsbook,sportsbook:3.0-4.0,2.676870572324442,2.676870572324442,0.290195213872377,lower_clv,True,3.064023940592331,3.064023940592331,0.2912894238330007,2.8704472564583865,0.3871533682678887,2.676870572324442,0.290195213872377,0.290195213872377,0.5,0.33,model_agreement_0.625_kelly,home,-3.908484311292315,False,0.2715830526502393,3.682114882506527,False,-0.33
2025-04,data\historical_csv\football-data\2425\SP1.csv:318,data\historical_csv\football-data\2425\SP1.csv,318,2025-04-20,SP1,Sevilla,Alaves,draw,0.315940990998907,0.3087502993956149,3.2442,3.29,0.1647721299253834,0.0051906916032921,4,0.0,1XB,3.0-4.0,sportsbook,0.308242401824795,1.0249757629986542,0.0071906916032921,0.016429307216138,1.1768687866338772,0.0998187097933714,0.3718210907247884,0.25,1.4117502003575533,draw:3.0-4.0,draw:sportsbook,sportsbook:3.0-4.0,2.195061941666315,2.195061941666315,0.3150085134753292,lower_clv,True,2.438823888816821,2.438823888816821,0.3157598911559608,2.316942915241568,0.24376194715050614,2.195061941666315,0.3150085134753292,0.3150085134753292,0.5,0.31,model_agreement_0.625_kelly,draw,3.956401689371014,True,0.3204377094179489,3.1207313328272908,True,0.7
2025-04,data\historical_csv\football-data\2425\B1.csv:283,data\historical_csv\football-data\2425\B1.csv,283,2025-04-27,B1,Gent,Anderlecht,draw,0.3057182360208508,0.286998739165169,3.4794,3.53,-0.141658694871094,0.0167194968556817,4,0.0,1XB,3.0-4.0,sportsbook,0.2874058745760763,1.0637160304109483,0.0187194968556818,0.0546892363154335,1.2468598651283127,0.0934636398357006,0.3811877985322238,0.25,1.4542737253549598,draw:3.0-4.0,draw:sportsbook,sportsbook:3.0-4.0,4.419768546610482,4.419768546610482,0.3001085490217005,lower_clv,True,4.801502947590097,4.801502947590097,0.3012056761153938,4.6106357471002894,0.38173440097961553,4.419768546610482,0.3001085490217005,0.3001085490217005,0.5,0.56,model_agreement_0.625_kelly,away,-0.800470414075205,False,0.2851052755817808,3.507476310143394,False,-0.56
2025-04,data\historical_csv\football-data\2425\I1.csv:332,data\historical_csv\football-data\2425\I1.csv,332,2025-04-27,I1,Como,Genoa,draw,0.277236902386141,0.2709696497677208,3.7342,3.79,1.185486616262299,0.0042672526184202,4,0.0,1XB,3.0-4.0,sportsbook,0.2677949761662471,1.035258040890328,0.0062672526184202,0.0153920801368526,1.3175336055490985,0.0768603000446627,0.3652689355920758,0.25,1.4942959670076528,draw:3.0-4.0,draw:sportsbook,sportsbook:3.0-4.0,2.938700047350604,2.938700047350604,0.2756646672576471,lower_clv,True,3.376376822028204,3.376376822028204,0.2768367436720802,3.157538434689404,0.4376767746776,2.938700047350604,0.2756646672576471,0.2756646672576471,0.5,0.34,model_agreement_0.625_kelly,home,-0.8939723363830088,False,0.2654009631610974,3.767883839189399,False,-0.34
2025-08,data\historical_csv\football-data\2526\P1.csv:8,data\historical_csv\football-data\2526\P1.csv,8,2025-08-11,P1,Estoril,Estrela,draw,0.2744747742980438,0.267007482021424,3.793,3.85,1.2759379307261345,0.0054672922766197,8,0.0,BMGM,3.0-4.0,sportsbook,0.2636435539151067,1.04108281891248,0.0074672922766197,0.019919106557614,1.3331572627067618,0.075336401725962,0.3659180387852363,0.125,1.5027682573161003,draw:3.0-4.0,draw:sportsbook,sportsbook:3.0-4.0,3.7687863579764262,3.7687863579764262,0.2735797162087435,lower_clv,True,4.18998301105451,4.18998301105451,0.27469017403389,3.979384684515468,0.42119665307808374,3.7687863579764262,0.2735797162087435,0.2735797162087435,1.0,0.84,model_agreement_0.625_kelly,draw,1.7462934545176667,True,0.268247544040384,3.7278999275738096,True,2.35
2025-08,data\historical_csv\football-data\2526\B1.csv:28,data\historical_csv\football-data\2526\B1.csv,28,2025-08-16,B1,Mechelen,Gent,away,0.272449357356831,0.2543827745740686,4.0576,4.2,3.2183546111741013,0.0160665827827623,8,0.025,BFE,4.0-5.0,exchange,0.2464511041009463,1.1054905124110774,0.0180665827827623,0.0589708962378637,1.400591665820715,0.0742286523241502,0.3815902992721872,0.125,3.509463722397488,away:4.0-5.0,away:exchange,exchange:4.0-5.0,6.552977965952926,6.552977965952926,0.2626009906495291,lower_clv,True,7.221781768895275,7.221781768895275,0.2642492650061496,6.8873798674241,0.6688038029423486,6.552977965952926,0.2626009906495291,0.2626009906495291,1.0,1.34,model_agreement_0.625_kelly,draw,18.184188404266564,True,0.2912662371950576,3.433284989122552,False,-1.34
2025-08,data\historical_csv\football-data\2526\B1.csv:32,data\historical_csv\football-data\2526\B1.csv,32,2025-08-17,B1,Charleroi,Antwerp,away,0.3163861032443273,0.3133605752275484,3.38875,3.5,6.190064930235462,0.0010255280167788,8,0.025,BFE,3.0-4.0,exchange,0.2950940612320177,1.072153407369214,0.0030255280167789,0.003241381357344,1.2204611218307382,0.1001001663261301,0.3861369384972274,0.125,3.2829214312062094,away:3.0-4.0,away:exchange,exchange:3.0-4.0,3.6585397879531856,3.6585397879531856,0.305890194874078,lower_clv,True,4.209383324024452,4.209383324024452,0.3075157014357048,3.9339615559888186,0.550843536071266,3.6585397879531856,0.305890194874078,0.305890194874078,1.0,0.96,model_agreement_0.625_kelly,draw,6.402144010369804,True,0.3139864079981403,3.1848512372736937,False,-0.96
2025-08,data\historical_csv\football-data\2526\B1.csv:36,data\historical_csv\football-data\2526\B1.csv,36,2025-08-24,B1,Antwerp,Mechelen,away,0.2685558761295631,0.2567288496672111,3.962049999999999,4.1,1.7172538823973849,0.0098270264623519,8,0.025,BFE,3.0-4.0,exchange,0.2523945937078028,1.0640318090191352,0.0118270264623519,0.0365921111240587,1.3767615680856735,0.0721222586037172,0.3697374091387592,0.125,3.481783420199158,away:3.0-4.0,away:exchange,exchange:3.0-4.0,3.0758466952932624,3.0758466952932624,0.2601578644774631,lower_clv,True,3.360908250867567,3.360908250867567,0.260877344432472,3.2183774730804147,0.28506155557430457,3.0758466952932624,0.2601578644774631,0.2601578644774631,1.0,0.65,model_agreement_0.625_kelly,home,3.2321944046615814,True,0.2605524776432947,3.8379984295103657,False,-0.65
2025-08,data\historical_csv\football-data\2526\E3.csv:62,data\historical_csv\football-data\2526\E3.csv,62,2025-08-30,E3,Barrow,Fleetwood Town,draw,0.2897465129150099,0.2838944361578179,3.548,3.6,0.7257459487938211,0.0038520767571919,8,0.0,BMGM,3.0-4.0,sportsbook,0.2818489289740699,1.0280206278224553,0.0058520767571919,0.0132946440612449,1.266384064447333,0.083953041746408,0.3669303666847519,0.125,1.4656144306651742,draw:3.0-4.0,draw:sportsbook,sportsbook:3.0-4.0,2.870466432104225,2.870466432104225,0.2899393078695158,lower_clv,True,3.0554398646142067,3.0554398646142067,0.2904606535079318,2.9629531483592157,0.18497343250998188,2.870466432104225,0.2899393078695158,0.2899393078695158,1.0,0.7,model_agreement_0.625_kelly,away,1.9488329807934024,True,0.2873416938579295,3.4801771597213125,False,-0.7
2025-08,data\historical_csv\football-data\2526\SP2.csv:30,data\historical_csv\football-data\2526\SP2.csv,30,2025-08-31,SP2,Cadiz,Albacete,draw,0.2642953724146595,0.2593099983043256,3.891,3.95,0.8975203402131093,0.0029853741103338,8,0.0,BMGM,3.0-4.0,sportsbook,0.2570033410434336,1.0283732940654404,0.0049853741103338,0.0112955973578305,1.3586661940024165,0.0698520438798036,0.3590891877310768,0.125,1.5163197121562666,draw:3.0-4.0,draw:sportsbook,sportsbook:3.0-4.0,2.86045353023588,2.86045353023588,0.2643548021851346,lower_clv,True,3.246448401627622,3.246448401627622,0.2653468219008677,3.053450965931751,0.38599487139174204,2.86045353023588,0.2643548021851346,0.2643548021851346,1.0,0.62,model_agreement_0.625_kelly,home,0.6042214415231228,True,0.2585562103354488,3.867630944554021,False,-0.62
2025-08,data\historical_csv\football-data\2526\F1.csv:25,data\historical_csv\football-data\2526\F1.csv,25,2025-08-31,F1,Le Havre,Nice,draw,0.2777205150154609,0.2738046433527971,3.695,3.75,1.170815718858531,0.0019158716626638,8,0.0,BMGM,3.0-4.0,sportsbook,0.2706359945872801,1.0261773029821282,0.0039158716626638,0.0068985600957753,1.3069805544001651,0.0771286844604528,0.3629753126832065,0.125,1.4884979702300516,draw:3.0-4.0,draw:sportsbook,sportsbook:3.0-4.0,2.7145813003237653,2.7145813003237653,0.2779826286882916,lower_clv,True,2.980722188283358,2.980722188283358,0.2787029017274245,2.847651744303562,0.26614088795959256,2.7145813003237653,0.2779826286882916,0.2779826286882916,1.0,0.63,model_agreement_0.625_kelly,home,3.079652485620588,True,0.2789706427215713,3.584606574527834,False,-0.63
2025-09,data\historical_csv\football-data\2526\T1.csv:33,data\historical_csv\football-data\2526\T1.csv,33,2025-09-13,T1,Karagumruk,Kasimpasa,away,0.3946964525887844,0.3895371047341538,2.64346,2.72,2.972575488054652,0.0031593478546305,8,0.025,BFE,2.0-3.0,exchange,0.3782920868861265,1.043364284560348,0.0051593478546305,0.0080045002530643,0.9720886651243752,0.1557852896861705,0.3836799477263576,0.125,2.8954476330264045,away:2.0-3.0,away:exchange,exchange:2.0-3.0,2.018256163392493,2.018256163392493,0.3859269902453318,lower_clv,True,2.337989725399248,2.337989725399248,0.3871365170095225,2.1781229443958705,0.3197335620067552,2.018256163392493,0.3859269902453318,0.3859269902453318,1.0,0.77,model_agreement_0.625_kelly,away,6.596275448989619,True,0.4032452749388665,2.479880266796936,True,1.27
2025-09,data\historical_csv\football-data\2526\T1.csv:39,data\historical_csv\football-data\2526\T1.csv,39,2025-09-14,T1,Gaziantep,Kocaelispor,away,0.2815208101521516,0.2739647925520242,3.8665,4.0,5.928487040240182,0.0055560176001273,7,0.025,BFE,3.0-4.0,exchange,0.258631837579206,1.0885002124532943,0.0075560176001273,0.019735726098275,1.352349705066953,0.0792539665487238,0.3807145845794719,0.1428571428571428,3.452735031682397,away:3.0-4.0,away:exchange,exchange:3.0-4.0,4.2713384794653,4.2713384794653,0.2696788787778748,lower_clv,True,4.807254406275163,4.807254406275163,0.2710649279872628,4.539296442870231,0.5359159268098628,4.2713384794653,0.2696788787778748,0.2696788787778748,1.0,0.93,model_agreement_0.625_kelly,home,21.022093644845043,True,0.3130016646704902,3.1948711871955737,False,-0.93
2025-09,data\historical_csv\football-data\2526\B1.csv:54,data\historical_csv\football-data\2526\B1.csv,54,2025-09-14,B1,St Truiden,Westerlo,away,0.3023295158181199,0.2953681035874148,3.5798500000000004,3.7,5.737350562740717,0.0049614122307051,8,0.025,BFE,3.0-4.0,exchange,0.2793413131835132,1.082294317201497,0.0069614122307051,0.0164106115053943,1.2753209000934622,0.0914031361348188,0.3855671502379854,0.125,3.356285877899912,away:3.0-4.0,away:exchange,exchange:3.0-4.0,3.945465816827329,3.945465816827329,0.2903626292074453,lower_clv,True,4.456971030259993,4.456971030259993,0.2917914745876502,4.201218423543661,0.5115052134326641,3.945465816827329,0.2903626292074453,0.2903626292074453,1.0,0.96,model_agreement_0.625_kelly,away,6.758038425492052,True,0.2982193064667292,3.3532369578881203,True,2.48
2025-09,data\historical_csv\football-data\2526\G1.csv:23,data\historical_csv\football-data\2526\G1.csv,23,2025-09-20,G1,Panserraikos,Atromitos,home,0.2750747927137586,0.2663978983200803,4.0968,4.16,9.137890983770514,0.0066768943936783,8,0.0,PS,4.0-5.0,sportsbook,0.2440929505955868,1.1269264107897263,0.0086768943936783,0.0242730143602298,1.4102061811662034,0.0756661415865172,0.3879121729679545,0.125,1.5426674477641011,home:4.0-5.0,home:sportsbook,sportsbook:4.0-5.0,7.497209776809997,7.497209776809997,0.2623931111521431,lower_clv,True,8.24444049790296,8.24444049790296,0.2642170486670156,7.870825137356478,0.7472307210929641,7.497209776809997,0.2623931111521431,0.2623931111521431,1.0,1.51,model_agreement_0.625_kelly,draw,22.43484274172158,True,0.2988548202053349,3.346106311127683,False,-1.51
2025-09,data\historical_csv\football-data\2526\SC0.csv:30,data\historical_csv\football-data\2526\SC0.csv,30,2025-09-20,SC0,Dundee,Livingston,draw,0.2860444207375575,0.2780060097894755,3.646,3.7,1.3609911692427756,0.0060384109480819,8,0.0,B365,3.0-4.0,sportsbook,0.274273176083379,1.0429179580091346,0.0080384109480819,0.0211100462386649,1.293630676256471,0.0818214106350848,0.3700358374381171,0.125,1.4810751508502529,draw:3.0-4.0,draw:sportsbook,sportsbook:3.0-4.0,2.631401384643526,2.631401384643526,0.2814904042365428,lower_clv,True,2.9646017632379174,2.9646017632379174,0.2824042834976355,2.798001573940722,0.33320037859439156,2.631401384643526,0.2814904042365428,0.2814904042365428,1.0,0.62,model_agreement_0.625_kelly,home,6.0654545454545294,True,0.2909090909090909,3.4375,False,-0.62
2025-09,data\historical_csv\football-data\2526\I2.csv:39,data\historical_csv\football-data\2526\I2.csv,39,2025-09-21,I2,Carrarese,Avellino,away,0.2763289024672972,0.2658606503755425,3.9498,4.01,5.009639685331768,0.0084682520917547,8,0.0,PS,3.0-4.0,sportsbook,0.2531773760696744,1.0914438989653306,0.0104682520917547,0.0306455532379821,1.3736649447197489,0.076357662338781,0.3795833265322087,0.125,1.5241278039394457,away:3.0-4.0,away:sportsbook,sportsbook:3.0-4.0,3.740472293635874,3.740472293635874,0.2626474056753149,lower_clv,True,4.033613876447206,4.033613876447206,0.2633895738428457,3.8870430850415403,0.2931415828113324,3.740472293635874,0.2626474056753149,0.2626474056753149,1.0,0.79,model_agreement_0.625_kelly,away,8.883541952212903,True,0.2756684944863358,3.627545475819935,True,2.33
2025-09,data\historical_csv\football-data\2526\B1.csv:72,data\historical_csv\football-data\2526\B1.csv,72,2025-09-28,B1,Charleroi,Mechelen,away,0.2840916791391009,0.2751997150053138,3.962049999999999,4.1,9.035503083680352,0.006891964133787,8,0.025,BFE,3.0-4.0,exchange,0.2523945937078028,1.1255854373330747,0.008891964133787,0.0242596479934653,1.3767615680856735,0.0807080821560738,0.3911265056516407,0.125,3.481783420199158,away:3.0-4.0,away:exchange,exchange:3.0-4.0,6.848612488656688,6.848612488656688,0.2696801213731697,lower_clv,True,7.510095652903148,7.510095652903148,0.2713496691180151,7.179354070779918,0.6614831642464605,6.848612488656688,0.2696801213731697,0.2696801213731697,1.0,1.45,model_agreement_0.625_kelly,away,9.86101315956398,True,0.2772832578073573,3.606420408890141,True,4.29
2025-09,data\historical_csv\football-data\2526\B1.csv:71,data\historical_csv\football-data\2526\B1.csv,71,2025-09-28,B1,Cercle Brugge,Gent,away,0.3151619814861535,0.3017359718150834,3.38875,3.5,2.250777448836394,0.01142600967107,8,0.025,BFE,3.0-4.0,exchange,0.2950940612320177,1.0680051647612028,0.0134260096710701,0.0362544035838031,1.2204611218307382,0.0993270745742785,0.3846429454829893,0.125,3.2829214312062094,away:3.0-4.0,away:exchange,exchange:3.0-4.0,2.7704065400846605,2.7704065400846605,0.303269366403791,lower_clv,True,3.2520910104463674,3.2520910104463674,0.3046907886697053,3.011248775265514,0.4816844703617069,2.7704065400846605,0.303269366403791,0.303269366403791,1.0,0.72,model_agreement_0.625_kelly,away,7.7800495836696015,True,0.318052525514333,3.1441347569332065,True,1.72
2025-10,data\historical_csv\football-data\2526\B1.csv:90,data\historical_csv\football-data\2526\B1.csv,90,2025-10-24,B1,Charleroi,Anderlecht,home,0.3578313008516028,0.3476765548736378,3.0874,3.13,7.341659551686952,0.0081547459779649,8,0.0,PS,3.0-4.0,sportsbook,0.3238971302714258,1.1047683582492385,0.0101547459779649,0.0227893590039705,1.1273293127656037,0.1280432398691502,0.4033937144750593,0.125,1.3798017749562907,home:3.0-4.0,home:sportsbook,sportsbook:3.0-4.0,5.794127418261447,5.794127418261447,0.3426641427034445,lower_clv,True,7.0257397809297295,5.21178669753839,0.3407779578206206,6.409933599595588,1.2316123626682822,5.21178669753839,0.3407779578206206,0.3407779578206206,1.0,1.56,model_agreement_0.625_kelly,home,7.514371255769103,True,0.3482359631268029,2.871616104841736,True,3.26
2025-10,data\historical_csv\football-data\2526\F2.csv:99,data\historical_csv\football-data\2526\F2.csv,99,2025-10-25,F2,Annecy,St Etienne,home,0.2711367613210543,0.2577143955622994,4.0478000000000005,4.11,4.317633035707602,0.0114223657587548,8,0.0,PS,4.0-5.0,sportsbook,0.2470477790404664,1.097507382475364,0.0134223657587548,0.0421276912179001,1.3981735236499684,0.0735151433396704,0.379096240967299,0.125,1.5366371856317065,home:4.0-5.0,home:sportsbook,sportsbook:4.0-5.0,5.718816919391011,5.718816919391011,0.2611759892272123,lower_clv,True,6.3644669460064085,3.986246018704653,0.2568957112967652,6.04164193269871,0.6456500266153977,3.986246018704653,0.2568957112967652,0.2568957112967652,1.0,0.82,model_agreement_0.625_kelly,home,-7.341750525725765,False,0.2289101474239691,4.3685263028024695,True,2.5
2025-10,data\historical_csv\football-data\2526\SP2.csv:119,data\historical_csv\football-data\2526\SP2.csv,119,2025-10-26,SP2,Almeria,Castellon,away,0.2682081161683699,0.260297829288861,4.087,4.15,6.3837228303574856,0.0059102868795088,8,0.0,PS,4.0-5.0,sportsbook,0.2446782481037435,1.0961665707801278,0.0079102868795088,0.022036196979955,1.4078112045821405,0.0719355935785858,0.3775863911016994,0.125,1.5414729630536028,away:4.0-5.0,away:sportsbook,sportsbook:4.0-5.0,5.291832276696886,5.291832276696886,0.257626210610954,lower_clv,True,5.650122997210638,3.2488707293411245,0.2526275280874507,5.470977636953762,0.358290720513752,3.2488707293411245,0.2526275280874507,0.2526275280874507,1.0,0.66,model_agreement_0.625_kelly,home,8.666972079973956,True,0.2658844435526644,3.761032374208562,False,-0.66
2025-10,data\historical_csv\football-data\2526\SP2.csv:118,data\historical_csv\football-data\2526\SP2.csv,118,2025-10-26,SP2,Malaga,Andorra,away,0.3006769352956935,0.2941297021107051,3.6558,3.71,7.527936497631593,0.0045472331849883,8,0.0,PS,3.0-4.0,sportsbook,0.2735379397122381,1.0992147400539962,0.0065472331849883,0.0151233189220731,1.2963149475003666,0.0904066194188106,0.389772005592408,0.125,1.482575633240346,away:3.0-4.0,away:sportsbook,sportsbook:3.0-4.0,4.662684720625786,4.662684720625786,0.2862921514323152,lower_clv,True,5.074742611691563,2.926835090067525,0.2815439441163836,4.8687136661586745,0.4120578910657766,2.926835090067525,0.2815439441163836,0.2815439441163836,1.0,0.69,model_agreement_0.625_kelly,home,-5.614042025070553,False,0.2581814048222809,3.8732456378427007,False,-0.69
2025-11,data\historical_csv\football-data\2526\SP2.csv:133,data\historical_csv\football-data\2526\SP2.csv,133,2025-11-05,SP2,Sociedad B,Huesca,away,0.3739168189474445,0.3647450956592896,2.8718000000000004,2.91,4.747496571434806,0.0071717232881549,8,0.0,PS,2.0-3.0,sportsbook,0.3482136639041716,1.073814320653271,0.0091717232881549,0.0191799965252779,1.0549390108781396,0.139813787491776,0.3944594391311175,0.125,1.3301761961139302,away:2.0-3.0,away:sportsbook,sportsbook:2.0-3.0,4.2267744301926005,2.0338783280068675,0.3552959061494772,lower_clv,True,5.329968740894064,1.7828976245743755,0.3544219570463624,4.778371585543333,1.103194310701464,1.7828976245743755,0.3544219570463624,0.3544219570463624,0.25,0.15,model_agreement_0.625_kelly,home,9.439075601125246,True,0.3810818148935345,2.624108422175372,False,-0.15
2025-11,data\historical_csv\football-data\2526\E3.csv:216,data\historical_csv\football-data\2526\E3.csv,216,2025-11-29,E3,Shrewsbury,Gillingham,home,0.3894132408376038,0.3872188984552482,2.715,2.75,5.129930930599902,0.0001943423823555,7,0.0,BMGM,2.0-3.0,sportsbook,0.3683241252302026,1.0572569488740944,0.0021943423823555,0.0004990646490025,0.9987919533858988,0.1516426721396456,0.3889428114905237,0.1428571428571428,1.2891344383057168,home:2.0-3.0,home:sportsbook,sportsbook:2.0-3.0,4.636472448881607,2.443576346695874,0.3773244064335023,lower_clv,True,5.231784904658743,1.878383525451288,0.3752426649187892,4.934128676770175,0.5953124557771359,1.878383525451288,0.3752426649187892,0.3752426649187892,0.25,0.17,model_agreement_0.625_kelly,draw,4.6189562875706525,True,0.3853368555711626,2.595131987875277,False,-0.17
2025-12,data\historical_csv\football-data\2526\I2.csv:147,data\historical_csv\football-data\2526\I2.csv,147,2025-12-08,I2,Mantova,Reggiana,away,0.2633631755644789,0.256005013570644,4.136,4.2,5.883673612818363,0.005358161993835,7,0.0,BMGM,4.0-5.0,sportsbook,0.241779497098646,1.0892700941346851,0.0073581619938349,0.0203451449973998,1.419729137206128,0.0693601622434065,0.3739043740160237,0.1428571428571428,1.547388781431347,away:4.0-5.0,away:sportsbook,sportsbook:4.0-5.0,5.736042948807032,3.567398062642104,0.2504047341940089,lower_clv,True,6.412824641903225,3.960451729555503,0.2513550573731999,6.074433795355128,0.676781693096193,3.567398062642104,0.2504047341940089,0.2504047341940089,1.0,0.71,model_agreement_0.625_kelly,away,28.117482364573053,True,0.3097618045565112,3.228286978220924,True,2.23
2026-01,data\historical_csv\football-data\2526\E2.csv:340,data\historical_csv\football-data\2526\E2.csv,340,2026-01-31,E2,Wigan,Lincoln,away,0.4289168186315699,0.4236239993459098,2.568,2.6,8.786643032029652,0.0032928192856601,5,0.0,BMGM,2.0-3.0,sportsbook,0.3894080996884735,1.1014583902458717,0.0052928192856601,0.0076770579809988,0.9431273858277148,0.183969637305027,0.4045231978935326,0.2,1.2461059190031154,away:2.0-3.0,away:sportsbook,sportsbook:2.0-3.0,6.204200944272431,4.003276080669851,0.4049971809994932,lower_clv,True,7.914083652603154,6.390192587802379,0.4142920272110684,7.059142298437793,1.7098827083307233,4.003276080669851,0.4049971809994932,0.4049971809994932,1.0,1.6,model_agreement_0.625_kelly,away,12.182560942617249,True,0.4368479787485095,2.2891258484583568,True,2.51
2026-03,data\historical_csv\football-data\2526\B1.csv:223,data\historical_csv\football-data\2526\B1.csv,223,2026-03-08,B1,Gent,Mechelen,away,0.2695269982574083,0.2651249448773181,4.0576,4.2,7.577097633420582,0.0024020533800901,7,0.025,BFE,4.0-5.0,exchange,0.2464511041009463,1.0936327481292598,0.0044020533800901,0.0089121067485645,1.400591665820715,0.0726448027896489,0.3774972674730004,0.1428571428571428,3.509463722397488,away:4.0-5.0,away:exchange,exchange:4.0-5.0,5.716528046607705,3.628929327483129,0.2553946404955716,lower_clv,True,5.932219171237896,3.727732693119168,0.2556381424810705,5.8243736089228,0.21569112463019113,3.628929327483129,0.2553946404955716,0.2553946404955716,1.0,0.74,model_agreement_0.625_kelly,home,12.97226686535138,True,0.2784213990175261,3.591677951223325,False,-0.74
2026-03,data\historical_csv\football-data\2526\P1.csv:226,data\historical_csv\football-data\2526\P1.csv,226,2026-03-09,P1,Tondela,Rio Ave,away,0.2706393745293617,0.2634264241534999,4.0576,4.2,6.887905864524124,0.0052129503758617,7,0.025,BFE,4.0-5.0,exchange,0.2464511041009463,1.098146326090338,0.0072129503758617,0.0192616110827444,1.400591665820715,0.0732456710456441,0.3790552524087551,0.1428571428571428,3.509463722397488,away:4.0-5.0,away:exchange,exchange:4.0-5.0,5.844536375148101,3.756937656023525,0.2557101184346005,lower_clv,True,6.103801492653216,3.89931501453451,0.2560610090066406,5.974168933900659,0.25926511750511505,3.756937656023525,0.2557101184346005,0.2557101184346005,1.0,0.77,model_agreement_0.625_kelly,away,8.513056800137875,True,0.2674316265776268,3.739273521225553,True,2.35
2026-04,data\historical_csv\football-data\2526\T1.csv:244,data\historical_csv\football-data\2526\T1.csv,244,2026-04-04,T1,Kasimpasa,Kayserispor,away,0.2996129769863386,0.2894900447798069,3.723175,3.85,7.782209747305746,0.0081229322065317,5,0.025,BFE,3.0-4.0,exchange,0.2685879659161871,1.115511545591111,0.0101229322065317,0.0271114164954949,1.3145767988892858,0.0897679359786162,0.3938642681923903,0.2,3.406366877732059,away:3.0-4.0,away:exchange,exchange:3.0-4.0,5.749538741222289,3.670705527116367,0.278447039226242,lower_clv,True,6.213647853552407,4.198678027047964,0.2798651098244051,5.981593297387349,0.4641091123301182,3.670705527116367,0.278447039226242,0.278447039226242,1.0,0.84,model_agreement_0.625_kelly,home,7.638935973404815,True,0.289105228664795,3.4589481643704785,False,-0.84
