date,bets,staked,profit,cumulative_profit,drawdown,cash_reserved
2021-12-01,0,0.0,0.0,0.0,0.0,100.0
2021-12-02,0,0.0,0.0,0.0,0.0,100.0
2021-12-03,0,0.0,0.0,0.0,0.0,100.0
2021-12-04,0,0.0,0.0,0.0,0.0,100.0
2021-12-05,1,9.32,-9.32,-9.32,9.32,90.68
2021-12-06,0,0.0,0.0,-9.32,9.32,100.0
2021-12-07,0,0.0,0.0,-9.32,9.32,100.0
2021-12-08,0,0.0,0.0,-9.32,9.32,100.0
2021-12-09,0,0.0,0.0,-9.32,9.32,100.0
2021-12-10,1,15.0,14.41,5.09,0.0,85.0
2021-12-11,2,15.76,0.73,5.82,0.0,84.24
2021-12-12,1,15.0,15.43,21.25,0.0,85.0
2021-12-13,0,0.0,0.0,21.25,0.0,100.0
2021-12-14,0,0.0,0.0,21.25,0.0,100.0
2021-12-15,0,0.0,0.0,21.25,0.0,100.0
2021-12-16,0,0.0,0.0,21.25,0.0,100.0
2021-12-17,0,0.0,0.0,21.25,0.0,100.0
2021-12-18,0,0.0,0.0,21.25,0.0,100.0
2021-12-19,0,0.0,0.0,21.25,0.0,100.0
2021-12-20,0,0.0,0.0,21.25,0.0,100.0
2021-12-21,0,0.0,0.0,21.25,0.0,100.0
2021-12-22,0,0.0,0.0,21.25,0.0,100.0
2021-12-23,0,0.0,0.0,21.25,0.0,100.0
2021-12-24,0,0.0,0.0,21.25,0.0,100.0
2021-12-25,0,0.0,0.0,21.25,0.0,100.0
2021-12-26,0,0.0,0.0,21.25,0.0,100.0
2021-12-27,1,9.15,-9.15,12.1,9.15,90.85
2021-12-28,0,0.0,0.0,12.1,9.15,100.0
2021-12-29,0,0.0,0.0,12.1,9.15,100.0
2021-12-30,0,0.0,0.0,12.1,9.15,100.0
2021-12-31,0,0.0,0.0,12.1,9.15,100.0
2022-01-01,0,0.0,0.0,12.1,9.15,100.0
2022-01-02,0,0.0,0.0,12.1,9.15,100.0
2022-01-03,0,0.0,0.0,12.1,9.15,100.0
2022-01-04,0,0.0,0.0,12.1,9.15,100.0
2022-01-05,0,0.0,0.0,12.1,9.15,100.0
2022-01-06,0,0.0,0.0,12.1,9.15,100.0
2022-01-07,0,0.0,0.0,12.1,9.15,100.0
2022-01-08,0,0.0,0.0,12.1,9.15,100.0
2022-01-09,0,0.0,0.0,12.1,9.15,100.0
2022-01-10,0,0.0,0.0,12.1,9.15,100.0
2022-01-11,0,0.0,0.0,12.1,9.15,100.0
2022-01-12,0,0.0,0.0,12.1,9.15,100.0
2022-01-13,0,0.0,0.0,12.1,9.15,100.0
2022-01-14,1,2.64,6.47,18.57,2.68,97.36
2022-01-15,0,0.0,0.0,18.57,2.68,100.0
2022-01-16,0,0.0,0.0,18.57,2.68,100.0
2022-01-17,0,0.0,0.0,18.57,2.68,100.0
2022-01-18,0,0.0,0.0,18.57,2.68,100.0
2022-01-19,0,0.0,0.0,18.57,2.68,100.0
2022-01-20,0,0.0,0.0,18.57,2.68,100.0
2022-01-21,0,0.0,0.0,18.57,2.68,100.0
2022-01-22,0,0.0,0.0,18.57,2.68,100.0
2022-01-23,0,0.0,0.0,18.57,2.68,100.0
2022-01-24,0,0.0,0.0,18.57,2.68,100.0
2022-01-25,0,0.0,0.0,18.57,2.68,100.0
2022-01-26,0,0.0,0.0,18.57,2.68,100.0
2022-01-27,0,0.0,0.0,18.57,2.68,100.0
2022-01-28,0,0.0,0.0,18.57,2.68,100.0
2022-01-29,0,0.0,0.0,18.57,2.68,100.0
2022-01-30,0,0.0,0.0,18.57,2.68,100.0
2022-01-31,0,0.0,0.0,18.57,2.68,100.0
2022-02-01,0,0.0,0.0,18.57,2.68,100.0
2022-02-02,0,0.0,0.0,18.57,2.68,100.0
2022-02-03,0,0.0,0.0,18.57,2.68,100.0
2022-02-04,0,0.0,0.0,18.57,2.68,100.0
2022-02-05,1,7.44,-7.44,11.13,10.12,92.56
2022-02-06,1,6.23,-6.23,4.9,16.35,93.77
2022-02-07,0,0.0,0.0,4.9,16.35,100.0
2022-02-08,0,0.0,0.0,4.9,16.35,100.0
2022-02-09,0,0.0,0.0,4.9,16.35,100.0
2022-02-10,0,0.0,0.0,4.9,16.35,100.0
2022-02-11,0,0.0,0.0,4.9,16.35,100.0
2022-02-12,2,12.65,25.56,30.46,0.0,87.35
2022-02-13,2,15.0,-2.99,27.47,2.99,85.0
2022-02-14,0,0.0,0.0,27.47,2.99,100.0
2022-02-15,0,0.0,0.0,27.47,2.99,100.0
2022-02-16,0,0.0,0.0,27.47,2.99,100.0
2022-02-17,0,0.0,0.0,27.47,2.99,100.0
2022-02-18,1,15.0,21.32,48.79,0.0,85.0
2022-02-19,2,22.34,10.01,58.8,0.0,77.66
2022-02-20,0,0.0,0.0,58.8,0.0,100.0
2022-02-21,0,0.0,0.0,58.8,0.0,100.0
2022-02-22,0,0.0,0.0,58.8,0.0,100.0
2022-02-23,0,0.0,0.0,58.8,0.0,100.0
2022-02-24,0,0.0,0.0,58.8,0.0,100.0
2022-02-25,0,0.0,0.0,58.8,0.0,100.0
2022-02-26,3,14.99,7.61,66.41,0.0,85.01
2022-02-27,0,0.0,0.0,66.41,0.0,100.0
2022-02-28,0,0.0,0.0,66.41,0.0,100.0
2022-03-01,0,0.0,0.0,66.41,0.0,100.0
2022-03-02,0,0.0,0.0,66.41,0.0,100.0
2022-03-03,0,0.0,0.0,66.41,0.0,100.0
2022-03-04,0,0.0,0.0,66.41,0.0,100.0
2022-03-05,1,15.0,-15.0,51.41,15.0,85.0
2022-03-06,0,0.0,0.0,51.41,15.0,100.0
2022-03-07,0,0.0,0.0,51.41,15.0,100.0
2022-03-08,0,0.0,0.0,51.41,15.0,100.0
2022-03-09,0,0.0,0.0,51.41,15.0,100.0
2022-03-10,0,0.0,0.0,51.41,15.0,100.0
2022-03-11,0,0.0,0.0,51.41,15.0,100.0
2022-03-12,0,0.0,0.0,51.41,15.0,100.0
2022-03-13,2,15.0,-15.0,36.41,30.0,85.0
2022-03-14,0,0.0,0.0,36.41,30.0,100.0
2022-03-15,2,15.0,11.92,48.33,18.08,85.0
2022-03-16,0,0.0,0.0,48.33,18.08,100.0
2022-03-17,0,0.0,0.0,48.33,18.08,100.0
2022-03-18,0,0.0,0.0,48.33,18.08,100.0
2022-03-19,1,15.0,-15.0,33.33,33.08,85.0
2022-03-20,1,13.14,-13.14,20.19,46.22,86.86
2022-03-21,0,0.0,0.0,20.19,46.22,100.0
2022-03-22,0,0.0,0.0,20.19,46.22,100.0
2022-03-23,0,0.0,0.0,20.19,46.22,100.0
2022-03-24,0,0.0,0.0,20.19,46.22,100.0
2022-03-25,0,0.0,0.0,20.19,46.22,100.0
2022-03-26,2,15.0,3.32,23.51,42.9,85.0
2022-03-27,1,15.0,22.79,46.3,20.11,85.0
2022-03-28,1,14.02,17.86,64.16,2.25,85.98
2022-03-29,0,0.0,0.0,64.16,2.25,100.0
2022-03-30,0,0.0,0.0,64.16,2.25,100.0
2022-03-31,0,0.0,0.0,64.16,2.25,100.0
2022-04-01,0,0.0,0.0,64.16,2.25,100.0
2022-04-02,0,0.0,0.0,64.16,2.25,100.0
2022-04-03,0,0.0,0.0,64.16,2.25,100.0
2022-04-04,0,0.0,0.0,64.16,2.25,100.0
2022-04-05,0,0.0,0.0,64.16,2.25,100.0
2022-04-06,0,0.0,0.0,64.16,2.25,100.0
2022-04-07,0,0.0,0.0,64.16,2.25,100.0
2022-04-08,0,0.0,0.0,64.16,2.25,100.0
2022-04-09,2,19.13,20.32,84.48,0.0,80.87
2022-04-10,3,15.0,-1.97,82.51,1.97,85.0
2022-04-11,0,0.0,0.0,82.51,1.97,100.0
2022-04-12,0,0.0,0.0,82.51,1.97,100.0
2022-04-13,0,0.0,0.0,82.51,1.97,100.0
2022-04-14,0,0.0,0.0,82.51,1.97,100.0
2022-04-15,0,0.0,0.0,82.51,1.97,100.0
2022-04-16,0,0.0,0.0,82.51,1.97,100.0
2022-04-17,0,0.0,0.0,82.51,1.97,100.0
2022-04-18,0,0.0,0.0,82.51,1.97,100.0
2022-04-19,0,0.0,0.0,82.51,1.97,100.0
2022-04-20,0,0.0,0.0,82.51,1.97,100.0
2022-04-21,0,0.0,0.0,82.51,1.97,100.0
2022-04-22,0,0.0,0.0,82.51,1.97,100.0
2022-04-23,0,0.0,0.0,82.51,1.97,100.0
2022-04-24,0,0.0,0.0,82.51,1.97,100.0
2022-04-25,0,0.0,0.0,82.51,1.97,100.0
2022-04-26,0,0.0,0.0,82.51,1.97,100.0
2022-04-27,0,0.0,0.0,82.51,1.97,100.0
2022-04-28,0,0.0,0.0,82.51,1.97,100.0
2022-04-29,1,14.2,11.83,94.34,0.0,85.8
2022-04-30,2,15.0,17.27,111.61,0.0,85.0
2022-05-01,1,15.0,17.64,129.25,0.0,85.0
2022-05-02,0,0.0,0.0,129.25,0.0,100.0
2022-05-03,0,0.0,0.0,129.25,0.0,100.0
2022-05-04,0,0.0,0.0,129.25,0.0,100.0
2022-05-05,0,0.0,0.0,129.25,0.0,100.0
2022-05-06,0,0.0,0.0,129.25,0.0,100.0
2022-05-07,1,7.97,-7.97,121.28,7.97,92.03
2022-05-08,0,0.0,0.0,121.28,7.97,100.0
2022-05-09,0,0.0,0.0,121.28,7.97,100.0
2022-05-10,0,0.0,0.0,121.28,7.97,100.0
2022-05-11,0,0.0,0.0,121.28,7.97,100.0
2022-05-12,0,0.0,0.0,121.28,7.97,100.0
2022-05-13,0,0.0,0.0,121.28,7.97,100.0
2022-05-14,0,0.0,0.0,121.28,7.97,100.0
2022-05-15,0,0.0,0.0,121.28,7.97,100.0
2022-05-16,0,0.0,0.0,121.28,7.97,100.0
2022-05-17,0,0.0,0.0,121.28,7.97,100.0
2022-05-18,0,0.0,0.0,121.28,7.97,100.0
2022-05-19,0,0.0,0.0,121.28,7.97,100.0
2022-05-20,0,0.0,0.0,121.28,7.97,100.0
2022-05-21,3,15.0,-4.37,116.91,12.34,85.0
2022-05-22,0,0.0,0.0,116.91,12.34,100.0
2022-05-23,0,0.0,0.0,116.91,12.34,100.0
2022-05-24,0,0.0,0.0,116.91,12.34,100.0
2022-05-25,0,0.0,0.0,116.91,12.34,100.0
2022-05-26,0,0.0,0.0,116.91,12.34,100.0
2022-05-27,0,0.0,0.0,116.91,12.34,100.0
2022-05-28,0,0.0,0.0,116.91,12.34,100.0
2022-05-29,0,0.0,0.0,116.91,12.34,100.0
2022-05-30,0,0.0,0.0,116.91,12.34,100.0
2022-05-31,0,0.0,0.0,116.91,12.34,100.0
2022-10-01,0,0.0,0.0,116.91,12.34,100.0
2022-10-02,0,0.0,0.0,116.91,12.34,100.0
2022-10-03,0,0.0,0.0,116.91,12.34,100.0
2022-10-04,0,0.0,0.0,116.91,12.34,100.0
2022-10-05,0,0.0,0.0,116.91,12.34,100.0
2022-10-06,0,0.0,0.0,116.91,12.34,100.0
2022-10-07,0,0.0,0.0,116.91,12.34,100.0
2022-10-08,1,1.35,3.97,120.88,8.37,98.65
2022-10-09,0,0.0,0.0,120.88,8.37,100.0
2022-10-10,0,0.0,0.0,120.88,8.37,100.0
2022-10-11,0,0.0,0.0,120.88,8.37,100.0
2022-10-12,0,0.0,0.0,120.88,8.37,100.0
2022-10-13,0,0.0,0.0,120.88,8.37,100.0
2022-10-14,0,0.0,0.0,120.88,8.37,100.0
2022-10-15,0,0.0,0.0,120.88,8.37,100.0
2022-10-16,0,0.0,0.0,120.88,8.37,100.0
2022-10-17,0,0.0,0.0,120.88,8.37,100.0
2022-10-18,0,0.0,0.0,120.88,8.37,100.0
2022-10-19,1,5.3,-5.3,115.58,13.67,94.7
2022-10-20,0,0.0,0.0,115.58,13.67,100.0
2022-10-21,1,15.0,16.17,131.75,0.0,85.0
2022-10-22,0,0.0,0.0,131.75,0.0,100.0
2022-10-23,0,0.0,0.0,131.75,0.0,100.0
2022-10-24,0,0.0,0.0,131.75,0.0,100.0
2022-10-25,0,0.0,0.0,131.75,0.0,100.0
2022-10-26,0,0.0,0.0,131.75,0.0,100.0
2022-10-27,0,0.0,0.0,131.75,0.0,100.0
2022-10-28,0,0.0,0.0,131.75,0.0,100.0
2022-10-29,0,0.0,0.0,131.75,0.0,100.0
2022-10-30,0,0.0,0.0,131.75,0.0,100.0
2022-10-31,1,6.74,-6.74,125.01,6.74,93.26
2022-11-01,0,0.0,0.0,125.01,6.74,100.0
2022-11-02,0,0.0,0.0,125.01,6.74,100.0
2022-11-03,0,0.0,0.0,125.01,6.74,100.0
2022-11-04,0,0.0,0.0,125.01,6.74,100.0
2022-11-05,2,11.67,6.29,131.3,0.45,88.33
2022-11-06,0,0.0,0.0,131.3,0.45,100.0
2022-11-07,0,0.0,0.0,131.3,0.45,100.0
2022-11-08,0,0.0,0.0,131.3,0.45,100.0
2022-11-09,0,0.0,0.0,131.3,0.45,100.0
2022-11-10,0,0.0,0.0,131.3,0.45,100.0
2022-11-11,0,0.0,0.0,131.3,0.45,100.0
2022-11-12,0,0.0,0.0,131.3,0.45,100.0
2022-11-13,0,0.0,0.0,131.3,0.45,100.0
2022-11-14,0,0.0,0.0,131.3,0.45,100.0
2022-11-15,0,0.0,0.0,131.3,0.45,100.0
2022-11-16,0,0.0,0.0,131.3,0.45,100.0
2022-11-17,0,0.0,0.0,131.3,0.45,100.0
2022-11-18,0,0.0,0.0,131.3,0.45,100.0
2022-11-19,0,0.0,0.0,131.3,0.45,100.0
2022-11-20,0,0.0,0.0,131.3,0.45,100.0
2022-11-21,0,0.0,0.0,131.3,0.45,100.0
2022-11-22,0,0.0,0.0,131.3,0.45,100.0
2022-11-23,0,0.0,0.0,131.3,0.45,100.0
2022-11-24,0,0.0,0.0,131.3,0.45,100.0
2022-11-25,0,0.0,0.0,131.3,0.45,100.0
2022-11-26,0,0.0,0.0,131.3,0.45,100.0
2022-11-27,0,0.0,0.0,131.3,0.45,100.0
2022-11-28,0,0.0,0.0,131.3,0.45,100.0
2022-11-29,0,0.0,0.0,131.3,0.45,100.0
2022-11-30,0,0.0,0.0,131.3,0.45,100.0
2022-12-01,0,0.0,0.0,131.3,0.45,100.0
2022-12-02,0,0.0,0.0,131.3,0.45,100.0
2022-12-03,0,0.0,0.0,131.3,0.45,100.0
2022-12-04,0,0.0,0.0,131.3,0.45,100.0
2022-12-05,0,0.0,0.0,131.3,0.45,100.0
2022-12-06,0,0.0,0.0,131.3,0.45,100.0
2022-12-07,0,0.0,0.0,131.3,0.45,100.0
2022-12-08,0,0.0,0.0,131.3,0.45,100.0
2022-12-09,0,0.0,0.0,131.3,0.45,100.0
2022-12-10,0,0.0,0.0,131.3,0.45,100.0
2022-12-11,0,0.0,0.0,131.3,0.45,100.0
2022-12-12,0,0.0,0.0,131.3,0.45,100.0
2022-12-13,0,0.0,0.0,131.3,0.45,100.0
2022-12-14,0,0.0,0.0,131.3,0.45,100.0
2022-12-15,0,0.0,0.0,131.3,0.45,100.0
2022-12-16,0,0.0,0.0,131.3,0.45,100.0
2022-12-17,0,0.0,0.0,131.3,0.45,100.0
2022-12-18,0,0.0,0.0,131.3,0.45,100.0
2022-12-19,0,0.0,0.0,131.3,0.45,100.0
2022-12-20,0,0.0,0.0,131.3,0.45,100.0
2022-12-21,0,0.0,0.0,131.3,0.45,100.0
2022-12-22,0,0.0,0.0,131.3,0.45,100.0
2022-12-23,0,0.0,0.0,131.3,0.45,100.0
2022-12-24,0,0.0,0.0,131.3,0.45,100.0
2022-12-25,0,0.0,0.0,131.3,0.45,100.0
2022-12-26,0,0.0,0.0,131.3,0.45,100.0
2022-12-27,0,0.0,0.0,131.3,0.45,100.0
2022-12-28,0,0.0,0.0,131.3,0.45,100.0
2022-12-29,0,0.0,0.0,131.3,0.45,100.0
2022-12-30,0,0.0,0.0,131.3,0.45,100.0
2022-12-31,0,0.0,0.0,131.3,0.45,100.0
2023-02-01,0,0.0,0.0,131.3,0.45,100.0
2023-02-02,0,0.0,0.0,131.3,0.45,100.0
2023-02-03,0,0.0,0.0,131.3,0.45,100.0
2023-02-04,0,0.0,0.0,131.3,0.45,100.0
2023-02-05,0,0.0,0.0,131.3,0.45,100.0
2023-02-06,0,0.0,0.0,131.3,0.45,100.0
2023-02-07,0,0.0,0.0,131.3,0.45,100.0
2023-02-08,0,0.0,0.0,131.3,0.45,100.0
2023-02-09,0,0.0,0.0,131.3,0.45,100.0
2023-02-10,0,0.0,0.0,131.3,0.45,100.0
2023-02-11,1,2.34,-2.34,128.96,2.79,97.66
2023-02-12,0,0.0,0.0,128.96,2.79,100.0
2023-02-13,0,0.0,0.0,128.96,2.79,100.0
2023-02-14,0,0.0,0.0,128.96,2.79,100.0
2023-02-15,0,0.0,0.0,128.96,2.79,100.0
2023-02-16,0,0.0,0.0,128.96,2.79,100.0
2023-02-17,0,0.0,0.0,128.96,2.79,100.0
2023-02-18,0,0.0,0.0,128.96,2.79,100.0
2023-02-19,0,0.0,0.0,128.96,2.79,100.0
2023-02-20,1,0.57,-0.57,128.39,3.36,99.43
2023-02-21,0,0.0,0.0,128.39,3.36,100.0
2023-02-22,0,0.0,0.0,128.39,3.36,100.0
2023-02-23,0,0.0,0.0,128.39,3.36,100.0
2023-02-24,0,0.0,0.0,128.39,3.36,100.0
2023-02-25,0,0.0,0.0,128.39,3.36,100.0
2023-02-26,0,0.0,0.0,128.39,3.36,100.0
2023-02-27,0,0.0,0.0,128.39,3.36,100.0
2023-02-28,0,0.0,0.0,128.39,3.36,100.0
2023-03-01,0,0.0,0.0,128.39,3.36,100.0
2023-03-02,0,0.0,0.0,128.39,3.36,100.0
2023-03-03,0,0.0,0.0,128.39,3.36,100.0
2023-03-04,0,0.0,0.0,128.39,3.36,100.0
2023-03-05,0,0.0,0.0,128.39,3.36,100.0
2023-03-06,0,0.0,0.0,128.39,3.36,100.0
2023-03-07,0,0.0,0.0,128.39,3.36,100.0
2023-03-08,0,0.0,0.0,128.39,3.36,100.0
2023-03-09,0,0.0,0.0,128.39,3.36,100.0
2023-03-10,0,0.0,0.0,128.39,3.36,100.0
2023-03-11,0,0.0,0.0,128.39,3.36,100.0
2023-03-12,0,0.0,0.0,128.39,3.36,100.0
2023-03-13,0,0.0,0.0,128.39,3.36,100.0
2023-03-14,0,0.0,0.0,128.39,3.36,100.0
2023-03-15,0,0.0,0.0,128.39,3.36,100.0
2023-03-16,0,0.0,0.0,128.39,3.36,100.0
2023-03-17,0,0.0,0.0,128.39,3.36,100.0
2023-03-18,1,1.14,-1.14,127.25,4.5,98.86
2023-03-19,0,0.0,0.0,127.25,4.5,100.0
2023-03-20,0,0.0,0.0,127.25,4.5,100.0
2023-03-21,0,0.0,0.0,127.25,4.5,100.0
2023-03-22,0,0.0,0.0,127.25,4.5,100.0
2023-03-23,0,0.0,0.0,127.25,4.5,100.0
2023-03-24,0,0.0,0.0,127.25,4.5,100.0
2023-03-25,0,0.0,0.0,127.25,4.5,100.0
2023-03-26,2,6.56,-6.56,120.69,11.06,93.44
2023-03-27,0,0.0,0.0,120.69,11.06,100.0
2023-03-28,0,0.0,0.0,120.69,11.06,100.0
2023-03-29,0,0.0,0.0,120.69,11.06,100.0
2023-03-30,0,0.0,0.0,120.69,11.06,100.0
2023-03-31,0,0.0,0.0,120.69,11.06,100.0
2023-04-01,1,7.74,12.52,133.21,0.0,92.26
2023-04-02,0,0.0,0.0,133.21,0.0,100.0
2023-04-03,0,0.0,0.0,133.21,0.0,100.0
2023-04-04,0,0.0,0.0,133.21,0.0,100.0
2023-04-05,0,0.0,0.0,133.21,0.0,100.0
2023-04-06,0,0.0,0.0,133.21,0.0,100.0
2023-04-07,0,0.0,0.0,133.21,0.0,100.0
2023-04-08,0,0.0,0.0,133.21,0.0,100.0
2023-04-09,0,0.0,0.0,133.21,0.0,100.0
2023-04-10,0,0.0,0.0,133.21,0.0,100.0
2023-04-11,0,0.0,0.0,133.21,0.0,100.0
2023-04-12,0,0.0,0.0,133.21,0.0,100.0
2023-04-13,0,0.0,0.0,133.21,0.0,100.0
2023-04-14,0,0.0,0.0,133.21,0.0,100.0
2023-04-15,1,0.82,-0.82,132.39,0.82,99.18
2023-04-16,0,0.0,0.0,132.39,0.82,100.0
2023-04-17,0,0.0,0.0,132.39,0.82,100.0
2023-04-18,1,13.8,11.09,143.48,0.0,86.2
2023-04-19,0,0.0,0.0,143.48,0.0,100.0
2023-04-20,0,0.0,0.0,143.48,0.0,100.0
2023-04-21,0,0.0,0.0,143.48,0.0,100.0
2023-04-22,0,0.0,0.0,143.48,0.0,100.0
2023-04-23,0,0.0,0.0,143.48,0.0,100.0
2023-04-24,0,0.0,0.0,143.48,0.0,100.0
2023-04-25,0,0.0,0.0,143.48,0.0,100.0
2023-04-26,0,0.0,0.0,143.48,0.0,100.0
2023-04-27,0,0.0,0.0,143.48,0.0,100.0
2023-04-28,0,0.0,0.0,143.48,0.0,100.0
2023-04-29,1,9.76,-9.76,133.72,9.76,90.24
2023-04-30,0,0.0,0.0,133.72,9.76,100.0
2023-05-01,0,0.0,0.0,133.72,9.76,100.0
2023-05-02,0,0.0,0.0,133.72,9.76,100.0
2023-05-03,0,0.0,0.0,133.72,9.76,100.0
2023-05-04,0,0.0,0.0,133.72,9.76,100.0
2023-05-05,0,0.0,0.0,133.72,9.76,100.0
2023-05-06,1,15.0,-15.0,118.72,24.76,85.0
2023-05-07,0,0.0,0.0,118.72,24.76,100.0
2023-05-08,1,3.71,-3.71,115.01,28.47,96.29
2023-05-09,0,0.0,0.0,115.01,28.47,100.0
2023-05-10,0,0.0,0.0,115.01,28.47,100.0
2023-05-11,0,0.0,0.0,115.01,28.47,100.0
2023-05-12,0,0.0,0.0,115.01,28.47,100.0
2023-05-13,1,15.0,19.11,134.12,9.36,85.0
2023-05-14,0,0.0,0.0,134.12,9.36,100.0
2023-05-15,0,0.0,0.0,134.12,9.36,100.0
2023-05-16,0,0.0,0.0,134.12,9.36,100.0
2023-05-17,0,0.0,0.0,134.12,9.36,100.0
2023-05-18,0,0.0,0.0,134.12,9.36,100.0
2023-05-19,0,0.0,0.0,134.12,9.36,100.0
2023-05-20,0,0.0,0.0,134.12,9.36,100.0
2023-05-21,0,0.0,0.0,134.12,9.36,100.0
2023-05-22,0,0.0,0.0,134.12,9.36,100.0
2023-05-23,0,0.0,0.0,134.12,9.36,100.0
2023-05-24,0,0.0,0.0,134.12,9.36,100.0
2023-05-25,0,0.0,0.0,134.12,9.36,100.0
2023-05-26,0,0.0,0.0,134.12,9.36,100.0
2023-05-27,0,0.0,0.0,134.12,9.36,100.0
2023-05-28,0,0.0,0.0,134.12,9.36,100.0
2023-05-29,0,0.0,0.0,134.12,9.36,100.0
2023-05-30,0,0.0,0.0,134.12,9.36,100.0
2023-05-31,0,0.0,0.0,134.12,9.36,100.0
2023-12-01,0,0.0,0.0,134.12,9.36,100.0
2023-12-02,0,0.0,0.0,134.12,9.36,100.0
2023-12-03,0,0.0,0.0,134.12,9.36,100.0
2023-12-04,0,0.0,0.0,134.12,9.36,100.0
2023-12-05,0,0.0,0.0,134.12,9.36,100.0
2023-12-06,0,0.0,0.0,134.12,9.36,100.0
2023-12-07,0,0.0,0.0,134.12,9.36,100.0
2023-12-08,0,0.0,0.0,134.12,9.36,100.0
2023-12-09,0,0.0,0.0,134.12,9.36,100.0
2023-12-10,0,0.0,0.0,134.12,9.36,100.0
2023-12-11,0,0.0,0.0,134.12,9.36,100.0
2023-12-12,0,0.0,0.0,134.12,9.36,100.0
2023-12-13,0,0.0,0.0,134.12,9.36,100.0
2023-12-14,0,0.0,0.0,134.12,9.36,100.0
2023-12-15,0,0.0,0.0,134.12,9.36,100.0
2023-12-16,0,0.0,0.0,134.12,9.36,100.0
2023-12-17,0,0.0,0.0,134.12,9.36,100.0
2023-12-18,0,0.0,0.0,134.12,9.36,100.0
2023-12-19,0,0.0,0.0,134.12,9.36,100.0
2023-12-20,0,0.0,0.0,134.12,9.36,100.0
2023-12-21,0,0.0,0.0,134.12,9.36,100.0
2023-12-22,0,0.0,0.0,134.12,9.36,100.0
2023-12-23,0,0.0,0.0,134.12,9.36,100.0
2023-12-24,0,0.0,0.0,134.12,9.36,100.0
2023-12-25,0,0.0,0.0,134.12,9.36,100.0
2023-12-26,0,0.0,0.0,134.12,9.36,100.0
2023-12-27,0,0.0,0.0,134.12,9.36,100.0
2023-12-28,0,0.0,0.0,134.12,9.36,100.0
2023-12-29,0,0.0,0.0,134.12,9.36,100.0
2023-12-30,0,0.0,0.0,134.12,9.36,100.0
2023-12-31,0,0.0,0.0,134.12,9.36,100.0
2024-01-01,0,0.0,0.0,134.12,9.36,100.0
2024-01-02,0,0.0,0.0,134.12,9.36,100.0
2024-01-03,0,0.0,0.0,134.12,9.36,100.0
2024-01-04,0,0.0,0.0,134.12,9.36,100.0
2024-01-05,0,0.0,0.0,134.12,9.36,100.0
2024-01-06,0,0.0,0.0,134.12,9.36,100.0
2024-01-07,0,0.0,0.0,134.12,9.36,100.0
2024-01-08,0,0.0,0.0,134.12,9.36,100.0
2024-01-09,0,0.0,0.0,134.12,9.36,100.0
2024-01-10,0,0.0,0.0,134.12,9.36,100.0
2024-01-11,0,0.0,0.0,134.12,9.36,100.0
2024-01-12,0,0.0,0.0,134.12,9.36,100.0
2024-01-13,0,0.0,0.0,134.12,9.36,100.0
2024-01-14,0,0.0,0.0,134.12,9.36,100.0
2024-01-15,0,0.0,0.0,134.12,9.36,100.0
2024-01-16,0,0.0,0.0,134.12,9.36,100.0
2024-01-17,0,0.0,0.0,134.12,9.36,100.0
2024-01-18,0,0.0,0.0,134.12,9.36,100.0
2024-01-19,0,0.0,0.0,134.12,9.36,100.0
2024-01-20,0,0.0,0.0,134.12,9.36,100.0
2024-01-21,0,0.0,0.0,134.12,9.36,100.0
2024-01-22,0,0.0,0.0,134.12,9.36,100.0
2024-01-23,0,0.0,0.0,134.12,9.36,100.0
2024-01-24,0,0.0,0.0,134.12,9.36,100.0
2024-01-25,0,0.0,0.0,134.12,9.36,100.0
2024-01-26,0,0.0,0.0,134.12,9.36,100.0
2024-01-27,0,0.0,0.0,134.12,9.36,100.0
2024-01-28,0,0.0,0.0,134.12,9.36,100.0
2024-01-29,0,0.0,0.0,134.12,9.36,100.0
2024-01-30,0,0.0,0.0,134.12,9.36,100.0
2024-01-31,0,0.0,0.0,134.12,9.36,100.0
2024-12-01,0,0.0,0.0,134.12,9.36,100.0
2024-12-02,0,0.0,0.0,134.12,9.36,100.0
2024-12-03,0,0.0,0.0,134.12,9.36,100.0
2024-12-04,0,0.0,0.0,134.12,9.36,100.0
2024-12-05,0,0.0,0.0,134.12,9.36,100.0
2024-12-06,0,0.0,0.0,134.12,9.36,100.0
2024-12-07,0,0.0,0.0,134.12,9.36,100.0
2024-12-08,0,0.0,0.0,134.12,9.36,100.0
2024-12-09,0,0.0,0.0,134.12,9.36,100.0
2024-12-10,0,0.0,0.0,134.12,9.36,100.0
2024-12-11,0,0.0,0.0,134.12,9.36,100.0
2024-12-12,0,0.0,0.0,134.12,9.36,100.0
2024-12-13,0,0.0,0.0,134.12,9.36,100.0
2024-12-14,0,0.0,0.0,134.12,9.36,100.0
2024-12-15,0,0.0,0.0,134.12,9.36,100.0
2024-12-16,0,0.0,0.0,134.12,9.36,100.0
2024-12-17,0,0.0,0.0,134.12,9.36,100.0
2024-12-18,0,0.0,0.0,134.12,9.36,100.0
2024-12-19,0,0.0,0.0,134.12,9.36,100.0
2024-12-20,0,0.0,0.0,134.12,9.36,100.0
2024-12-21,0,0.0,0.0,134.12,9.36,100.0
2024-12-22,0,0.0,0.0,134.12,9.36,100.0
2024-12-23,0,0.0,0.0,134.12,9.36,100.0
2024-12-24,0,0.0,0.0,134.12,9.36,100.0
2024-12-25,0,0.0,0.0,134.12,9.36,100.0
2024-12-26,0,0.0,0.0,134.12,9.36,100.0
2024-12-27,0,0.0,0.0,134.12,9.36,100.0
2024-12-28,0,0.0,0.0,134.12,9.36,100.0
2024-12-29,0,0.0,0.0,134.12,9.36,100.0
2024-12-30,0,0.0,0.0,134.12,9.36,100.0
2024-12-31,0,0.0,0.0,134.12,9.36,100.0
2025-01-01,0,0.0,0.0,134.12,9.36,100.0
2025-01-02,0,0.0,0.0,134.12,9.36,100.0
2025-01-03,0,0.0,0.0,134.12,9.36,100.0
2025-01-04,0,0.0,0.0,134.12,9.36,100.0
2025-01-05,0,0.0,0.0,134.12,9.36,100.0
2025-01-06,0,0.0,0.0,134.12,9.36,100.0
2025-01-07,0,0.0,0.0,134.12,9.36,100.0
2025-01-08,0,0.0,0.0,134.12,9.36,100.0
2025-01-09,0,0.0,0.0,134.12,9.36,100.0
2025-01-10,0,0.0,0.0,134.12,9.36,100.0
2025-01-11,0,0.0,0.0,134.12,9.36,100.0
2025-01-12,0,0.0,0.0,134.12,9.36,100.0
2025-01-13,0,0.0,0.0,134.12,9.36,100.0
2025-01-14,0,0.0,0.0,134.12,9.36,100.0
2025-01-15,0,0.0,0.0,134.12,9.36,100.0
2025-01-16,0,0.0,0.0,134.12,9.36,100.0
2025-01-17,1,6.64,-6.64,127.48,16.0,93.36
2025-01-18,1,3.78,10.04,137.52,5.96,96.22
2025-01-19,1,1.43,3.28,140.8,2.68,98.57
2025-01-20,0,0.0,0.0,140.8,2.68,100.0
2025-01-21,0,0.0,0.0,140.8,2.68,100.0
2025-01-22,0,0.0,0.0,140.8,2.68,100.0
2025-01-23,0,0.0,0.0,140.8,2.68,100.0
2025-01-24,0,0.0,0.0,140.8,2.68,100.0
2025-01-25,0,0.0,0.0,140.8,2.68,100.0
2025-01-26,0,0.0,0.0,140.8,2.68,100.0
2025-01-27,0,0.0,0.0,140.8,2.68,100.0
2025-01-28,0,0.0,0.0,140.8,2.68,100.0
2025-01-29,0,0.0,0.0,140.8,2.68,100.0
2025-01-30,0,0.0,0.0,140.8,2.68,100.0
2025-01-31,1,0.53,-0.53,140.27,3.21,99.47
2025-02-01,0,0.0,0.0,140.27,3.21,100.0
2025-02-02,1,2.59,-2.59,137.68,5.8,97.41
2025-02-03,0,0.0,0.0,137.68,5.8,100.0
2025-02-04,0,0.0,0.0,137.68,5.8,100.0
2025-02-05,0,0.0,0.0,137.68,5.8,100.0
2025-02-06,0,0.0,0.0,137.68,5.8,100.0
2025-02-07,0,0.0,0.0,137.68,5.8,100.0
2025-02-08,1,1.18,-1.18,136.5,6.98,98.82
2025-02-09,0,0.0,0.0,136.5,6.98,100.0
2025-02-10,0,0.0,0.0,136.5,6.98,100.0
2025-02-11,0,0.0,0.0,136.5,6.98,100.0
2025-02-12,0,0.0,0.0,136.5,6.98,100.0
2025-02-13,0,0.0,0.0,136.5,6.98,100.0
2025-02-14,0,0.0,0.0,136.5,6.98,100.0
2025-02-15,2,10.8,24.0,160.5,0.0,89.2
2025-02-16,0,0.0,0.0,160.5,0.0,100.0
2025-02-17,0,0.0,0.0,160.5,0.0,100.0
2025-02-18,0,0.0,0.0,160.5,0.0,100.0
2025-02-19,0,0.0,0.0,160.5,0.0,100.0
2025-02-20,0,0.0,0.0,160.5,0.0,100.0
2025-02-21,2,14.93,-14.93,145.57,14.93,85.07
2025-02-22,0,0.0,0.0,145.57,14.93,100.0
2025-02-23,1,1.1,-1.1,144.47,16.03,98.9
2025-02-24,0,0.0,0.0,144.47,16.03,100.0
2025-02-25,0,0.0,0.0,144.47,16.03,100.0
2025-02-26,0,0.0,0.0,144.47,16.03,100.0
2025-02-27,0,0.0,0.0,144.47,16.03,100.0
2025-02-28,0,0.0,0.0,144.47,16.03,100.0
2025-03-01,1,2.76,-2.76,141.71,18.79,97.24
2025-03-02,0,0.0,0.0,141.71,18.79,100.0
2025-03-03,0,0.0,0.0,141.71,18.79,100.0
2025-03-04,0,0.0,0.0,141.71,18.79,100.0
2025-03-05,0,0.0,0.0,141.71,18.79,100.0
2025-03-06,0,0.0,0.0,141.71,18.79,100.0
2025-03-07,0,0.0,0.0,141.71,18.79,100.0
2025-03-08,1,2.71,8.07,149.78,10.72,97.29
2025-03-09,0,0.0,0.0,149.78,10.72,100.0
2025-03-10,1,1.09,-1.09,148.69,11.81,98.91
2025-03-11,0,0.0,0.0,148.69,11.81,100.0
2025-03-12,0,0.0,0.0,148.69,11.81,100.0
2025-03-13,0,0.0,0.0,148.69,11.81,100.0
2025-03-14,0,0.0,0.0,148.69,11.81,100.0
2025-03-15,0,0.0,0.0,148.69,11.81,100.0
2025-03-16,0,0.0,0.0,148.69,11.81,100.0
2025-03-17,0,0.0,0.0,148.69,11.81,100.0
2025-03-18,0,0.0,0.0,148.69,11.81,100.0
2025-03-19,0,0.0,0.0,148.69,11.81,100.0
2025-03-20,0,0.0,0.0,148.69,11.81,100.0
2025-03-21,0,0.0,0.0,148.69,11.81,100.0
2025-03-22,0,0.0,0.0,148.69,11.81,100.0
2025-03-23,0,0.0,0.0,148.69,11.81,100.0
2025-03-24,0,0.0,0.0,148.69,11.81,100.0
2025-03-25,0,0.0,0.0,148.69,11.81,100.0
2025-03-26,0,0.0,0.0,148.69,11.81,100.0
2025-03-27,0,0.0,0.0,148.69,11.81,100.0
2025-03-28,1,1.05,-1.05,147.64,12.86,98.95
2025-03-29,0,0.0,0.0,147.64,12.86,100.0
2025-03-30,0,0.0,0.0,147.64,12.86,100.0
2025-03-31,0,0.0,0.0,147.64,12.86,100.0
2025-04-01,0,0.0,0.0,147.64,12.86,100.0
2025-04-02,0,0.0,0.0,147.64,12.86,100.0
2025-04-03,0,0.0,0.0,147.64,12.86,100.0
2025-04-04,0,0.0,0.0,147.64,12.86,100.0
2025-04-05,0,0.0,0.0,147.64,12.86,100.0
2025-04-06,0,0.0,0.0,147.64,12.86,100.0
2025-04-07,0,0.0,0.0,147.64,12.86,100.0
2025-04-08,0,0.0,0.0,147.64,12.86,100.0
2025-04-09,0,0.0,0.0,147.64,12.86,100.0
2025-04-10,0,0.0,0.0,147.64,12.86,100.0
2025-04-11,0,0.0,0.0,147.64,12.86,100.0
2025-04-12,0,0.0,0.0,147.64,12.86,100.0
2025-04-13,0,0.0,0.0,147.64,12.86,100.0
2025-04-14,0,0.0,0.0,147.64,12.86,100.0
2025-04-15,0,0.0,0.0,147.64,12.86,100.0
2025-04-16,0,0.0,0.0,147.64,12.86,100.0
2025-04-17,0,0.0,0.0,147.64,12.86,100.0
2025-04-18,0,0.0,0.0,147.64,12.86,100.0
2025-04-19,0,0.0,0.0,147.64,12.86,100.0
2025-04-20,0,0.0,0.0,147.64,12.86,100.0
2025-04-21,0,0.0,0.0,147.64,12.86,100.0
2025-04-22,0,0.0,0.0,147.64,12.86,100.0
2025-04-23,0,0.0,0.0,147.64,12.86,100.0
2025-04-24,0,0.0,0.0,147.64,12.86,100.0
2025-04-25,0,0.0,0.0,147.64,12.86,100.0
2025-04-26,0,0.0,0.0,147.64,12.86,100.0
2025-04-27,0,0.0,0.0,147.64,12.86,100.0
2025-04-28,0,0.0,0.0,147.64,12.86,100.0
2025-04-29,0,0.0,0.0,147.64,12.86,100.0
2025-04-30,0,0.0,0.0,147.64,12.86,100.0
2025-05-01,0,0.0,0.0,147.64,12.86,100.0
2025-05-02,0,0.0,0.0,147.64,12.86,100.0
2025-05-03,0,0.0,0.0,147.64,12.86,100.0
2025-05-04,0,0.0,0.0,147.64,12.86,100.0
2025-05-05,0,0.0,0.0,147.64,12.86,100.0
2025-05-06,0,0.0,0.0,147.64,12.86,100.0
2025-05-07,0,0.0,0.0,147.64,12.86,100.0
2025-05-08,0,0.0,0.0,147.64,12.86,100.0
2025-05-09,0,0.0,0.0,147.64,12.86,100.0
2025-05-10,0,0.0,0.0,147.64,12.86,100.0
2025-05-11,0,0.0,0.0,147.64,12.86,100.0
2025-05-12,0,0.0,0.0,147.64,12.86,100.0
2025-05-13,0,0.0,0.0,147.64,12.86,100.0
2025-05-14,0,0.0,0.0,147.64,12.86,100.0
2025-05-15,0,0.0,0.0,147.64,12.86,100.0
2025-05-16,0,0.0,0.0,147.64,12.86,100.0
2025-05-17,0,0.0,0.0,147.64,12.86,100.0
2025-05-18,0,0.0,0.0,147.64,12.86,100.0
2025-05-19,0,0.0,0.0,147.64,12.86,100.0
2025-05-20,0,0.0,0.0,147.64,12.86,100.0
2025-05-21,0,0.0,0.0,147.64,12.86,100.0
2025-05-22,0,0.0,0.0,147.64,12.86,100.0
2025-05-23,0,0.0,0.0,147.64,12.86,100.0
2025-05-24,0,0.0,0.0,147.64,12.86,100.0
2025-05-25,0,0.0,0.0,147.64,12.86,100.0
2025-05-26,0,0.0,0.0,147.64,12.86,100.0
2025-05-27,0,0.0,0.0,147.64,12.86,100.0
2025-05-28,0,0.0,0.0,147.64,12.86,100.0
2025-05-29,0,0.0,0.0,147.64,12.86,100.0
2025-05-30,0,0.0,0.0,147.64,12.86,100.0
2025-05-31,0,0.0,0.0,147.64,12.86,100.0
2025-10-01,0,0.0,0.0,147.64,12.86,100.0
2025-10-02,0,0.0,0.0,147.64,12.86,100.0
2025-10-03,0,0.0,0.0,147.64,12.86,100.0
2025-10-04,0,0.0,0.0,147.64,12.86,100.0
2025-10-05,0,0.0,0.0,147.64,12.86,100.0
2025-10-06,0,0.0,0.0,147.64,12.86,100.0
2025-10-07,0,0.0,0.0,147.64,12.86,100.0
2025-10-08,0,0.0,0.0,147.64,12.86,100.0
2025-10-09,0,0.0,0.0,147.64,12.86,100.0
2025-10-10,0,0.0,0.0,147.64,12.86,100.0
2025-10-11,0,0.0,0.0,147.64,12.86,100.0
2025-10-12,0,0.0,0.0,147.64,12.86,100.0
2025-10-13,0,0.0,0.0,147.64,12.86,100.0
2025-10-14,0,0.0,0.0,147.64,12.86,100.0
2025-10-15,0,0.0,0.0,147.64,12.86,100.0
2025-10-16,0,0.0,0.0,147.64,12.86,100.0
2025-10-17,0,0.0,0.0,147.64,12.86,100.0
2025-10-18,0,0.0,0.0,147.64,12.86,100.0
2025-10-19,0,0.0,0.0,147.64,12.86,100.0
2025-10-20,0,0.0,0.0,147.64,12.86,100.0
2025-10-21,0,0.0,0.0,147.64,12.86,100.0
2025-10-22,1,2.31,5.89,153.53,6.97,97.69
2025-10-23,0,0.0,0.0,153.53,6.97,100.0
2025-10-24,0,0.0,0.0,153.53,6.97,100.0
2025-10-25,0,0.0,0.0,153.53,6.97,100.0
2025-10-26,0,0.0,0.0,153.53,6.97,100.0
2025-10-27,0,0.0,0.0,153.53,6.97,100.0
2025-10-28,0,0.0,0.0,153.53,6.97,100.0
2025-10-29,0,0.0,0.0,153.53,6.97,100.0
2025-10-30,0,0.0,0.0,153.53,6.97,100.0
2025-10-31,0,0.0,0.0,153.53,6.97,100.0
2025-11-01,0,0.0,0.0,153.53,6.97,100.0
2025-11-02,0,0.0,0.0,153.53,6.97,100.0
2025-11-03,0,0.0,0.0,153.53,6.97,100.0
2025-11-04,0,0.0,0.0,153.53,6.97,100.0
2025-11-05,0,0.0,0.0,153.53,6.97,100.0
2025-11-06,0,0.0,0.0,153.53,6.97,100.0
2025-11-07,0,0.0,0.0,153.53,6.97,100.0
2025-11-08,0,0.0,0.0,153.53,6.97,100.0
2025-11-09,0,0.0,0.0,153.53,6.97,100.0
2025-11-10,0,0.0,0.0,153.53,6.97,100.0
2025-11-11,0,0.0,0.0,153.53,6.97,100.0
2025-11-12,0,0.0,0.0,153.53,6.97,100.0
2025-11-13,0,0.0,0.0,153.53,6.97,100.0
2025-11-14,0,0.0,0.0,153.53,6.97,100.0
2025-11-15,0,0.0,0.0,153.53,6.97,100.0
2025-11-16,0,0.0,0.0,153.53,6.97,100.0
2025-11-17,0,0.0,0.0,153.53,6.97,100.0
2025-11-18,0,0.0,0.0,153.53,6.97,100.0
2025-11-19,0,0.0,0.0,153.53,6.97,100.0
2025-11-20,0,0.0,0.0,153.53,6.97,100.0
2025-11-21,0,0.0,0.0,153.53,6.97,100.0
2025-11-22,0,0.0,0.0,153.53,6.97,100.0
2025-11-23,0,0.0,0.0,153.53,6.97,100.0
2025-11-24,0,0.0,0.0,153.53,6.97,100.0
2025-11-25,0,0.0,0.0,153.53,6.97,100.0
2025-11-26,0,0.0,0.0,153.53,6.97,100.0
2025-11-27,0,0.0,0.0,153.53,6.97,100.0
2025-11-28,0,0.0,0.0,153.53,6.97,100.0
2025-11-29,0,0.0,0.0,153.53,6.97,100.0
2025-11-30,0,0.0,0.0,153.53,6.97,100.0
2025-12-01,0,0.0,0.0,153.53,6.97,100.0
2025-12-02,0,0.0,0.0,153.53,6.97,100.0
2025-12-03,0,0.0,0.0,153.53,6.97,100.0
2025-12-04,0,0.0,0.0,153.53,6.97,100.0
2025-12-05,0,0.0,0.0,153.53,6.97,100.0
2025-12-06,0,0.0,0.0,153.53,6.97,100.0
2025-12-07,0,0.0,0.0,153.53,6.97,100.0
2025-12-08,0,0.0,0.0,153.53,6.97,100.0
2025-12-09,0,0.0,0.0,153.53,6.97,100.0
2025-12-10,0,0.0,0.0,153.53,6.97,100.0
2025-12-11,0,0.0,0.0,153.53,6.97,100.0
2025-12-12,0,0.0,0.0,153.53,6.97,100.0
2025-12-13,0,0.0,0.0,153.53,6.97,100.0
2025-12-14,0,0.0,0.0,153.53,6.97,100.0
2025-12-15,0,0.0,0.0,153.53,6.97,100.0
2025-12-16,0,0.0,0.0,153.53,6.97,100.0
2025-12-17,0,0.0,0.0,153.53,6.97,100.0
2025-12-18,0,0.0,0.0,153.53,6.97,100.0
2025-12-19,0,0.0,0.0,153.53,6.97,100.0
2025-12-20,0,0.0,0.0,153.53,6.97,100.0
2025-12-21,0,0.0,0.0,153.53,6.97,100.0
2025-12-22,0,0.0,0.0,153.53,6.97,100.0
2025-12-23,0,0.0,0.0,153.53,6.97,100.0
2025-12-24,0,0.0,0.0,153.53,6.97,100.0
2025-12-25,0,0.0,0.0,153.53,6.97,100.0
2025-12-26,0,0.0,0.0,153.53,6.97,100.0
2025-12-27,0,0.0,0.0,153.53,6.97,100.0
2025-12-28,0,0.0,0.0,153.53,6.97,100.0
2025-12-29,0,0.0,0.0,153.53,6.97,100.0
2025-12-30,0,0.0,0.0,153.53,6.97,100.0
2025-12-31,0,0.0,0.0,153.53,6.97,100.0
2026-01-01,0,0.0,0.0,153.53,6.97,100.0
2026-01-02,0,0.0,0.0,153.53,6.97,100.0
2026-01-03,0,0.0,0.0,153.53,6.97,100.0
2026-01-04,0,0.0,0.0,153.53,6.97,100.0
2026-01-05,0,0.0,0.0,153.53,6.97,100.0
2026-01-06,0,0.0,0.0,153.53,6.97,100.0
2026-01-07,0,0.0,0.0,153.53,6.97,100.0
2026-01-08,0,0.0,0.0,153.53,6.97,100.0
2026-01-09,0,0.0,0.0,153.53,6.97,100.0
2026-01-10,0,0.0,0.0,153.53,6.97,100.0
2026-01-11,0,0.0,0.0,153.53,6.97,100.0
2026-01-12,0,0.0,0.0,153.53,6.97,100.0
2026-01-13,0,0.0,0.0,153.53,6.97,100.0
2026-01-14,0,0.0,0.0,153.53,6.97,100.0
2026-01-15,0,0.0,0.0,153.53,6.97,100.0
2026-01-16,0,0.0,0.0,153.53,6.97,100.0
2026-01-17,0,0.0,0.0,153.53,6.97,100.0
2026-01-18,0,0.0,0.0,153.53,6.97,100.0
2026-01-19,0,0.0,0.0,153.53,6.97,100.0
2026-01-20,0,0.0,0.0,153.53,6.97,100.0
2026-01-21,0,0.0,0.0,153.53,6.97,100.0
2026-01-22,0,0.0,0.0,153.53,6.97,100.0
2026-01-23,0,0.0,0.0,153.53,6.97,100.0
2026-01-24,0,0.0,0.0,153.53,6.97,100.0
2026-01-25,0,0.0,0.0,153.53,6.97,100.0
2026-01-26,0,0.0,0.0,153.53,6.97,100.0
2026-01-27,0,0.0,0.0,153.53,6.97,100.0
2026-01-28,0,0.0,0.0,153.53,6.97,100.0
2026-01-29,0,0.0,0.0,153.53,6.97,100.0
2026-01-30,0,0.0,0.0,153.53,6.97,100.0
2026-01-31,3,24.78,33.07,186.6,0.0,75.22
2026-02-01,0,0.0,0.0,186.6,0.0,100.0
2026-02-02,0,0.0,0.0,186.6,0.0,100.0
2026-02-03,0,0.0,0.0,186.6,0.0,100.0
2026-02-04,0,0.0,0.0,186.6,0.0,100.0
2026-02-05,0,0.0,0.0,186.6,0.0,100.0
2026-02-06,0,0.0,0.0,186.6,0.0,100.0
2026-02-07,0,0.0,0.0,186.6,0.0,100.0
2026-02-08,0,0.0,0.0,186.6,0.0,100.0
2026-02-09,0,0.0,0.0,186.6,0.0,100.0
2026-02-10,0,0.0,0.0,186.6,0.0,100.0
2026-02-11,0,0.0,0.0,186.6,0.0,100.0
2026-02-12,0,0.0,0.0,186.6,0.0,100.0
2026-02-13,0,0.0,0.0,186.6,0.0,100.0
2026-02-14,0,0.0,0.0,186.6,0.0,100.0
2026-02-15,0,0.0,0.0,186.6,0.0,100.0
2026-02-16,0,0.0,0.0,186.6,0.0,100.0
2026-02-17,0,0.0,0.0,186.6,0.0,100.0
2026-02-18,0,0.0,0.0,186.6,0.0,100.0
2026-02-19,0,0.0,0.0,186.6,0.0,100.0
2026-02-20,0,0.0,0.0,186.6,0.0,100.0
2026-02-21,0,0.0,0.0,186.6,0.0,100.0
2026-02-22,0,0.0,0.0,186.6,0.0,100.0
2026-02-23,0,0.0,0.0,186.6,0.0,100.0
2026-02-24,0,0.0,0.0,186.6,0.0,100.0
2026-02-25,0,0.0,0.0,186.6,0.0,100.0
2026-02-26,0,0.0,0.0,186.6,0.0,100.0
2026-02-27,0,0.0,0.0,186.6,0.0,100.0
2026-02-28,0,0.0,0.0,186.6,0.0,100.0
2026-03-01,0,0.0,0.0,186.6,0.0,100.0
2026-03-02,0,0.0,0.0,186.6,0.0,100.0
2026-03-03,0,0.0,0.0,186.6,0.0,100.0
2026-03-04,0,0.0,0.0,186.6,0.0,100.0
2026-03-05,0,0.0,0.0,186.6,0.0,100.0
2026-03-06,0,0.0,0.0,186.6,0.0,100.0
2026-03-07,0,0.0,0.0,186.6,0.0,100.0
2026-03-08,0,0.0,0.0,186.6,0.0,100.0
2026-03-09,0,0.0,0.0,186.6,0.0,100.0
2026-03-10,0,0.0,0.0,186.6,0.0,100.0
2026-03-11,0,0.0,0.0,186.6,0.0,100.0
2026-03-12,0,0.0,0.0,186.6,0.0,100.0
2026-03-13,0,0.0,0.0,186.6,0.0,100.0
2026-03-14,0,0.0,0.0,186.6,0.0,100.0
2026-03-15,0,0.0,0.0,186.6,0.0,100.0
2026-03-16,0,0.0,0.0,186.6,0.0,100.0
2026-03-17,0,0.0,0.0,186.6,0.0,100.0
2026-03-18,0,0.0,0.0,186.6,0.0,100.0
2026-03-19,0,0.0,0.0,186.6,0.0,100.0
2026-03-20,0,0.0,0.0,186.6,0.0,100.0
2026-03-21,0,0.0,0.0,186.6,0.0,100.0
2026-03-22,0,0.0,0.0,186.6,0.0,100.0
2026-03-23,0,0.0,0.0,186.6,0.0,100.0
2026-03-24,0,0.0,0.0,186.6,0.0,100.0
2026-03-25,0,0.0,0.0,186.6,0.0,100.0
2026-03-26,0,0.0,0.0,186.6,0.0,100.0
2026-03-27,0,0.0,0.0,186.6,0.0,100.0
2026-03-28,0,0.0,0.0,186.6,0.0,100.0
2026-03-29,0,0.0,0.0,186.6,0.0,100.0
2026-03-30,0,0.0,0.0,186.6,0.0,100.0
2026-03-31,0,0.0,0.0,186.6,0.0,100.0
2026-04-01,0,0.0,0.0,186.6,0.0,100.0
2026-04-02,0,0.0,0.0,186.6,0.0,100.0
2026-04-03,0,0.0,0.0,186.6,0.0,100.0
2026-04-04,1,3.32,-3.32,183.28,3.32,96.68
2026-04-05,0,0.0,0.0,183.28,3.32,100.0
2026-04-06,0,0.0,0.0,183.28,3.32,100.0
2026-04-07,0,0.0,0.0,183.28,3.32,100.0
2026-04-08,0,0.0,0.0,183.28,3.32,100.0
2026-04-09,0,0.0,0.0,183.28,3.32,100.0
2026-04-10,0,0.0,0.0,183.28,3.32,100.0
2026-04-11,0,0.0,0.0,183.28,3.32,100.0
2026-04-12,0,0.0,0.0,183.28,3.32,100.0
2026-04-13,0,0.0,0.0,183.28,3.32,100.0
2026-04-14,0,0.0,0.0,183.28,3.32,100.0
2026-04-15,0,0.0,0.0,183.28,3.32,100.0
2026-04-16,0,0.0,0.0,183.28,3.32,100.0
2026-04-17,0,0.0,0.0,183.28,3.32,100.0
2026-04-18,0,0.0,0.0,183.28,3.32,100.0
2026-04-19,0,0.0,0.0,183.28,3.32,100.0
2026-04-20,0,0.0,0.0,183.28,3.32,100.0
2026-04-21,0,0.0,0.0,183.28,3.32,100.0
2026-04-22,0,0.0,0.0,183.28,3.32,100.0
2026-04-23,0,0.0,0.0,183.28,3.32,100.0
2026-04-24,0,0.0,0.0,183.28,3.32,100.0
2026-04-25,0,0.0,0.0,183.28,3.32,100.0
2026-04-26,0,0.0,0.0,183.28,3.32,100.0
2026-04-27,0,0.0,0.0,183.28,3.32,100.0
2026-04-28,0,0.0,0.0,183.28,3.32,100.0
2026-04-29,0,0.0,0.0,183.28,3.32,100.0
2026-04-30,0,0.0,0.0,183.28,3.32,100.0
