bet_date,settlement_date,league,home_team,away_team,outcome,actual_result,odds,stake,won,profit,rule_label,month,season
2023-05-01,2023-05-02,I2,Ascoli,Pisa,draw,home,3.03,10.0,False,-10.0,"league|outcome|odds_bucket=I2|draw|[2.8,3.5)",2023-05,2022-23
2023-05-01,2023-05-02,I2,Bari,Cittadella,draw,draw,3.1,10.0,True,21.0,"league|outcome|odds_bucket=I2|draw|[2.8,3.5)",2023-05,2022-23
2023-05-01,2023-05-02,I2,Benevento,Parma,draw,draw,3.23,10.0,True,22.3,"league|outcome|odds_bucket=I2|draw|[2.8,3.5)",2023-05,2022-23
2023-05-01,2023-05-02,I2,Brescia,Cosenza,draw,home,3.29,10.0,False,-10.0,"league|outcome|odds_bucket=I2|draw|[2.8,3.5)",2023-05,2022-23
2023-05-01,2023-05-02,I2,Venezia,Modena,draw,home,3.31,10.0,False,-10.0,"league|outcome|odds_bucket=I2|draw|[2.8,3.5)",2023-05,2022-23
2023-05-01,2023-05-02,I2,Sudtirol,Genoa,draw,draw,3.36,10.0,True,23.6,"league|outcome|odds_bucket=I2|draw|[2.8,3.5)",2023-05,2022-23
2023-05-05,2023-05-06,I2,Perugia,Cagliari,draw,away,3.25,10.0,False,-10.0,"league|outcome|odds_bucket=I2|draw|[2.8,3.5)",2023-05,2022-23
2023-05-06,2023-05-07,I2,Reggina,Como,draw,home,3.05,10.0,False,-10.0,"league|outcome|odds_bucket=I2|draw|[2.8,3.5)",2023-05,2022-23
2023-05-06,2023-05-07,I2,Pisa,Frosinone,draw,away,3.11,10.0,False,-10.0,"league|outcome|odds_bucket=I2|draw|[2.8,3.5)",2023-05,2022-23
2023-05-06,2023-05-07,I2,Cosenza,Venezia,draw,draw,3.18,10.0,True,21.8,"league|outcome|odds_bucket=I2|draw|[2.8,3.5)",2023-05,2022-23
2023-05-06,2023-05-07,I2,Modena,Bari,draw,draw,3.19,10.0,True,21.9,"league|outcome|odds_bucket=I2|draw|[2.8,3.5)",2023-05,2022-23
2023-05-06,2023-05-07,I2,Cittadella,Benevento,draw,home,3.23,10.0,False,-10.0,"league|outcome|odds_bucket=I2|draw|[2.8,3.5)",2023-05,2022-23
2023-05-06,2023-05-07,I2,Ternana,Sudtirol,draw,away,3.28,10.0,False,-10.0,"league|outcome|odds_bucket=I2|draw|[2.8,3.5)",2023-05,2022-23
2023-05-07,2023-05-08,I2,Parma,Brescia,draw,home,3.45,10.0,False,-10.0,"league|outcome|odds_bucket=I2|draw|[2.8,3.5)",2023-05,2022-23
2023-05-13,2023-05-14,I2,Sudtirol,Cittadella,draw,draw,2.86,10.0,True,18.6,"league|outcome|odds_bucket=I2|draw|[2.8,3.5)",2023-05,2022-23
2023-05-13,2023-05-14,I2,Bari,Reggina,draw,home,3.0,10.0,False,-10.0,"league|outcome|odds_bucket=I2|draw|[2.8,3.5)",2023-05,2022-23
2023-05-13,2023-05-14,I2,Frosinone,Genoa,draw,home,3.01,10.0,False,-10.0,"league|outcome|odds_bucket=I2|draw|[2.8,3.5)",2023-05,2022-23
2023-05-13,2023-05-14,I2,Brescia,Pisa,draw,draw,3.18,10.0,True,21.8,"league|outcome|odds_bucket=I2|draw|[2.8,3.5)",2023-05,2022-23
2023-05-13,2023-05-14,I2,Benevento,Modena,draw,home,3.41,10.0,False,-10.0,"league|outcome|odds_bucket=I2|draw|[2.8,3.5)",2023-05,2022-23
2023-05-13,2023-05-14,I2,Ascoli,Cosenza,draw,draw,3.41,10.0,True,24.1,"league|outcome|odds_bucket=I2|draw|[2.8,3.5)",2023-05,2022-23
2023-05-13,2023-05-14,I2,Como,Ternana,draw,home,3.46,10.0,False,-10.0,"league|outcome|odds_bucket=I2|draw|[2.8,3.5)",2023-05,2022-23
2023-05-19,2023-05-20,I2,Modena,Sudtirol,draw,home,3.24,10.0,False,-10.0,"league|outcome|odds_bucket=I2|draw|[2.8,3.5)",2023-05,2022-23
2023-05-19,2023-05-20,I2,Cittadella,Como,draw,draw,3.33,10.0,True,23.3,"league|outcome|odds_bucket=I2|draw|[2.8,3.5)",2023-05,2022-23
2023-08-18,2023-08-19,I2,Bari,Palermo,draw,draw,3.05,10.0,True,20.5,"league|outcome|odds_bucket=I2|draw|[2.8,3.5)",2023-08,2023-24
2023-08-19,2023-08-20,I2,Cosenza,Ascoli,draw,home,2.98,10.0,False,-10.0,"league|outcome|odds_bucket=I2|draw|[2.8,3.5)",2023-08,2023-24
2023-08-19,2023-08-20,I2,Ternana,Sampdoria,draw,away,3.27,10.0,False,-10.0,"league|outcome|odds_bucket=I2|draw|[2.8,3.5)",2023-08,2023-24
2023-08-19,2023-08-20,I2,Cremonese,Catanzaro,draw,draw,3.45,10.0,True,24.5,"league|outcome|odds_bucket=I2|draw|[2.8,3.5)",2023-08,2023-24
2023-08-20,2023-08-21,I2,Sudtirol,Spezia,draw,draw,3.02,10.0,True,20.2,"league|outcome|odds_bucket=I2|draw|[2.8,3.5)",2023-08,2023-24
2023-08-20,2023-08-21,I2,Cittadella,Reggiana,draw,home,3.28,10.0,False,-10.0,"league|outcome|odds_bucket=I2|draw|[2.8,3.5)",2023-08,2023-24
2023-08-20,2023-08-21,I2,Venezia,Como,draw,home,3.36,10.0,False,-10.0,"league|outcome|odds_bucket=I2|draw|[2.8,3.5)",2023-08,2023-24
2023-08-25,2023-08-26,I2,Sampdoria,Pisa,draw,away,3.06,10.0,False,-10.0,"league|outcome|odds_bucket=I2|draw|[2.8,3.5)",2023-08,2023-24
2023-08-26,2023-08-27,I2,FeralpiSalo,Sudtirol,draw,away,2.89,10.0,False,-10.0,"league|outcome|odds_bucket=I2|draw|[2.8,3.5)",2023-08,2023-24
2023-08-26,2023-08-27,I2,Parma,Cittadella,draw,home,3.14,10.0,False,-10.0,"league|outcome|odds_bucket=I2|draw|[2.8,3.5)",2023-08,2023-24
2023-08-26,2023-08-27,I2,Como,Reggiana,draw,draw,3.37,10.0,True,23.7,"league|outcome|odds_bucket=I2|draw|[2.8,3.5)",2023-08,2023-24
2023-08-26,2023-08-27,I2,Cremonese,Bari,draw,away,3.38,10.0,False,-10.0,"league|outcome|odds_bucket=I2|draw|[2.8,3.5)",2023-08,2023-24
2023-08-27,2023-08-28,I2,Catanzaro,Ternana,draw,home,3.23,10.0,False,-10.0,"league|outcome|odds_bucket=I2|draw|[2.8,3.5)",2023-08,2023-24
2023-08-29,2023-08-30,I2,Pisa,Parma,draw,away,3.03,10.0,False,-10.0,"league|outcome|odds_bucket=I2|draw|[2.8,3.5)",2023-08,2023-24
2023-08-29,2023-08-30,I2,Ascoli,FeralpiSalo,draw,home,3.07,10.0,False,-10.0,"league|outcome|odds_bucket=I2|draw|[2.8,3.5)",2023-08,2023-24
2023-08-29,2023-08-30,I2,Cosenza,Modena,draw,away,3.12,10.0,False,-10.0,"league|outcome|odds_bucket=I2|draw|[2.8,3.5)",2023-08,2023-24
2023-08-29,2023-08-30,I2,Reggiana,Palermo,draw,away,3.29,10.0,False,-10.0,"league|outcome|odds_bucket=I2|draw|[2.8,3.5)",2023-08,2023-24
2023-08-30,2023-08-31,I2,Bari,Cittadella,draw,draw,2.96,10.0,True,19.6,"league|outcome|odds_bucket=I2|draw|[2.8,3.5)",2023-08,2023-24
2023-08-30,2023-08-31,I2,Sampdoria,Venezia,draw,away,3.33,10.0,False,-10.0,"league|outcome|odds_bucket=I2|draw|[2.8,3.5)",2023-08,2023-24
2023-08-30,2023-08-31,I2,Catanzaro,Spezia,draw,home,3.34,10.0,False,-10.0,"league|outcome|odds_bucket=I2|draw|[2.8,3.5)",2023-08,2023-24
2023-08-30,2023-08-31,I2,Ternana,Cremonese,draw,away,3.36,10.0,False,-10.0,"league|outcome|odds_bucket=I2|draw|[2.8,3.5)",2023-08,2023-24
2023-09-02,2023-09-03,I2,Sudtirol,Ascoli,draw,home,2.85,10.0,False,-10.0,"league|outcome|odds_bucket=I2|draw|[2.8,3.5)",2023-09,2023-24
2023-09-02,2023-09-03,I2,Modena,Pisa,draw,home,3.1,10.0,False,-10.0,"league|outcome|odds_bucket=I2|draw|[2.8,3.5)",2023-09,2023-24
2023-09-02,2023-09-03,I2,Parma,Reggiana,draw,draw,3.33,10.0,True,23.3,"league|outcome|odds_bucket=I2|draw|[2.8,3.5)",2023-09,2023-24
2023-09-03,2023-09-04,I2,Ternana,Bari,draw,draw,3.03,10.0,True,20.3,"league|outcome|odds_bucket=I2|draw|[2.8,3.5)",2023-09,2023-24
2023-09-03,2023-09-04,I2,Cittadella,Venezia,draw,draw,3.12,10.0,True,21.2,"league|outcome|odds_bucket=I2|draw|[2.8,3.5)",2023-09,2023-24
2023-09-03,2023-09-04,I2,Brescia,Cosenza,draw,home,3.13,10.0,False,-10.0,"league|outcome|odds_bucket=I2|draw|[2.8,3.5)",2023-09,2023-24
2023-09-03,2023-09-04,I2,Spezia,Como,draw,away,3.26,10.0,False,-10.0,"league|outcome|odds_bucket=I2|draw|[2.8,3.5)",2023-09,2023-24
2023-09-03,2023-09-04,I2,Cremonese,Sampdoria,draw,draw,3.35,10.0,True,23.5,"league|outcome|odds_bucket=I2|draw|[2.8,3.5)",2023-09,2023-24
2023-09-15,2023-09-16,I2,Venezia,Spezia,draw,home,3.41,10.0,False,-10.0,"league|outcome|odds_bucket=I2|draw|[2.8,3.5)",2023-09,2023-24
2023-09-16,2023-09-17,I2,Pisa,Bari,draw,draw,2.9,10.0,True,19.0,"league|outcome|odds_bucket=I2|draw|[2.8,3.5)",2023-09,2023-24
2023-09-16,2023-09-17,I2,FeralpiSalo,Modena,draw,draw,3.04,10.0,True,20.4,"league|outcome|odds_bucket=I2|draw|[2.8,3.5)",2023-09,2023-24
2023-09-16,2023-09-17,I2,Cosenza,Sudtirol,draw,draw,3.05,10.0,True,20.5,"league|outcome|odds_bucket=I2|draw|[2.8,3.5)",2023-09,2023-24
2023-09-16,2023-09-17,I2,Lecco,Brescia,draw,away,3.12,10.0,False,-10.0,"league|outcome|odds_bucket=I2|draw|[2.8,3.5)",2023-09,2023-24
2023-09-16,2023-09-17,I2,Reggiana,Cremonese,draw,draw,3.2,10.0,True,22.0,"league|outcome|odds_bucket=I2|draw|[2.8,3.5)",2023-09,2023-24
2023-09-16,2023-09-17,I2,Ascoli,Palermo,draw,away,3.25,10.0,False,-10.0,"league|outcome|odds_bucket=I2|draw|[2.8,3.5)",2023-09,2023-24
2023-09-17,2023-09-18,I2,Como,Ternana,draw,home,3.28,10.0,False,-10.0,"league|outcome|odds_bucket=I2|draw|[2.8,3.5)",2023-09,2023-24
2023-09-17,2023-09-18,I2,Catanzaro,Parma,draw,away,3.3,10.0,False,-10.0,"league|outcome|odds_bucket=I2|draw|[2.8,3.5)",2023-09,2023-24
2023-09-18,2023-09-19,I2,Sampdoria,Cittadella,draw,away,3.2,10.0,False,-10.0,"league|outcome|odds_bucket=I2|draw|[2.8,3.5)",2023-09,2023-24
2023-09-23,2023-09-24,I2,FeralpiSalo,Pisa,draw,away,3.07,10.0,False,-10.0,"league|outcome|odds_bucket=I2|draw|[2.8,3.5)",2023-09,2023-24
2023-09-23,2023-09-24,I2,Ternana,Sudtirol,draw,draw,3.17,10.0,True,21.7,"league|outcome|odds_bucket=I2|draw|[2.8,3.5)",2023-09,2023-24
2023-09-23,2023-09-24,I2,Brescia,Venezia,draw,draw,3.24,10.0,True,22.4,"league|outcome|odds_bucket=I2|draw|[2.8,3.5)",2023-09,2023-24
2023-09-24,2023-09-25,I2,Cittadella,Como,draw,away,2.97,10.0,False,-10.0,"league|outcome|odds_bucket=I2|draw|[2.8,3.5)",2023-09,2023-24
2023-09-24,2023-09-25,I2,Bari,Catanzaro,draw,draw,3.18,10.0,True,21.8,"league|outcome|odds_bucket=I2|draw|[2.8,3.5)",2023-09,2023-24
2023-09-24,2023-09-25,I2,Parma,Sampdoria,draw,draw,3.36,10.0,True,23.6,"league|outcome|odds_bucket=I2|draw|[2.8,3.5)",2023-09,2023-24
2023-09-26,2023-09-27,I2,Sudtirol,Modena,draw,draw,2.8,10.0,True,18.0,"league|outcome|odds_bucket=I2|draw|[2.8,3.5)",2023-09,2023-24
2023-09-26,2023-09-27,I2,Reggiana,Pisa,draw,draw,3.08,10.0,True,20.8,"league|outcome|odds_bucket=I2|draw|[2.8,3.5)",2023-09,2023-24
2023-09-26,2023-09-27,I2,Lecco,FeralpiSalo,draw,away,3.11,10.0,False,-10.0,"league|outcome|odds_bucket=I2|draw|[2.8,3.5)",2023-09,2023-24
2023-09-26,2023-09-27,I2,Ascoli,Ternana,draw,home,3.15,10.0,False,-10.0,"league|outcome|odds_bucket=I2|draw|[2.8,3.5)",2023-09,2023-24
2023-09-26,2023-09-27,I2,Venezia,Palermo,draw,away,3.25,10.0,False,-10.0,"league|outcome|odds_bucket=I2|draw|[2.8,3.5)",2023-09,2023-24
2023-09-26,2023-09-27,I2,Cosenza,Cremonese,draw,away,3.28,10.0,False,-10.0,"league|outcome|odds_bucket=I2|draw|[2.8,3.5)",2023-09,2023-24
2023-09-27,2023-09-28,I2,Catanzaro,Cittadella,draw,draw,3.16,10.0,True,21.6,"league|outcome|odds_bucket=I2|draw|[2.8,3.5)",2023-09,2023-24
2023-09-27,2023-09-28,I2,Como,Sampdoria,draw,home,3.26,10.0,False,-10.0,"league|outcome|odds_bucket=I2|draw|[2.8,3.5)",2023-09,2023-24
2023-09-27,2023-09-28,I2,Parma,Bari,draw,home,3.27,10.0,False,-10.0,"league|outcome|odds_bucket=I2|draw|[2.8,3.5)",2023-09,2023-24
2023-09-30,2023-10-01,I2,Brescia,Ascoli,draw,draw,3.09,10.0,True,20.9,"league|outcome|odds_bucket=I2|draw|[2.8,3.5)",2023-09,2023-24
2023-09-30,2023-10-01,I2,FeralpiSalo,Spezia,draw,away,3.18,10.0,False,-10.0,"league|outcome|odds_bucket=I2|draw|[2.8,3.5)",2023-09,2023-24
2023-09-30,2023-10-01,I2,Pisa,Cosenza,draw,away,3.24,10.0,False,-10.0,"league|outcome|odds_bucket=I2|draw|[2.8,3.5)",2023-09,2023-24
2023-09-30,2023-10-01,I2,Modena,Venezia,draw,away,3.25,10.0,False,-10.0,"league|outcome|odds_bucket=I2|draw|[2.8,3.5)",2023-09,2023-24
2023-09-30,2023-10-01,I2,Ternana,Reggiana,draw,home,3.26,10.0,False,-10.0,"league|outcome|odds_bucket=I2|draw|[2.8,3.5)",2023-09,2023-24
2023-10-01,2023-10-02,I2,Bari,Como,draw,draw,2.88,10.0,True,18.8,"league|outcome|odds_bucket=I2|draw|[2.8,3.5)",2023-10,2023-24
2023-10-01,2023-10-02,I2,Sampdoria,Catanzaro,draw,away,3.31,10.0,False,-10.0,"league|outcome|odds_bucket=I2|draw|[2.8,3.5)",2023-10,2023-24
2023-10-01,2023-10-02,I2,Cremonese,Parma,draw,away,3.36,10.0,False,-10.0,"league|outcome|odds_bucket=I2|draw|[2.8,3.5)",2023-10,2023-24
2023-10-01,2023-10-02,I2,Palermo,Sudtirol,draw,home,3.48,10.0,False,-10.0,"league|outcome|odds_bucket=I2|draw|[2.8,3.5)",2023-10,2023-24
2023-10-06,2023-10-07,I2,Brescia,FeralpiSalo,draw,draw,3.22,10.0,True,22.2,"league|outcome|odds_bucket=I2|draw|[2.8,3.5)",2023-10,2023-24
2023-10-07,2023-10-08,I2,Sudtirol,Catanzaro,draw,away,3.0,10.0,False,-10.0,"league|outcome|odds_bucket=I2|draw|[2.8,3.5)",2023-10,2023-24
2023-10-07,2023-10-08,I2,Cittadella,Ternana,draw,draw,3.06,10.0,True,20.6,"league|outcome|odds_bucket=I2|draw|[2.8,3.5)",2023-10,2023-24
2023-10-07,2023-10-08,I2,Reggiana,Bari,draw,draw,3.09,10.0,True,20.9,"league|outcome|odds_bucket=I2|draw|[2.8,3.5)",2023-10,2023-24
2023-10-07,2023-10-08,I2,Ascoli,Sampdoria,draw,draw,3.1,10.0,True,21.0,"league|outcome|odds_bucket=I2|draw|[2.8,3.5)",2023-10,2023-24
2023-10-07,2023-10-08,I2,Modena,Palermo,draw,away,3.12,10.0,False,-10.0,"league|outcome|odds_bucket=I2|draw|[2.8,3.5)",2023-10,2023-24
2023-10-07,2023-10-08,I2,Venezia,Parma,draw,home,3.22,10.0,False,-10.0,"league|outcome|odds_bucket=I2|draw|[2.8,3.5)",2023-10,2023-24
2023-10-07,2023-10-08,I2,Cosenza,Lecco,draw,home,3.48,10.0,False,-10.0,"league|outcome|odds_bucket=I2|draw|[2.8,3.5)",2023-10,2023-24
2023-10-08,2023-10-09,I2,Spezia,Pisa,draw,draw,3.19,10.0,True,21.9,"league|outcome|odds_bucket=I2|draw|[2.8,3.5)",2023-10,2023-24
2023-10-08,2023-10-09,I2,Como,Cremonese,draw,away,3.23,10.0,False,-10.0,"league|outcome|odds_bucket=I2|draw|[2.8,3.5)",2023-10,2023-24
2023-10-20,2023-10-21,I2,Parma,Como,draw,home,3.34,10.0,False,-10.0,"league|outcome|odds_bucket=I2|draw|[2.8,3.5)",2023-10,2023-24
2023-10-21,2023-10-22,I2,Pisa,Cittadella,draw,home,2.91,10.0,False,-10.0,"league|outcome|odds_bucket=I2|draw|[2.8,3.5)",2023-10,2023-24
2023-10-21,2023-10-22,I2,Bari,Modena,draw,draw,2.97,10.0,True,19.7,"league|outcome|odds_bucket=I2|draw|[2.8,3.5)",2023-10,2023-24
2023-10-21,2023-10-22,I2,Lecco,Ascoli,draw,away,3.26,10.0,False,-10.0,"league|outcome|odds_bucket=I2|draw|[2.8,3.5)",2023-10,2023-24
2023-10-21,2023-10-22,I2,Ternana,Brescia,draw,away,3.33,10.0,False,-10.0,"league|outcome|odds_bucket=I2|draw|[2.8,3.5)",2023-10,2023-24
2023-10-22,2023-10-23,I2,Reggiana,Venezia,draw,home,3.29,10.0,False,-10.0,"league|outcome|odds_bucket=I2|draw|[2.8,3.5)",2023-10,2023-24
2023-10-22,2023-10-23,I2,Sampdoria,Cosenza,draw,home,3.39,10.0,False,-10.0,"league|outcome|odds_bucket=I2|draw|[2.8,3.5)",2023-10,2023-24
2023-10-23,2023-10-24,I2,Palermo,Spezia,draw,draw,3.3,10.0,True,23.0,"league|outcome|odds_bucket=I2|draw|[2.8,3.5)",2023-10,2023-24
2023-10-24,2023-10-25,I2,Brescia,Modena,draw,away,2.93,10.0,False,-10.0,"league|outcome|odds_bucket=I2|draw|[2.8,3.5)",2023-10,2023-24
2023-10-27,2023-10-28,I2,Cittadella,Cremonese,draw,away,3.2,10.0,False,-10.0,"league|outcome|odds_bucket=I2|draw|[2.8,3.5)",2023-10,2023-24
2023-10-28,2023-10-29,I2,Sudtirol,Sampdoria,draw,home,2.98,10.0,False,-10.0,"league|outcome|odds_bucket=I2|draw|[2.8,3.5)",2023-10,2023-24
2023-10-28,2023-10-29,I2,FeralpiSalo,Reggiana,draw,away,3.01,10.0,False,-10.0,"league|outcome|odds_bucket=I2|draw|[2.8,3.5)",2023-10,2023-24
2023-10-28,2023-10-29,I2,Ascoli,Parma,draw,away,3.02,10.0,False,-10.0,"league|outcome|odds_bucket=I2|draw|[2.8,3.5)",2023-10,2023-24
2023-10-28,2023-10-29,I2,Como,Catanzaro,draw,home,3.28,10.0,False,-10.0,"league|outcome|odds_bucket=I2|draw|[2.8,3.5)",2023-10,2023-24
2023-10-29,2023-10-30,I2,Brescia,Bari,draw,away,2.85,10.0,False,-10.0,"league|outcome|odds_bucket=I2|draw|[2.8,3.5)",2023-10,2023-24
2023-10-29,2023-10-30,I2,Venezia,Pisa,draw,home,3.27,10.0,False,-10.0,"league|outcome|odds_bucket=I2|draw|[2.8,3.5)",2023-10,2023-24
2023-10-29,2023-10-30,I2,Modena,Ternana,draw,home,3.38,10.0,False,-10.0,"league|outcome|odds_bucket=I2|draw|[2.8,3.5)",2023-10,2023-24
2023-11-04,2023-11-05,I2,Pisa,Como,draw,draw,2.93,10.0,True,19.3,"league|outcome|odds_bucket=I2|draw|[2.8,3.5)",2023-11,2023-24
2023-11-04,2023-11-05,I2,Cittadella,Brescia,draw,home,3.01,10.0,False,-10.0,"league|outcome|odds_bucket=I2|draw|[2.8,3.5)",2023-11,2023-24
2023-11-04,2023-11-05,I2,Bari,Ascoli,draw,home,3.02,10.0,False,-10.0,"league|outcome|odds_bucket=I2|draw|[2.8,3.5)",2023-11,2023-24
2023-11-04,2023-11-05,I2,Ternana,Venezia,draw,away,3.26,10.0,False,-10.0,"league|outcome|odds_bucket=I2|draw|[2.8,3.5)",2023-11,2023-24
2023-11-04,2023-11-05,I2,Sampdoria,Palermo,draw,home,3.27,10.0,False,-10.0,"league|outcome|odds_bucket=I2|draw|[2.8,3.5)",2023-11,2023-24
2023-11-04,2023-11-05,I2,Catanzaro,Modena,draw,away,3.32,10.0,False,-10.0,"league|outcome|odds_bucket=I2|draw|[2.8,3.5)",2023-11,2023-24
2023-11-04,2023-11-05,I2,Cosenza,FeralpiSalo,draw,draw,3.37,10.0,True,23.7,"league|outcome|odds_bucket=I2|draw|[2.8,3.5)",2023-11,2023-24
2023-11-05,2023-11-06,I2,Cremonese,Spezia,draw,home,3.36,10.0,False,-10.0,"league|outcome|odds_bucket=I2|draw|[2.8,3.5)",2023-11,2023-24
2023-11-11,2023-11-12,I2,Sudtirol,Pisa,draw,away,2.85,10.0,False,-10.0,"league|outcome|odds_bucket=I2|draw|[2.8,3.5)",2023-11,2023-24
2023-11-11,2023-11-12,I2,FeralpiSalo,Bari,draw,draw,2.96,10.0,True,19.6,"league|outcome|odds_bucket=I2|draw|[2.8,3.5)",2023-11,2023-24
2023-11-11,2023-11-12,I2,Ascoli,Como,draw,away,2.98,10.0,False,-10.0,"league|outcome|odds_bucket=I2|draw|[2.8,3.5)",2023-11,2023-24
2023-11-11,2023-11-12,I2,Modena,Sampdoria,draw,away,3.12,10.0,False,-10.0,"league|outcome|odds_bucket=I2|draw|[2.8,3.5)",2023-11,2023-24
2023-11-11,2023-11-12,I2,Cosenza,Reggiana,draw,home,3.14,10.0,False,-10.0,"league|outcome|odds_bucket=I2|draw|[2.8,3.5)",2023-11,2023-24
2023-11-12,2023-11-13,I2,Spezia,Ternana,draw,draw,3.25,10.0,True,22.5,"league|outcome|odds_bucket=I2|draw|[2.8,3.5)",2023-11,2023-24
2023-11-12,2023-11-13,I2,Brescia,Cremonese,draw,away,3.33,10.0,False,-10.0,"league|outcome|odds_bucket=I2|draw|[2.8,3.5)",2023-11,2023-24
2023-11-12,2023-11-13,I2,Lecco,Parma,draw,home,3.48,10.0,False,-10.0,"league|outcome|odds_bucket=I2|draw|[2.8,3.5)",2023-11,2023-24
2023-11-12,2023-11-13,I2,Palermo,Cittadella,draw,away,3.49,10.0,False,-10.0,"league|outcome|odds_bucket=I2|draw|[2.8,3.5)",2023-11,2023-24
2023-11-24,2023-11-25,I2,Sampdoria,Spezia,draw,home,3.3,10.0,False,-10.0,"league|outcome|odds_bucket=I2|draw|[2.8,3.5)",2023-11,2023-24
2023-11-25,2023-11-26,I2,Cittadella,Sudtirol,draw,home,2.83,10.0,False,-10.0,"league|outcome|odds_bucket=I2|draw|[2.8,3.5)",2023-11,2023-24
2023-11-25,2023-11-26,I2,Reggiana,Ascoli,draw,draw,2.87,10.0,True,18.7,"league|outcome|odds_bucket=I2|draw|[2.8,3.5)",2023-11,2023-24
2023-11-25,2023-11-26,I2,Bari,Venezia,draw,away,2.95,10.0,False,-10.0,"league|outcome|odds_bucket=I2|draw|[2.8,3.5)",2023-11,2023-24
2023-11-25,2023-11-26,I2,Pisa,Brescia,draw,draw,3.07,10.0,True,20.7,"league|outcome|odds_bucket=I2|draw|[2.8,3.5)",2023-11,2023-24
2023-11-26,2023-11-27,I2,Catanzaro,Cosenza,draw,home,3.18,10.0,False,-10.0,"league|outcome|odds_bucket=I2|draw|[2.8,3.5)",2023-11,2023-24
2023-11-26,2023-11-27,I2,Ternana,Palermo,draw,draw,3.26,10.0,True,22.6,"league|outcome|odds_bucket=I2|draw|[2.8,3.5)",2023-11,2023-24
2023-11-28,2023-11-29,I2,Sudtirol,Brescia,draw,draw,2.85,10.0,True,18.5,"league|outcome|odds_bucket=I2|draw|[2.8,3.5)",2023-11,2023-24
2023-12-01,2023-12-02,I2,Palermo,Catanzaro,draw,away,3.34,10.0,False,-10.0,"league|outcome|odds_bucket=I2|draw|[2.8,3.5)",2023-12,2023-24
2023-12-02,2023-12-03,I2,FeralpiSalo,Cittadella,draw,away,2.97,10.0,False,-10.0,"league|outcome|odds_bucket=I2|draw|[2.8,3.5)",2023-12,2023-24
2023-12-02,2023-12-03,I2,Modena,Reggiana,draw,home,3.15,10.0,False,-10.0,"league|outcome|odds_bucket=I2|draw|[2.8,3.5)",2023-12,2023-24
2023-12-02,2023-12-03,I2,Cosenza,Ternana,draw,away,3.18,10.0,False,-10.0,"league|outcome|odds_bucket=I2|draw|[2.8,3.5)",2023-12,2023-24
2023-12-02,2023-12-03,I2,Spezia,Parma,draw,away,3.23,10.0,False,-10.0,"league|outcome|odds_bucket=I2|draw|[2.8,3.5)",2023-12,2023-24
2023-12-02,2023-12-03,I2,Pisa,Cremonese,draw,draw,3.33,10.0,True,23.3,"league|outcome|odds_bucket=I2|draw|[2.8,3.5)",2023-12,2023-24
2023-12-03,2023-12-04,I2,Sudtirol,Como,draw,away,2.81,10.0,False,-10.0,"league|outcome|odds_bucket=I2|draw|[2.8,3.5)",2023-12,2023-24
2023-12-03,2023-12-04,I2,Brescia,Sampdoria,draw,home,2.97,10.0,False,-10.0,"league|outcome|odds_bucket=I2|draw|[2.8,3.5)",2023-12,2023-24
2023-12-03,2023-12-04,I2,Lecco,Bari,draw,home,3.01,10.0,False,-10.0,"league|outcome|odds_bucket=I2|draw|[2.8,3.5)",2023-12,2023-24
2023-12-09,2023-12-10,I2,Ascoli,Spezia,draw,away,3.06,10.0,False,-10.0,"league|outcome|odds_bucket=I2|draw|[2.8,3.5)",2023-12,2023-24
2023-12-09,2023-12-10,I2,Bari,Sudtirol,draw,home,3.06,10.0,False,-10.0,"league|outcome|odds_bucket=I2|draw|[2.8,3.5)",2023-12,2023-24
2023-12-09,2023-12-10,I2,Cittadella,Cosenza,draw,home,3.1,10.0,False,-10.0,"league|outcome|odds_bucket=I2|draw|[2.8,3.5)",2023-12,2023-24
2023-12-09,2023-12-10,I2,Catanzaro,Pisa,draw,home,3.12,10.0,False,-10.0,"league|outcome|odds_bucket=I2|draw|[2.8,3.5)",2023-12,2023-24
2023-12-09,2023-12-10,I2,Sampdoria,Lecco,draw,home,3.42,10.0,False,-10.0,"league|outcome|odds_bucket=I2|draw|[2.8,3.5)",2023-12,2023-24
2023-12-09,2023-12-10,I2,Cremonese,Venezia,draw,home,3.42,10.0,False,-10.0,"league|outcome|odds_bucket=I2|draw|[2.8,3.5)",2023-12,2023-24
2023-12-10,2023-12-11,I2,Reggiana,Brescia,draw,draw,2.93,10.0,True,19.3,"league|outcome|odds_bucket=I2|draw|[2.8,3.5)",2023-12,2023-24
2023-12-10,2023-12-11,I2,Como,Modena,draw,home,3.08,10.0,False,-10.0,"league|outcome|odds_bucket=I2|draw|[2.8,3.5)",2023-12,2023-24
2023-12-15,2023-12-16,I2,Spezia,Bari,draw,home,3.1,10.0,False,-10.0,"league|outcome|odds_bucket=I2|draw|[2.8,3.5)",2023-12,2023-24
2023-12-16,2023-12-17,I2,Ascoli,Catanzaro,draw,home,2.83,10.0,False,-10.0,"league|outcome|odds_bucket=I2|draw|[2.8,3.5)",2023-12,2023-24
2023-12-16,2023-12-17,I2,Brescia,Como,draw,home,2.88,10.0,False,-10.0,"league|outcome|odds_bucket=I2|draw|[2.8,3.5)",2023-12,2023-24
2023-12-16,2023-12-17,I2,Modena,Cittadella,draw,draw,2.93,10.0,True,19.3,"league|outcome|odds_bucket=I2|draw|[2.8,3.5)",2023-12,2023-24
2023-12-16,2023-12-17,I2,Reggiana,Sampdoria,draw,away,2.99,10.0,False,-10.0,"league|outcome|odds_bucket=I2|draw|[2.8,3.5)",2023-12,2023-24
2023-12-16,2023-12-17,I2,Palermo,Pisa,draw,home,3.26,10.0,False,-10.0,"league|outcome|odds_bucket=I2|draw|[2.8,3.5)",2023-12,2023-24
2023-12-16,2023-12-17,I2,Cosenza,Parma,draw,draw,3.3,10.0,True,23.0,"league|outcome|odds_bucket=I2|draw|[2.8,3.5)",2023-12,2023-24
2023-12-16,2023-12-17,I2,Venezia,Sudtirol,draw,away,3.4,10.0,False,-10.0,"league|outcome|odds_bucket=I2|draw|[2.8,3.5)",2023-12,2023-24
2023-12-17,2023-12-18,I2,Lecco,Ternana,draw,away,3.22,10.0,False,-10.0,"league|outcome|odds_bucket=I2|draw|[2.8,3.5)",2023-12,2023-24
2023-12-23,2023-12-24,I2,Bari,Cosenza,draw,draw,2.91,10.0,True,19.1,"league|outcome|odds_bucket=I2|draw|[2.8,3.5)",2023-12,2023-24
2023-12-23,2023-12-24,I2,Pisa,Ascoli,draw,home,3.1,10.0,False,-10.0,"league|outcome|odds_bucket=I2|draw|[2.8,3.5)",2023-12,2023-24
2023-12-23,2023-12-24,I2,Catanzaro,Brescia,draw,away,3.13,10.0,False,-10.0,"league|outcome|odds_bucket=I2|draw|[2.8,3.5)",2023-12,2023-24
2023-12-23,2023-12-24,I2,Como,Palermo,draw,draw,3.17,10.0,True,21.7,"league|outcome|odds_bucket=I2|draw|[2.8,3.5)",2023-12,2023-24
2023-12-23,2023-12-24,I2,Cittadella,Spezia,draw,home,3.35,10.0,False,-10.0,"league|outcome|odds_bucket=I2|draw|[2.8,3.5)",2023-12,2023-24
2023-12-23,2023-12-24,I2,Cremonese,Modena,draw,home,3.38,10.0,False,-10.0,"league|outcome|odds_bucket=I2|draw|[2.8,3.5)",2023-12,2023-24
2023-12-26,2023-12-27,I2,Ascoli,Cittadella,draw,draw,2.85,10.0,True,18.5,"league|outcome|odds_bucket=I2|draw|[2.8,3.5)",2023-12,2023-24
2023-12-26,2023-12-27,I2,Reggiana,Catanzaro,draw,home,2.98,10.0,False,-10.0,"league|outcome|odds_bucket=I2|draw|[2.8,3.5)",2023-12,2023-24
2023-12-26,2023-12-27,I2,Cosenza,Como,draw,away,2.99,10.0,False,-10.0,"league|outcome|odds_bucket=I2|draw|[2.8,3.5)",2023-12,2023-24
2023-12-26,2023-12-27,I2,Spezia,Modena,draw,draw,3.04,10.0,True,20.4,"league|outcome|odds_bucket=I2|draw|[2.8,3.5)",2023-12,2023-24
2023-12-26,2023-12-27,I2,Lecco,Sudtirol,draw,home,3.07,10.0,False,-10.0,"league|outcome|odds_bucket=I2|draw|[2.8,3.5)",2023-12,2023-24
2023-12-26,2023-12-27,I2,Ternana,Pisa,draw,draw,3.18,10.0,True,21.8,"league|outcome|odds_bucket=I2|draw|[2.8,3.5)",2023-12,2023-24
2023-12-26,2023-12-27,I2,Sampdoria,Bari,draw,draw,3.26,10.0,True,22.6,"league|outcome|odds_bucket=I2|draw|[2.8,3.5)",2023-12,2023-24
2023-12-26,2023-12-27,I2,Brescia,Parma,draw,away,3.32,10.0,False,-10.0,"league|outcome|odds_bucket=I2|draw|[2.8,3.5)",2023-12,2023-24
2023-12-26,2023-12-27,I2,Palermo,Cremonese,draw,home,3.36,10.0,False,-10.0,"league|outcome|odds_bucket=I2|draw|[2.8,3.5)",2023-12,2023-24
2023-12-26,2023-12-27,I2,FeralpiSalo,Venezia,draw,draw,3.37,10.0,True,23.7,"league|outcome|odds_bucket=I2|draw|[2.8,3.5)",2023-12,2023-24
2024-11-02,2024-11-03,I2,Spezia,Modena,draw,home,2.98,10.0,False,-10.0,"league|outcome|odds_bucket=I2|draw|[2.8,3.5)",2024-11,2024-25
2024-11-02,2024-11-03,I2,Bari,Reggiana,draw,draw,3.29,10.0,True,22.9,"league|outcome|odds_bucket=I2|draw|[2.8,3.5)",2024-11,2024-25
2024-11-03,2024-11-04,I2,Cosenza,Salernitana,draw,draw,2.92,10.0,True,19.2,"league|outcome|odds_bucket=I2|draw|[2.8,3.5)",2024-11,2024-25
2024-11-03,2024-11-04,I2,Catanzaro,Frosinone,draw,draw,3.0,10.0,True,20.0,"league|outcome|odds_bucket=I2|draw|[2.8,3.5)",2024-11,2024-25
2024-11-03,2024-11-04,I2,Cremonese,Pisa,draw,away,3.05,10.0,False,-10.0,"league|outcome|odds_bucket=I2|draw|[2.8,3.5)",2024-11,2024-25
2024-11-03,2024-11-04,I2,Cesena,Sudtirol,draw,home,3.17,10.0,False,-10.0,"league|outcome|odds_bucket=I2|draw|[2.8,3.5)",2024-11,2024-25
2024-11-03,2024-11-04,I2,Sampdoria,Brescia,draw,away,3.47,10.0,False,-10.0,"league|outcome|odds_bucket=I2|draw|[2.8,3.5)",2024-11,2024-25
2024-11-08,2024-11-09,I2,Frosinone,Palermo,draw,draw,3.01,10.0,True,20.1,"league|outcome|odds_bucket=I2|draw|[2.8,3.5)",2024-11,2024-25
2024-11-09,2024-11-10,I2,Brescia,Cosenza,draw,away,2.85,10.0,False,-10.0,"league|outcome|odds_bucket=I2|draw|[2.8,3.5)",2024-11,2024-25
2024-11-09,2024-11-10,I2,Pisa,Sampdoria,draw,home,2.96,10.0,False,-10.0,"league|outcome|odds_bucket=I2|draw|[2.8,3.5)",2024-11,2024-25
2024-11-09,2024-11-10,I2,Modena,Carrarese,draw,home,3.01,10.0,False,-10.0,"league|outcome|odds_bucket=I2|draw|[2.8,3.5)",2024-11,2024-25
2024-11-09,2024-11-10,I2,Sudtirol,Sassuolo,draw,away,3.1,10.0,False,-10.0,"league|outcome|odds_bucket=I2|draw|[2.8,3.5)",2024-11,2024-25
2024-11-09,2024-11-10,I2,Mantova,Cremonese,draw,home,3.49,10.0,False,-10.0,"league|outcome|odds_bucket=I2|draw|[2.8,3.5)",2024-11,2024-25
2024-11-10,2024-11-11,I2,Cittadella,Cesena,draw,away,2.9,10.0,False,-10.0,"league|outcome|odds_bucket=I2|draw|[2.8,3.5)",2024-11,2024-25
2024-11-10,2024-11-11,I2,Salernitana,Bari,draw,away,3.03,10.0,False,-10.0,"league|outcome|odds_bucket=I2|draw|[2.8,3.5)",2024-11,2024-25
2024-11-10,2024-11-11,I2,Reggiana,Catanzaro,draw,draw,3.03,10.0,True,20.3,"league|outcome|odds_bucket=I2|draw|[2.8,3.5)",2024-11,2024-25
2024-11-23,2024-11-24,I2,Carrarese,Pisa,draw,home,2.94,10.0,False,-10.0,"league|outcome|odds_bucket=I2|draw|[2.8,3.5)",2024-11,2024-25
2024-11-23,2024-11-24,I2,Juve Stabia,Brescia,draw,draw,3.11,10.0,True,21.1,"league|outcome|odds_bucket=I2|draw|[2.8,3.5)",2024-11,2024-25
2024-11-23,2024-11-24,I2,Catanzaro,Mantova,draw,draw,3.29,10.0,True,22.9,"league|outcome|odds_bucket=I2|draw|[2.8,3.5)",2024-11,2024-25
2024-11-23,2024-11-24,I2,Cesena,Reggiana,draw,draw,3.35,10.0,True,23.5,"league|outcome|odds_bucket=I2|draw|[2.8,3.5)",2024-11,2024-25
2024-11-24,2024-11-25,I2,Spezia,Sudtirol,draw,home,2.97,10.0,False,-10.0,"league|outcome|odds_bucket=I2|draw|[2.8,3.5)",2024-11,2024-25
2024-11-24,2024-11-25,I2,Palermo,Sampdoria,draw,draw,3.26,10.0,True,22.6,"league|outcome|odds_bucket=I2|draw|[2.8,3.5)",2024-11,2024-25
2024-11-24,2024-11-25,I2,Bari,Cittadella,draw,home,3.28,10.0,False,-10.0,"league|outcome|odds_bucket=I2|draw|[2.8,3.5)",2024-11,2024-25
2024-11-30,2024-12-01,I2,Cittadella,Juve Stabia,draw,draw,2.92,10.0,True,19.2,"league|outcome|odds_bucket=I2|draw|[2.8,3.5)",2024-11,2024-25
2024-11-30,2024-12-01,I2,Sudtirol,Cremonese,draw,away,2.95,10.0,False,-10.0,"league|outcome|odds_bucket=I2|draw|[2.8,3.5)",2024-11,2024-25
2024-11-30,2024-12-01,I2,Mantova,Modena,draw,draw,2.97,10.0,True,19.7,"league|outcome|odds_bucket=I2|draw|[2.8,3.5)",2024-11,2024-25
2024-11-30,2024-12-01,I2,Brescia,Bari,draw,draw,2.99,10.0,True,19.9,"league|outcome|odds_bucket=I2|draw|[2.8,3.5)",2024-11,2024-25
2024-11-30,2024-12-01,I2,Sampdoria,Catanzaro,draw,draw,3.14,10.0,True,21.4,"league|outcome|odds_bucket=I2|draw|[2.8,3.5)",2024-11,2024-25
2024-12-01,2024-12-02,I2,Palermo,Spezia,draw,home,2.87,10.0,False,-10.0,"league|outcome|odds_bucket=I2|draw|[2.8,3.5)",2024-12,2024-25
2024-12-01,2024-12-02,I2,Salernitana,Carrarese,draw,home,2.99,10.0,False,-10.0,"league|outcome|odds_bucket=I2|draw|[2.8,3.5)",2024-12,2024-25
2024-12-01,2024-12-02,I2,Frosinone,Cesena,draw,home,3.01,10.0,False,-10.0,"league|outcome|odds_bucket=I2|draw|[2.8,3.5)",2024-12,2024-25
2024-12-01,2024-12-02,I2,Pisa,Cosenza,draw,draw,3.08,10.0,True,20.8,"league|outcome|odds_bucket=I2|draw|[2.8,3.5)",2024-12,2024-25
2024-12-07,2024-12-08,I2,Cosenza,Frosinone,draw,away,2.84,10.0,False,-10.0,"league|outcome|odds_bucket=I2|draw|[2.8,3.5)",2024-12,2024-25
2024-12-07,2024-12-08,I2,Bari,Cesena,draw,home,2.98,10.0,False,-10.0,"league|outcome|odds_bucket=I2|draw|[2.8,3.5)",2024-12,2024-25
2024-12-07,2024-12-08,I2,Carrarese,Palermo,draw,home,3.08,10.0,False,-10.0,"league|outcome|odds_bucket=I2|draw|[2.8,3.5)",2024-12,2024-25
2024-12-07,2024-12-08,I2,Modena,Salernitana,draw,draw,3.09,10.0,True,20.9,"league|outcome|odds_bucket=I2|draw|[2.8,3.5)",2024-12,2024-25
2024-12-07,2024-12-08,I2,Mantova,Pisa,draw,away,3.15,10.0,False,-10.0,"league|outcome|odds_bucket=I2|draw|[2.8,3.5)",2024-12,2024-25
2024-12-08,2024-12-09,I2,Catanzaro,Brescia,draw,home,3.08,10.0,False,-10.0,"league|outcome|odds_bucket=I2|draw|[2.8,3.5)",2024-12,2024-25
2024-12-13,2024-12-14,I2,Pisa,Bari,draw,home,3.09,10.0,False,-10.0,"league|outcome|odds_bucket=I2|draw|[2.8,3.5)",2024-12,2024-25
2024-12-14,2024-12-15,I2,Sampdoria,Spezia,draw,draw,2.84,10.0,True,18.4,"league|outcome|odds_bucket=I2|draw|[2.8,3.5)",2024-12,2024-25
2024-12-14,2024-12-15,I2,Sudtirol,Mantova,draw,draw,2.97,10.0,True,19.7,"league|outcome|odds_bucket=I2|draw|[2.8,3.5)",2024-12,2024-25
2024-12-14,2024-12-15,I2,Cesena,Cosenza,draw,home,3.13,10.0,False,-10.0,"league|outcome|odds_bucket=I2|draw|[2.8,3.5)",2024-12,2024-25
2024-12-14,2024-12-15,I2,Frosinone,Sassuolo,draw,away,3.39,10.0,False,-10.0,"league|outcome|odds_bucket=I2|draw|[2.8,3.5)",2024-12,2024-25
2024-12-15,2024-12-16,I2,Salernitana,Juve Stabia,draw,away,2.96,10.0,False,-10.0,"league|outcome|odds_bucket=I2|draw|[2.8,3.5)",2024-12,2024-25
2024-12-15,2024-12-16,I2,Brescia,Carrarese,draw,draw,3.05,10.0,True,20.5,"league|outcome|odds_bucket=I2|draw|[2.8,3.5)",2024-12,2024-25
2024-12-15,2024-12-16,I2,Cittadella,Cremonese,draw,draw,3.26,10.0,True,22.6,"league|outcome|odds_bucket=I2|draw|[2.8,3.5)",2024-12,2024-25
2024-12-20,2024-12-21,I2,Salernitana,Brescia,draw,draw,3.07,10.0,True,20.7,"league|outcome|odds_bucket=I2|draw|[2.8,3.5)",2024-12,2024-25
2024-12-21,2024-12-22,I2,Modena,Pisa,draw,home,2.8,10.0,False,-10.0,"league|outcome|odds_bucket=I2|draw|[2.8,3.5)",2024-12,2024-25
2024-12-21,2024-12-22,I2,Carrarese,Cosenza,draw,home,2.89,10.0,False,-10.0,"league|outcome|odds_bucket=I2|draw|[2.8,3.5)",2024-12,2024-25
2024-12-21,2024-12-22,I2,Mantova,Frosinone,draw,home,2.96,10.0,False,-10.0,"league|outcome|odds_bucket=I2|draw|[2.8,3.5)",2024-12,2024-25
2024-12-21,2024-12-22,I2,Bari,Sudtirol,draw,away,2.98,10.0,False,-10.0,"league|outcome|odds_bucket=I2|draw|[2.8,3.5)",2024-12,2024-25
2024-12-21,2024-12-22,I2,Catanzaro,Spezia,draw,away,3.04,10.0,False,-10.0,"league|outcome|odds_bucket=I2|draw|[2.8,3.5)",2024-12,2024-25
2024-12-22,2024-12-23,I2,Juve Stabia,Cesena,draw,home,2.81,10.0,False,-10.0,"league|outcome|odds_bucket=I2|draw|[2.8,3.5)",2024-12,2024-25
2024-12-22,2024-12-23,I2,Cremonese,Sampdoria,draw,draw,3.41,10.0,True,24.1,"league|outcome|odds_bucket=I2|draw|[2.8,3.5)",2024-12,2024-25
2024-12-26,2024-12-27,I2,Brescia,Modena,draw,draw,2.82,10.0,True,18.2,"league|outcome|odds_bucket=I2|draw|[2.8,3.5)",2024-12,2024-25
2024-12-26,2024-12-27,I2,Cesena,Cremonese,draw,away,2.87,10.0,False,-10.0,"league|outcome|odds_bucket=I2|draw|[2.8,3.5)",2024-12,2024-25
2024-12-26,2024-12-27,I2,Cosenza,Catanzaro,draw,draw,2.89,10.0,True,18.9,"league|outcome|odds_bucket=I2|draw|[2.8,3.5)",2024-12,2024-25
2024-12-26,2024-12-27,I2,Sudtirol,Cittadella,draw,away,2.93,10.0,False,-10.0,"league|outcome|odds_bucket=I2|draw|[2.8,3.5)",2024-12,2024-25
2024-12-26,2024-12-27,I2,Frosinone,Salernitana,draw,home,2.98,10.0,False,-10.0,"league|outcome|odds_bucket=I2|draw|[2.8,3.5)",2024-12,2024-25
2024-12-26,2024-12-27,I2,Sampdoria,Carrarese,draw,draw,3.07,10.0,True,20.7,"league|outcome|odds_bucket=I2|draw|[2.8,3.5)",2024-12,2024-25
2024-12-26,2024-12-27,I2,Pisa,Sassuolo,draw,home,3.21,10.0,False,-10.0,"league|outcome|odds_bucket=I2|draw|[2.8,3.5)",2024-12,2024-25
2024-12-26,2024-12-27,I2,Palermo,Bari,draw,home,3.41,10.0,False,-10.0,"league|outcome|odds_bucket=I2|draw|[2.8,3.5)",2024-12,2024-25
2024-12-29,2024-12-30,I2,Carrarese,Cesena,draw,home,2.8,10.0,False,-10.0,"league|outcome|odds_bucket=I2|draw|[2.8,3.5)",2024-12,2024-25
2024-12-29,2024-12-30,I2,Mantova,Reggiana,draw,away,2.8,10.0,False,-10.0,"league|outcome|odds_bucket=I2|draw|[2.8,3.5)",2024-12,2024-25
2024-12-29,2024-12-30,I2,Juve Stabia,Frosinone,draw,draw,2.82,10.0,True,18.2,"league|outcome|odds_bucket=I2|draw|[2.8,3.5)",2024-12,2024-25
2024-12-29,2024-12-30,I2,Cittadella,Palermo,draw,home,2.92,10.0,False,-10.0,"league|outcome|odds_bucket=I2|draw|[2.8,3.5)",2024-12,2024-25
2024-12-29,2024-12-30,I2,Bari,Spezia,draw,home,2.95,10.0,False,-10.0,"league|outcome|odds_bucket=I2|draw|[2.8,3.5)",2024-12,2024-25
2024-12-29,2024-12-30,I2,Modena,Sudtirol,draw,draw,2.97,10.0,True,19.7,"league|outcome|odds_bucket=I2|draw|[2.8,3.5)",2024-12,2024-25
2024-12-29,2024-12-30,I2,Sampdoria,Pisa,draw,away,2.99,10.0,False,-10.0,"league|outcome|odds_bucket=I2|draw|[2.8,3.5)",2024-12,2024-25
2024-12-29,2024-12-30,I2,Catanzaro,Salernitana,draw,home,3.08,10.0,False,-10.0,"league|outcome|odds_bucket=I2|draw|[2.8,3.5)",2024-12,2024-25
2025-01-12,2025-01-13,I2,Sudtirol,Catanzaro,draw,draw,2.86,10.0,True,18.6,"league|outcome|odds_bucket=I2|draw|[2.8,3.5)",2025-01,2024-25
2025-01-12,2025-01-13,I2,Reggiana,Bari,draw,draw,2.9,10.0,True,19.0,"league|outcome|odds_bucket=I2|draw|[2.8,3.5)",2025-01,2024-25
2025-01-12,2025-01-13,I2,Palermo,Modena,draw,home,2.93,10.0,False,-10.0,"league|outcome|odds_bucket=I2|draw|[2.8,3.5)",2025-01,2024-25
2025-01-12,2025-01-13,I2,Frosinone,Cremonese,draw,away,2.94,10.0,False,-10.0,"league|outcome|odds_bucket=I2|draw|[2.8,3.5)",2025-01,2024-25
2025-01-12,2025-01-13,I2,Brescia,Sampdoria,draw,draw,3.01,10.0,True,20.1,"league|outcome|odds_bucket=I2|draw|[2.8,3.5)",2025-01,2024-25
2025-01-12,2025-01-13,I2,Cesena,Cittadella,draw,draw,3.02,10.0,True,20.2,"league|outcome|odds_bucket=I2|draw|[2.8,3.5)",2025-01,2024-25
2025-01-12,2025-01-13,I2,Spezia,Juve Stabia,draw,draw,3.23,10.0,True,22.3,"league|outcome|odds_bucket=I2|draw|[2.8,3.5)",2025-01,2024-25
2025-01-12,2025-01-13,I2,Cosenza,Mantova,draw,draw,3.32,10.0,True,23.2,"league|outcome|odds_bucket=I2|draw|[2.8,3.5)",2025-01,2024-25
2025-01-13,2025-01-14,I2,Pisa,Carrarese,draw,home,3.17,10.0,False,-10.0,"league|outcome|odds_bucket=I2|draw|[2.8,3.5)",2025-01,2024-25
2025-01-17,2025-01-18,I2,Sampdoria,Cesena,draw,away,2.93,10.0,False,-10.0,"league|outcome|odds_bucket=I2|draw|[2.8,3.5)",2025-01,2024-25
2025-01-18,2025-01-19,I2,Salernitana,Reggiana,draw,home,3.01,10.0,False,-10.0,"league|outcome|odds_bucket=I2|draw|[2.8,3.5)",2025-01,2024-25
2025-01-18,2025-01-19,I2,Cittadella,Mantova,draw,away,3.05,10.0,False,-10.0,"league|outcome|odds_bucket=I2|draw|[2.8,3.5)",2025-01,2024-25
2025-01-18,2025-01-19,I2,Bari,Brescia,draw,draw,3.06,10.0,True,20.6,"league|outcome|odds_bucket=I2|draw|[2.8,3.5)",2025-01,2024-25
2025-01-18,2025-01-19,I2,Modena,Frosinone,draw,draw,3.06,10.0,True,20.6,"league|outcome|odds_bucket=I2|draw|[2.8,3.5)",2025-01,2024-25
2025-01-19,2025-01-20,I2,Carrarese,Spezia,draw,away,3.0,10.0,False,-10.0,"league|outcome|odds_bucket=I2|draw|[2.8,3.5)",2025-01,2024-25
2025-01-19,2025-01-20,I2,Catanzaro,Pisa,draw,draw,3.05,10.0,True,20.5,"league|outcome|odds_bucket=I2|draw|[2.8,3.5)",2025-01,2024-25
2025-01-19,2025-01-20,I2,Palermo,Juve Stabia,draw,home,3.12,10.0,False,-10.0,"league|outcome|odds_bucket=I2|draw|[2.8,3.5)",2025-01,2024-25
2025-01-24,2025-01-25,I2,Spezia,Sassuolo,draw,home,3.06,10.0,False,-10.0,"league|outcome|odds_bucket=I2|draw|[2.8,3.5)",2025-01,2024-25
2025-01-25,2025-01-26,I2,Cesena,Bari,draw,draw,2.94,10.0,True,19.4,"league|outcome|odds_bucket=I2|draw|[2.8,3.5)",2025-01,2024-25
2025-01-25,2025-01-26,I2,Cosenza,Cittadella,draw,away,2.97,10.0,False,-10.0,"league|outcome|odds_bucket=I2|draw|[2.8,3.5)",2025-01,2024-25
2025-01-25,2025-01-26,I2,Mantova,Sampdoria,draw,draw,2.99,10.0,True,19.9,"league|outcome|odds_bucket=I2|draw|[2.8,3.5)",2025-01,2024-25
2025-01-25,2025-01-26,I2,Juve Stabia,Carrarese,draw,home,3.0,10.0,False,-10.0,"league|outcome|odds_bucket=I2|draw|[2.8,3.5)",2025-01,2024-25
2025-01-25,2025-01-26,I2,Frosinone,Sudtirol,draw,away,3.06,10.0,False,-10.0,"league|outcome|odds_bucket=I2|draw|[2.8,3.5)",2025-01,2024-25
2025-01-26,2025-01-27,I2,Cremonese,Modena,draw,draw,2.99,10.0,True,19.9,"league|outcome|odds_bucket=I2|draw|[2.8,3.5)",2025-01,2024-25
2025-01-26,2025-01-27,I2,Brescia,Catanzaro,draw,away,3.04,10.0,False,-10.0,"league|outcome|odds_bucket=I2|draw|[2.8,3.5)",2025-01,2024-25
2025-01-26,2025-01-27,I2,Pisa,Salernitana,draw,home,3.08,10.0,False,-10.0,"league|outcome|odds_bucket=I2|draw|[2.8,3.5)",2025-01,2024-25
2025-01-31,2025-02-01,I2,Palermo,Pisa,draw,away,2.91,10.0,False,-10.0,"league|outcome|odds_bucket=I2|draw|[2.8,3.5)",2025-01,2024-25
2025-02-01,2025-02-02,I2,Catanzaro,Cesena,draw,home,3.07,10.0,False,-10.0,"league|outcome|odds_bucket=I2|draw|[2.8,3.5)",2025-02,2024-25
2025-02-01,2025-02-02,I2,Sampdoria,Cosenza,draw,home,3.09,10.0,False,-10.0,"league|outcome|odds_bucket=I2|draw|[2.8,3.5)",2025-02,2024-25
2025-02-01,2025-02-02,I2,Cittadella,Spezia,draw,away,3.36,10.0,False,-10.0,"league|outcome|odds_bucket=I2|draw|[2.8,3.5)",2025-02,2024-25
2025-02-01,2025-02-02,I2,Modena,Mantova,draw,home,3.37,10.0,False,-10.0,"league|outcome|odds_bucket=I2|draw|[2.8,3.5)",2025-02,2024-25
2025-02-02,2025-02-03,I2,Carrarese,Brescia,draw,away,2.96,10.0,False,-10.0,"league|outcome|odds_bucket=I2|draw|[2.8,3.5)",2025-02,2024-25
2025-02-02,2025-02-03,I2,Bari,Frosinone,draw,home,2.98,10.0,False,-10.0,"league|outcome|odds_bucket=I2|draw|[2.8,3.5)",2025-02,2024-25
2025-02-02,2025-02-03,I2,Salernitana,Cremonese,draw,home,3.05,10.0,False,-10.0,"league|outcome|odds_bucket=I2|draw|[2.8,3.5)",2025-02,2024-25
2025-02-07,2025-02-08,I2,Brescia,Salernitana,draw,draw,3.08,10.0,True,20.8,"league|outcome|odds_bucket=I2|draw|[2.8,3.5)",2025-02,2024-25
2025-02-08,2025-02-09,I2,Sampdoria,Modena,draw,home,2.83,10.0,False,-10.0,"league|outcome|odds_bucket=I2|draw|[2.8,3.5)",2025-02,2024-25
2025-02-08,2025-02-09,I2,Frosinone,Catanzaro,draw,draw,2.93,10.0,True,19.3,"league|outcome|odds_bucket=I2|draw|[2.8,3.5)",2025-02,2024-25
2025-02-08,2025-02-09,I2,Mantova,Sassuolo,draw,away,3.37,10.0,False,-10.0,"league|outcome|odds_bucket=I2|draw|[2.8,3.5)",2025-02,2024-25
2025-02-09,2025-02-10,I2,Reggiana,Cesena,draw,away,2.8,10.0,False,-10.0,"league|outcome|odds_bucket=I2|draw|[2.8,3.5)",2025-02,2024-25
2025-02-09,2025-02-10,I2,Spezia,Palermo,draw,draw,3.19,10.0,True,21.9,"league|outcome|odds_bucket=I2|draw|[2.8,3.5)",2025-02,2024-25
2025-02-14,2025-02-15,I2,Catanzaro,Cittadella,draw,home,3.34,10.0,False,-10.0,"league|outcome|odds_bucket=I2|draw|[2.8,3.5)",2025-02,2024-25
2025-02-15,2025-02-16,I2,Carrarese,Salernitana,draw,home,2.81,10.0,False,-10.0,"league|outcome|odds_bucket=I2|draw|[2.8,3.5)",2025-02,2024-25
2025-02-15,2025-02-16,I2,Bari,Cremonese,draw,draw,3.05,10.0,True,20.5,"league|outcome|odds_bucket=I2|draw|[2.8,3.5)",2025-02,2024-25
2025-02-15,2025-02-16,I2,Modena,Spezia,draw,draw,3.08,10.0,True,20.8,"league|outcome|odds_bucket=I2|draw|[2.8,3.5)",2025-02,2024-25
2025-02-16,2025-02-17,I2,Cesena,Pisa,draw,draw,2.95,10.0,True,19.5,"league|outcome|odds_bucket=I2|draw|[2.8,3.5)",2025-02,2024-25
2025-02-16,2025-02-17,I2,Juve Stabia,Cosenza,draw,home,2.99,10.0,False,-10.0,"league|outcome|odds_bucket=I2|draw|[2.8,3.5)",2025-02,2024-25
2025-02-21,2025-02-22,I2,Sampdoria,Sassuolo,draw,draw,3.1,10.0,True,21.0,"league|outcome|odds_bucket=I2|draw|[2.8,3.5)",2025-02,2024-25
2025-02-22,2025-02-23,I2,Cittadella,Modena,draw,away,2.81,10.0,False,-10.0,"league|outcome|odds_bucket=I2|draw|[2.8,3.5)",2025-02,2024-25
2025-02-22,2025-02-23,I2,Reggiana,Carrarese,draw,draw,2.84,10.0,True,18.4,"league|outcome|odds_bucket=I2|draw|[2.8,3.5)",2025-02,2024-25
2025-02-22,2025-02-23,I2,Mantova,Bari,draw,away,2.9,10.0,False,-10.0,"league|outcome|odds_bucket=I2|draw|[2.8,3.5)",2025-02,2024-25
2025-02-22,2025-02-23,I2,Pisa,Juve Stabia,draw,home,3.12,10.0,False,-10.0,"league|outcome|odds_bucket=I2|draw|[2.8,3.5)",2025-02,2024-25
2025-02-22,2025-02-23,I2,Cremonese,Cesena,draw,away,3.27,10.0,False,-10.0,"league|outcome|odds_bucket=I2|draw|[2.8,3.5)",2025-02,2024-25
2025-02-23,2025-02-24,I2,Brescia,Sudtirol,draw,draw,2.82,10.0,True,18.2,"league|outcome|odds_bucket=I2|draw|[2.8,3.5)",2025-02,2024-25
2025-02-23,2025-02-24,I2,Salernitana,Frosinone,draw,draw,2.98,10.0,True,19.8,"league|outcome|odds_bucket=I2|draw|[2.8,3.5)",2025-02,2024-25
2025-02-23,2025-02-24,I2,Cosenza,Palermo,draw,away,2.99,10.0,False,-10.0,"league|outcome|odds_bucket=I2|draw|[2.8,3.5)",2025-02,2024-25
2025-02-28,2025-03-01,I2,Sudtirol,Spezia,draw,draw,3.38,10.0,True,23.8,"league|outcome|odds_bucket=I2|draw|[2.8,3.5)",2025-02,2024-25
2025-03-01,2025-03-02,I2,Frosinone,Mantova,draw,home,2.85,10.0,False,-10.0,"league|outcome|odds_bucket=I2|draw|[2.8,3.5)",2025-03,2024-25
2025-03-01,2025-03-02,I2,Cesena,Salernitana,draw,home,2.88,10.0,False,-10.0,"league|outcome|odds_bucket=I2|draw|[2.8,3.5)",2025-03,2024-25
2025-03-01,2025-03-02,I2,Sassuolo,Pisa,draw,home,2.96,10.0,False,-10.0,"league|outcome|odds_bucket=I2|draw|[2.8,3.5)",2025-03,2024-25
2025-03-01,2025-03-02,I2,Carrarese,Cremonese,draw,draw,3.11,10.0,True,21.1,"league|outcome|odds_bucket=I2|draw|[2.8,3.5)",2025-03,2024-25
2025-03-01,2025-03-02,I2,Juve Stabia,Cittadella,draw,away,3.19,10.0,False,-10.0,"league|outcome|odds_bucket=I2|draw|[2.8,3.5)",2025-03,2024-25
2025-03-02,2025-03-03,I2,Bari,Sampdoria,draw,draw,2.92,10.0,True,19.2,"league|outcome|odds_bucket=I2|draw|[2.8,3.5)",2025-03,2024-25
2025-03-02,2025-03-03,I2,Catanzaro,Reggiana,draw,draw,3.08,10.0,True,20.8,"league|outcome|odds_bucket=I2|draw|[2.8,3.5)",2025-03,2024-25
2025-03-02,2025-03-03,I2,Modena,Cosenza,draw,draw,3.37,10.0,True,23.7,"league|outcome|odds_bucket=I2|draw|[2.8,3.5)",2025-03,2024-25
2025-03-02,2025-03-03,I2,Palermo,Brescia,draw,home,3.42,10.0,False,-10.0,"league|outcome|odds_bucket=I2|draw|[2.8,3.5)",2025-03,2024-25
2025-03-07,2025-03-08,I2,Cosenza,Reggiana,draw,home,2.9,10.0,False,-10.0,"league|outcome|odds_bucket=I2|draw|[2.8,3.5)",2025-03,2024-25
2025-03-08,2025-03-09,I2,Mantova,Juve Stabia,draw,draw,2.88,10.0,True,18.8,"league|outcome|odds_bucket=I2|draw|[2.8,3.5)",2025-03,2024-25
2025-03-08,2025-03-09,I2,Brescia,Cesena,draw,draw,2.95,10.0,True,19.5,"league|outcome|odds_bucket=I2|draw|[2.8,3.5)",2025-03,2024-25
2025-03-08,2025-03-09,I2,Salernitana,Modena,draw,home,2.97,10.0,False,-10.0,"league|outcome|odds_bucket=I2|draw|[2.8,3.5)",2025-03,2024-25
2025-03-08,2025-03-09,I2,Carrarese,Frosinone,draw,away,3.04,10.0,False,-10.0,"league|outcome|odds_bucket=I2|draw|[2.8,3.5)",2025-03,2024-25
2025-03-08,2025-03-09,I2,Sampdoria,Palermo,draw,draw,3.08,10.0,True,20.8,"league|outcome|odds_bucket=I2|draw|[2.8,3.5)",2025-03,2024-25
2025-03-09,2025-03-10,I2,Cittadella,Sudtirol,draw,away,2.83,10.0,False,-10.0,"league|outcome|odds_bucket=I2|draw|[2.8,3.5)",2025-03,2024-25
2025-03-09,2025-03-10,I2,Spezia,Pisa,draw,home,3.17,10.0,False,-10.0,"league|outcome|odds_bucket=I2|draw|[2.8,3.5)",2025-03,2024-25
2025-03-14,2025-03-15,I2,Palermo,Cremonese,draw,away,3.03,10.0,False,-10.0,"league|outcome|odds_bucket=I2|draw|[2.8,3.5)",2025-03,2024-25
2025-03-15,2025-03-16,I2,Juve Stabia,Modena,draw,home,2.85,10.0,False,-10.0,"league|outcome|odds_bucket=I2|draw|[2.8,3.5)",2025-03,2024-25
2025-03-15,2025-03-16,I2,Bari,Salernitana,draw,draw,2.86,10.0,True,18.6,"league|outcome|odds_bucket=I2|draw|[2.8,3.5)",2025-03,2024-25
2025-03-15,2025-03-16,I2,Cesena,Spezia,draw,draw,2.99,10.0,True,19.9,"league|outcome|odds_bucket=I2|draw|[2.8,3.5)",2025-03,2024-25
2025-03-15,2025-03-16,I2,Cittadella,Sassuolo,draw,away,3.35,10.0,False,-10.0,"league|outcome|odds_bucket=I2|draw|[2.8,3.5)",2025-03,2024-25
2025-03-16,2025-03-17,I2,Reggiana,Sampdoria,draw,draw,2.9,10.0,True,19.0,"league|outcome|odds_bucket=I2|draw|[2.8,3.5)",2025-03,2024-25
2025-03-16,2025-03-17,I2,Sudtirol,Carrarese,draw,draw,3.03,10.0,True,20.3,"league|outcome|odds_bucket=I2|draw|[2.8,3.5)",2025-03,2024-25
2025-03-16,2025-03-17,I2,Catanzaro,Cosenza,draw,home,3.16,10.0,False,-10.0,"league|outcome|odds_bucket=I2|draw|[2.8,3.5)",2025-03,2024-25
2025-03-29,2025-03-30,I2,Mantova,Sudtirol,draw,home,3.07,10.0,False,-10.0,"league|outcome|odds_bucket=I2|draw|[2.8,3.5)",2025-03,2024-25
2025-03-29,2025-03-30,I2,Modena,Catanzaro,draw,home,3.08,10.0,False,-10.0,"league|outcome|odds_bucket=I2|draw|[2.8,3.5)",2025-03,2024-25
2025-03-29,2025-03-30,I2,Cosenza,Pisa,draw,away,3.2,10.0,False,-10.0,"league|outcome|odds_bucket=I2|draw|[2.8,3.5)",2025-03,2024-25
2025-03-29,2025-03-30,I2,Sampdoria,Frosinone,draw,away,3.29,10.0,False,-10.0,"league|outcome|odds_bucket=I2|draw|[2.8,3.5)",2025-03,2024-25
2025-03-29,2025-03-30,I2,Sassuolo,Reggiana,draw,home,3.38,10.0,False,-10.0,"league|outcome|odds_bucket=I2|draw|[2.8,3.5)",2025-03,2024-25
2025-03-30,2025-03-31,I2,Cesena,Juve Stabia,draw,away,2.85,10.0,False,-10.0,"league|outcome|odds_bucket=I2|draw|[2.8,3.5)",2025-03,2024-25
2025-03-30,2025-03-31,I2,Carrarese,Bari,draw,home,2.92,10.0,False,-10.0,"league|outcome|odds_bucket=I2|draw|[2.8,3.5)",2025-03,2024-25
2025-03-30,2025-03-31,I2,Salernitana,Palermo,draw,away,3.09,10.0,False,-10.0,"league|outcome|odds_bucket=I2|draw|[2.8,3.5)",2025-03,2024-25
2025-04-04,2025-04-05,I2,Reggiana,Cremonese,draw,away,3.16,10.0,False,-10.0,"league|outcome|odds_bucket=I2|draw|[2.8,3.5)",2025-04,2024-25
2025-04-05,2025-04-06,I2,Sudtirol,Cesena,draw,draw,2.93,10.0,True,19.3,"league|outcome|odds_bucket=I2|draw|[2.8,3.5)",2025-04,2024-25
2025-04-05,2025-04-06,I2,Juve Stabia,Salernitana,draw,home,3.02,10.0,False,-10.0,"league|outcome|odds_bucket=I2|draw|[2.8,3.5)",2025-04,2024-25
2025-04-05,2025-04-06,I2,Cittadella,Carrarese,draw,draw,3.08,10.0,True,20.8,"league|outcome|odds_bucket=I2|draw|[2.8,3.5)",2025-04,2024-25
2025-04-05,2025-04-06,I2,Pisa,Modena,draw,away,3.19,10.0,False,-10.0,"league|outcome|odds_bucket=I2|draw|[2.8,3.5)",2025-04,2024-25
2025-04-05,2025-04-06,I2,Frosinone,Cosenza,draw,draw,3.26,10.0,True,22.6,"league|outcome|odds_bucket=I2|draw|[2.8,3.5)",2025-04,2024-25
2025-04-05,2025-04-06,I2,Brescia,Mantova,draw,away,3.36,10.0,False,-10.0,"league|outcome|odds_bucket=I2|draw|[2.8,3.5)",2025-04,2024-25
2025-04-06,2025-04-07,I2,Catanzaro,Bari,draw,draw,2.99,10.0,True,19.9,"league|outcome|odds_bucket=I2|draw|[2.8,3.5)",2025-04,2024-25
2025-04-06,2025-04-07,I2,Palermo,Sassuolo,draw,home,3.27,10.0,False,-10.0,"league|outcome|odds_bucket=I2|draw|[2.8,3.5)",2025-04,2024-25
2025-04-11,2025-04-12,I2,Bari,Palermo,draw,home,3.21,10.0,False,-10.0,"league|outcome|odds_bucket=I2|draw|[2.8,3.5)",2025-04,2024-25
2025-04-12,2025-04-13,I2,Cosenza,Brescia,draw,draw,3.03,10.0,True,20.3,"league|outcome|odds_bucket=I2|draw|[2.8,3.5)",2025-04,2024-25
2025-04-12,2025-04-13,I2,Reggiana,Pisa,draw,away,3.15,10.0,False,-10.0,"league|outcome|odds_bucket=I2|draw|[2.8,3.5)",2025-04,2024-25
2025-04-12,2025-04-13,I2,Modena,Sassuolo,draw,away,3.18,10.0,False,-10.0,"league|outcome|odds_bucket=I2|draw|[2.8,3.5)",2025-04,2024-25
2025-04-12,2025-04-13,I2,Carrarese,Catanzaro,draw,draw,3.2,10.0,True,22.0,"league|outcome|odds_bucket=I2|draw|[2.8,3.5)",2025-04,2024-25
2025-04-12,2025-04-13,I2,Salernitana,Sudtirol,draw,home,3.23,10.0,False,-10.0,"league|outcome|odds_bucket=I2|draw|[2.8,3.5)",2025-04,2024-25
2025-04-12,2025-04-13,I2,Sampdoria,Cittadella,draw,home,3.45,10.0,False,-10.0,"league|outcome|odds_bucket=I2|draw|[2.8,3.5)",2025-04,2024-25
2025-04-13,2025-04-14,I2,Cesena,Frosinone,draw,draw,3.02,10.0,True,20.2,"league|outcome|odds_bucket=I2|draw|[2.8,3.5)",2025-04,2024-25
2025-04-25,2025-04-26,I2,Carrarese,Sampdoria,draw,home,2.96,10.0,False,-10.0,"league|outcome|odds_bucket=I2|draw|[2.8,3.5)",2025-04,2024-25
2025-04-25,2025-04-26,I2,Bari,Modena,draw,away,3.06,10.0,False,-10.0,"league|outcome|odds_bucket=I2|draw|[2.8,3.5)",2025-04,2024-25
2025-04-25,2025-04-26,I2,Brescia,Pisa,draw,away,3.18,10.0,False,-10.0,"league|outcome|odds_bucket=I2|draw|[2.8,3.5)",2025-04,2024-25
2025-04-25,2025-04-26,I2,Reggiana,Cittadella,draw,home,3.24,10.0,False,-10.0,"league|outcome|odds_bucket=I2|draw|[2.8,3.5)",2025-04,2024-25
2025-04-25,2025-04-26,I2,Cesena,Sassuolo,draw,away,3.38,10.0,False,-10.0,"league|outcome|odds_bucket=I2|draw|[2.8,3.5)",2025-04,2024-25
2025-04-25,2025-04-26,I2,Frosinone,Spezia,draw,draw,3.47,10.0,True,24.7,"league|outcome|odds_bucket=I2|draw|[2.8,3.5)",2025-04,2024-25
2025-04-27,2025-04-28,I2,Sudtirol,Juve Stabia,draw,home,2.95,10.0,False,-10.0,"league|outcome|odds_bucket=I2|draw|[2.8,3.5)",2025-04,2024-25
2025-04-27,2025-04-28,I2,Catanzaro,Palermo,draw,away,3.24,10.0,False,-10.0,"league|outcome|odds_bucket=I2|draw|[2.8,3.5)",2025-04,2024-25
2025-05-01,2025-05-02,I2,Cittadella,Brescia,draw,away,2.88,10.0,False,-10.0,"league|outcome|odds_bucket=I2|draw|[2.8,3.5)",2025-05,2024-25
2025-05-01,2025-05-02,I2,Juve Stabia,Catanzaro,draw,home,3.1,10.0,False,-10.0,"league|outcome|odds_bucket=I2|draw|[2.8,3.5)",2025-05,2024-25
2025-05-01,2025-05-02,I2,Modena,Reggiana,draw,away,3.27,10.0,False,-10.0,"league|outcome|odds_bucket=I2|draw|[2.8,3.5)",2025-05,2024-25
2025-05-01,2025-05-02,I2,Mantova,Cesena,draw,home,3.29,10.0,False,-10.0,"league|outcome|odds_bucket=I2|draw|[2.8,3.5)",2025-05,2024-25
2025-05-01,2025-05-02,I2,Cosenza,Bari,draw,home,3.32,10.0,False,-10.0,"league|outcome|odds_bucket=I2|draw|[2.8,3.5)",2025-05,2024-25
2025-05-01,2025-05-02,I2,Sampdoria,Cremonese,draw,draw,3.44,10.0,True,24.4,"league|outcome|odds_bucket=I2|draw|[2.8,3.5)",2025-05,2024-25
2025-05-01,2025-05-02,I2,Spezia,Salernitana,draw,home,3.45,10.0,False,-10.0,"league|outcome|odds_bucket=I2|draw|[2.8,3.5)",2025-05,2024-25
2025-05-04,2025-05-05,I2,Carrarese,Modena,draw,home,2.92,10.0,False,-10.0,"league|outcome|odds_bucket=I2|draw|[2.8,3.5)",2025-05,2024-25
2025-05-04,2025-05-05,I2,Reggiana,Spezia,draw,home,3.02,10.0,False,-10.0,"league|outcome|odds_bucket=I2|draw|[2.8,3.5)",2025-05,2024-25
2025-05-04,2025-05-05,I2,Cesena,Palermo,draw,home,3.06,10.0,False,-10.0,"league|outcome|odds_bucket=I2|draw|[2.8,3.5)",2025-05,2024-25
2025-05-04,2025-05-05,I2,Catanzaro,Sampdoria,draw,draw,3.07,10.0,True,20.7,"league|outcome|odds_bucket=I2|draw|[2.8,3.5)",2025-05,2024-25
2025-05-04,2025-05-05,I2,Cremonese,Sassuolo,draw,draw,3.3,10.0,True,23.0,"league|outcome|odds_bucket=I2|draw|[2.8,3.5)",2025-05,2024-25
2025-05-04,2025-05-05,I2,Salernitana,Mantova,draw,home,3.33,10.0,False,-10.0,"league|outcome|odds_bucket=I2|draw|[2.8,3.5)",2025-05,2024-25
2025-05-04,2025-05-05,I2,Frosinone,Cittadella,draw,draw,3.33,10.0,True,23.3,"league|outcome|odds_bucket=I2|draw|[2.8,3.5)",2025-05,2024-25
2025-05-09,2025-05-10,I2,Spezia,Cremonese,draw,away,2.95,10.0,False,-10.0,"league|outcome|odds_bucket=I2|draw|[2.8,3.5)",2025-05,2024-25
2025-05-09,2025-05-10,I2,Modena,Brescia,draw,draw,3.01,10.0,True,20.1,"league|outcome|odds_bucket=I2|draw|[2.8,3.5)",2025-05,2024-25
2025-05-09,2025-05-10,I2,Sampdoria,Salernitana,draw,home,3.02,10.0,False,-10.0,"league|outcome|odds_bucket=I2|draw|[2.8,3.5)",2025-05,2024-25
2025-05-09,2025-05-10,I2,Pisa,Sudtirol,draw,draw,3.02,10.0,True,20.2,"league|outcome|odds_bucket=I2|draw|[2.8,3.5)",2025-05,2024-25
2025-05-09,2025-05-10,I2,Cittadella,Bari,draw,home,3.02,10.0,False,-10.0,"league|outcome|odds_bucket=I2|draw|[2.8,3.5)",2025-05,2024-25
2025-05-09,2025-05-10,I2,Cosenza,Cesena,draw,away,3.23,10.0,False,-10.0,"league|outcome|odds_bucket=I2|draw|[2.8,3.5)",2025-05,2024-25
2025-05-09,2025-05-10,I2,Mantova,Carrarese,draw,home,3.27,10.0,False,-10.0,"league|outcome|odds_bucket=I2|draw|[2.8,3.5)",2025-05,2024-25
2025-05-09,2025-05-10,I2,Sassuolo,Catanzaro,draw,away,3.44,10.0,False,-10.0,"league|outcome|odds_bucket=I2|draw|[2.8,3.5)",2025-05,2024-25
2025-05-09,2025-05-10,I2,Palermo,Frosinone,draw,home,3.45,10.0,False,-10.0,"league|outcome|odds_bucket=I2|draw|[2.8,3.5)",2025-05,2024-25
2025-05-13,2025-05-14,I2,Modena,Cesena,draw,away,3.0,10.0,False,-10.0,"league|outcome|odds_bucket=I2|draw|[2.8,3.5)",2025-05,2024-25
2025-05-13,2025-05-14,I2,Cittadella,Salernitana,draw,away,3.01,10.0,False,-10.0,"league|outcome|odds_bucket=I2|draw|[2.8,3.5)",2025-05,2024-25
2025-05-13,2025-05-14,I2,Juve Stabia,Sampdoria,draw,draw,3.04,10.0,True,20.4,"league|outcome|odds_bucket=I2|draw|[2.8,3.5)",2025-05,2024-25
2025-05-13,2025-05-14,I2,Mantova,Catanzaro,draw,draw,3.31,10.0,True,23.1,"league|outcome|odds_bucket=I2|draw|[2.8,3.5)",2025-05,2024-25
2025-05-13,2025-05-14,I2,Sassuolo,Frosinone,draw,away,3.33,10.0,False,-10.0,"league|outcome|odds_bucket=I2|draw|[2.8,3.5)",2025-05,2024-25
2025-05-13,2025-05-14,I2,Sudtirol,Bari,draw,draw,3.47,10.0,True,24.7,"league|outcome|odds_bucket=I2|draw|[2.8,3.5)",2025-05,2024-25
2025-05-13,2025-05-14,I2,Pisa,Cremonese,draw,home,3.48,10.0,False,-10.0,"league|outcome|odds_bucket=I2|draw|[2.8,3.5)",2025-05,2024-25
2025-08-22,2025-08-23,I2,Pescara,Cesena,draw,away,3.08,10.0,False,-10.0,"league|outcome|odds_bucket=I2|draw|[2.8,3.5)",2025-08,2025-26
2025-08-23,2025-08-24,I2,Virtus Entella,Juve Stabia,draw,draw,3.03,10.0,True,20.3,"league|outcome|odds_bucket=I2|draw|[2.8,3.5)",2025-08,2025-26
2025-08-23,2025-08-24,I2,Empoli,Padova,draw,home,3.26,10.0,False,-10.0,"league|outcome|odds_bucket=I2|draw|[2.8,3.5)",2025-08,2025-26
2025-08-24,2025-08-25,I2,Catanzaro,Sudtirol,draw,draw,3.06,10.0,True,20.6,"league|outcome|odds_bucket=I2|draw|[2.8,3.5)",2025-08,2025-26
2025-08-24,2025-08-25,I2,Frosinone,Avellino,draw,home,3.08,10.0,False,-10.0,"league|outcome|odds_bucket=I2|draw|[2.8,3.5)",2025-08,2025-26
2025-08-24,2025-08-25,I2,Venezia,Bari,draw,home,3.49,10.0,False,-10.0,"league|outcome|odds_bucket=I2|draw|[2.8,3.5)",2025-08,2025-26
2025-08-25,2025-08-26,I2,Sampdoria,Modena,draw,away,2.96,10.0,False,-10.0,"league|outcome|odds_bucket=I2|draw|[2.8,3.5)",2025-08,2025-26
2025-08-29,2025-08-30,I2,Reggiana,Empoli,draw,home,2.9,10.0,False,-10.0,"league|outcome|odds_bucket=I2|draw|[2.8,3.5)",2025-08,2025-26
2025-08-30,2025-08-31,I2,Cesena,Virtus Entella,draw,draw,2.9,10.0,True,19.0,"league|outcome|odds_bucket=I2|draw|[2.8,3.5)",2025-08,2025-26
2025-08-30,2025-08-31,I2,Juve Stabia,Venezia,draw,draw,3.2,10.0,True,22.0,"league|outcome|odds_bucket=I2|draw|[2.8,3.5)",2025-08,2025-26
2025-08-30,2025-08-31,I2,Mantova,Pescara,draw,home,3.29,10.0,False,-10.0,"league|outcome|odds_bucket=I2|draw|[2.8,3.5)",2025-08,2025-26
2025-08-30,2025-08-31,I2,Spezia,Catanzaro,draw,draw,3.37,10.0,True,23.7,"league|outcome|odds_bucket=I2|draw|[2.8,3.5)",2025-08,2025-26
2025-08-31,2025-09-01,I2,Bari,Monza,draw,draw,2.96,10.0,True,19.6,"league|outcome|odds_bucket=I2|draw|[2.8,3.5)",2025-08,2025-26
2025-08-31,2025-09-01,I2,Sudtirol,Sampdoria,draw,home,3.07,10.0,False,-10.0,"league|outcome|odds_bucket=I2|draw|[2.8,3.5)",2025-08,2025-26
2025-08-31,2025-09-01,I2,Carrarese,Padova,draw,draw,3.16,10.0,True,21.6,"league|outcome|odds_bucket=I2|draw|[2.8,3.5)",2025-08,2025-26
2025-08-31,2025-09-01,I2,Modena,Avellino,draw,draw,3.2,10.0,True,22.0,"league|outcome|odds_bucket=I2|draw|[2.8,3.5)",2025-08,2025-26
2025-09-12,2025-09-13,I2,Avellino,Monza,draw,home,3.2,10.0,False,-10.0,"league|outcome|odds_bucket=I2|draw|[2.8,3.5)",2025-09,2025-26
2025-09-13,2025-09-14,I2,Catanzaro,Carrarese,draw,draw,2.86,10.0,True,18.6,"league|outcome|odds_bucket=I2|draw|[2.8,3.5)",2025-09,2025-26
2025-09-13,2025-09-14,I2,Padova,Frosinone,draw,away,2.96,10.0,False,-10.0,"league|outcome|odds_bucket=I2|draw|[2.8,3.5)",2025-09,2025-26
2025-09-13,2025-09-14,I2,Sampdoria,Cesena,draw,away,3.02,10.0,False,-10.0,"league|outcome|odds_bucket=I2|draw|[2.8,3.5)",2025-09,2025-26
2025-09-13,2025-09-14,I2,Juve Stabia,Reggiana,draw,draw,3.09,10.0,True,20.9,"league|outcome|odds_bucket=I2|draw|[2.8,3.5)",2025-09,2025-26
2025-09-13,2025-09-14,I2,Modena,Bari,draw,home,3.2,10.0,False,-10.0,"league|outcome|odds_bucket=I2|draw|[2.8,3.5)",2025-09,2025-26
2025-09-14,2025-09-15,I2,Empoli,Spezia,draw,draw,2.96,10.0,True,19.6,"league|outcome|odds_bucket=I2|draw|[2.8,3.5)",2025-09,2025-26
2025-09-14,2025-09-15,I2,Sudtirol,Palermo,draw,away,3.19,10.0,False,-10.0,"league|outcome|odds_bucket=I2|draw|[2.8,3.5)",2025-09,2025-26
2025-09-14,2025-09-15,I2,Virtus Entella,Mantova,draw,home,3.25,10.0,False,-10.0,"league|outcome|odds_bucket=I2|draw|[2.8,3.5)",2025-09,2025-26
2025-09-19,2025-09-20,I2,Frosinone,Sudtirol,draw,draw,3.25,10.0,True,22.5,"league|outcome|odds_bucket=I2|draw|[2.8,3.5)",2025-09,2025-26
2025-09-20,2025-09-21,I2,Reggiana,Catanzaro,draw,draw,3.12,10.0,True,21.2,"league|outcome|odds_bucket=I2|draw|[2.8,3.5)",2025-09,2025-26
2025-09-20,2025-09-21,I2,Spezia,Juve Stabia,draw,away,3.13,10.0,False,-10.0,"league|outcome|odds_bucket=I2|draw|[2.8,3.5)",2025-09,2025-26
2025-09-20,2025-09-21,I2,Venezia,Cesena,draw,away,3.22,10.0,False,-10.0,"league|outcome|odds_bucket=I2|draw|[2.8,3.5)",2025-09,2025-26
2025-09-20,2025-09-21,I2,Mantova,Modena,draw,away,3.24,10.0,False,-10.0,"league|outcome|odds_bucket=I2|draw|[2.8,3.5)",2025-09,2025-26
2025-09-20,2025-09-21,I2,Monza,Sampdoria,draw,home,3.3,10.0,False,-10.0,"league|outcome|odds_bucket=I2|draw|[2.8,3.5)",2025-09,2025-26
2025-09-21,2025-09-22,I2,Carrarese,Avellino,draw,away,2.96,10.0,False,-10.0,"league|outcome|odds_bucket=I2|draw|[2.8,3.5)",2025-09,2025-26
2025-09-21,2025-09-22,I2,Padova,Virtus Entella,draw,home,2.96,10.0,False,-10.0,"league|outcome|odds_bucket=I2|draw|[2.8,3.5)",2025-09,2025-26
2025-09-21,2025-09-22,I2,Pescara,Empoli,draw,home,3.29,10.0,False,-10.0,"league|outcome|odds_bucket=I2|draw|[2.8,3.5)",2025-09,2025-26
2025-09-26,2025-09-27,I2,Catanzaro,Juve Stabia,draw,draw,2.92,10.0,True,19.2,"league|outcome|odds_bucket=I2|draw|[2.8,3.5)",2025-09,2025-26
2025-09-27,2025-09-28,I2,Bari,Sampdoria,draw,draw,2.81,10.0,True,18.1,"league|outcome|odds_bucket=I2|draw|[2.8,3.5)",2025-09,2025-26
2025-09-27,2025-09-28,I2,Avellino,Virtus Entella,draw,home,3.01,10.0,False,-10.0,"league|outcome|odds_bucket=I2|draw|[2.8,3.5)",2025-09,2025-26
2025-09-27,2025-09-28,I2,Cesena,Palermo,draw,draw,3.02,10.0,True,20.2,"league|outcome|odds_bucket=I2|draw|[2.8,3.5)",2025-09,2025-26
2025-09-27,2025-09-28,I2,Mantova,Frosinone,draw,away,3.15,10.0,False,-10.0,"league|outcome|odds_bucket=I2|draw|[2.8,3.5)",2025-09,2025-26
2025-09-27,2025-09-28,I2,Sudtirol,Reggiana,draw,home,3.18,10.0,False,-10.0,"league|outcome|odds_bucket=I2|draw|[2.8,3.5)",2025-09,2025-26
2025-09-27,2025-09-28,I2,Venezia,Spezia,draw,home,3.21,10.0,False,-10.0,"league|outcome|odds_bucket=I2|draw|[2.8,3.5)",2025-09,2025-26
2025-09-27,2025-09-28,I2,Monza,Padova,draw,away,3.45,10.0,False,-10.0,"league|outcome|odds_bucket=I2|draw|[2.8,3.5)",2025-09,2025-26
2025-09-28,2025-09-29,I2,Empoli,Carrarese,draw,draw,3.15,10.0,True,21.5,"league|outcome|odds_bucket=I2|draw|[2.8,3.5)",2025-09,2025-26
2025-09-30,2025-10-01,I2,Padova,Avellino,draw,draw,2.98,10.0,True,19.8,"league|outcome|odds_bucket=I2|draw|[2.8,3.5)",2025-09,2025-26
2025-09-30,2025-10-01,I2,Frosinone,Cesena,draw,home,3.1,10.0,False,-10.0,"league|outcome|odds_bucket=I2|draw|[2.8,3.5)",2025-09,2025-26
2025-09-30,2025-10-01,I2,Virtus Entella,Bari,draw,draw,3.12,10.0,True,21.2,"league|outcome|odds_bucket=I2|draw|[2.8,3.5)",2025-09,2025-26
2025-09-30,2025-10-01,I2,Palermo,Venezia,draw,draw,3.28,10.0,True,22.8,"league|outcome|odds_bucket=I2|draw|[2.8,3.5)",2025-09,2025-26
2025-09-30,2025-10-01,I2,Reggiana,Spezia,draw,draw,3.33,10.0,True,23.3,"league|outcome|odds_bucket=I2|draw|[2.8,3.5)",2025-09,2025-26
2025-10-01,2025-10-02,I2,Empoli,Monza,draw,draw,2.95,10.0,True,19.5,"league|outcome|odds_bucket=I2|draw|[2.8,3.5)",2025-10,2025-26
2025-10-01,2025-10-02,I2,Carrarese,Modena,draw,draw,3.01,10.0,True,20.1,"league|outcome|odds_bucket=I2|draw|[2.8,3.5)",2025-10,2025-26
2025-10-01,2025-10-02,I2,Sampdoria,Catanzaro,draw,draw,3.06,10.0,True,20.6,"league|outcome|odds_bucket=I2|draw|[2.8,3.5)",2025-10,2025-26
2025-10-01,2025-10-02,I2,Pescara,Sudtirol,draw,draw,3.16,10.0,True,21.6,"league|outcome|odds_bucket=I2|draw|[2.8,3.5)",2025-10,2025-26
2025-10-04,2025-10-05,I2,Bari,Padova,draw,home,3.05,10.0,False,-10.0,"league|outcome|odds_bucket=I2|draw|[2.8,3.5)",2025-10,2025-26
2025-10-04,2025-10-05,I2,Spezia,Palermo,draw,away,3.05,10.0,False,-10.0,"league|outcome|odds_bucket=I2|draw|[2.8,3.5)",2025-10,2025-26
2025-10-04,2025-10-05,I2,Monza,Catanzaro,draw,home,3.43,10.0,False,-10.0,"league|outcome|odds_bucket=I2|draw|[2.8,3.5)",2025-10,2025-26
2025-10-04,2025-10-05,I2,Avellino,Mantova,draw,draw,3.49,10.0,True,24.9,"league|outcome|odds_bucket=I2|draw|[2.8,3.5)",2025-10,2025-26
2025-10-05,2025-10-06,I2,Carrarese,Juve Stabia,draw,home,3.01,10.0,False,-10.0,"league|outcome|odds_bucket=I2|draw|[2.8,3.5)",2025-10,2025-26
2025-10-05,2025-10-06,I2,Sudtirol,Empoli,draw,away,3.07,10.0,False,-10.0,"league|outcome|odds_bucket=I2|draw|[2.8,3.5)",2025-10,2025-26
2025-10-05,2025-10-06,I2,Sampdoria,Pescara,draw,home,3.32,10.0,False,-10.0,"league|outcome|odds_bucket=I2|draw|[2.8,3.5)",2025-10,2025-26
2025-10-05,2025-10-06,I2,Modena,Virtus Entella,draw,home,3.36,10.0,False,-10.0,"league|outcome|odds_bucket=I2|draw|[2.8,3.5)",2025-10,2025-26
2025-10-17,2025-10-18,I2,Virtus Entella,Sampdoria,draw,home,2.84,10.0,False,-10.0,"league|outcome|odds_bucket=I2|draw|[2.8,3.5)",2025-10,2025-26
2025-10-18,2025-10-19,I2,Frosinone,Monza,draw,away,3.01,10.0,False,-10.0,"league|outcome|odds_bucket=I2|draw|[2.8,3.5)",2025-10,2025-26
2025-10-18,2025-10-19,I2,Juve Stabia,Avellino,draw,home,3.03,10.0,False,-10.0,"league|outcome|odds_bucket=I2|draw|[2.8,3.5)",2025-10,2025-26
2025-10-18,2025-10-19,I2,Reggiana,Bari,draw,home,3.04,10.0,False,-10.0,"league|outcome|odds_bucket=I2|draw|[2.8,3.5)",2025-10,2025-26
2025-10-18,2025-10-19,I2,Spezia,Cesena,draw,away,3.07,10.0,False,-10.0,"league|outcome|odds_bucket=I2|draw|[2.8,3.5)",2025-10,2025-26
2025-10-18,2025-10-19,I2,Pescara,Carrarese,draw,draw,3.14,10.0,True,21.4,"league|outcome|odds_bucket=I2|draw|[2.8,3.5)",2025-10,2025-26
2025-10-18,2025-10-19,I2,Mantova,Sudtirol,draw,draw,3.31,10.0,True,23.1,"league|outcome|odds_bucket=I2|draw|[2.8,3.5)",2025-10,2025-26
2025-10-19,2025-10-20,I2,Palermo,Modena,draw,draw,2.91,10.0,True,19.1,"league|outcome|odds_bucket=I2|draw|[2.8,3.5)",2025-10,2025-26
2025-10-19,2025-10-20,I2,Empoli,Venezia,draw,draw,2.98,10.0,True,19.8,"league|outcome|odds_bucket=I2|draw|[2.8,3.5)",2025-10,2025-26
2025-10-19,2025-10-20,I2,Catanzaro,Padova,draw,away,3.21,10.0,False,-10.0,"league|outcome|odds_bucket=I2|draw|[2.8,3.5)",2025-10,2025-26
2025-10-25,2025-10-26,I2,Avellino,Spezia,draw,away,3.04,10.0,False,-10.0,"league|outcome|odds_bucket=I2|draw|[2.8,3.5)",2025-10,2025-26
2025-10-25,2025-10-26,I2,Sudtirol,Cesena,draw,away,3.07,10.0,False,-10.0,"league|outcome|odds_bucket=I2|draw|[2.8,3.5)",2025-10,2025-26
2025-10-25,2025-10-26,I2,Carrarese,Venezia,draw,home,3.08,10.0,False,-10.0,"league|outcome|odds_bucket=I2|draw|[2.8,3.5)",2025-10,2025-26
2025-10-25,2025-10-26,I2,Sampdoria,Frosinone,draw,draw,3.21,10.0,True,22.1,"league|outcome|odds_bucket=I2|draw|[2.8,3.5)",2025-10,2025-26
2025-10-25,2025-10-26,I2,Catanzaro,Palermo,draw,home,3.23,10.0,False,-10.0,"league|outcome|odds_bucket=I2|draw|[2.8,3.5)",2025-10,2025-26
2025-10-25,2025-10-26,I2,Virtus Entella,Pescara,draw,draw,3.48,10.0,True,24.8,"league|outcome|odds_bucket=I2|draw|[2.8,3.5)",2025-10,2025-26
2025-10-26,2025-10-27,I2,Padova,Juve Stabia,draw,draw,2.93,10.0,True,19.3,"league|outcome|odds_bucket=I2|draw|[2.8,3.5)",2025-10,2025-26
2025-10-26,2025-10-27,I2,Bari,Mantova,draw,home,3.25,10.0,False,-10.0,"league|outcome|odds_bucket=I2|draw|[2.8,3.5)",2025-10,2025-26
