test_month,candidate_id,source_file,source_row,date,league,home_team,away_team,outcome,probability,conservative_probability,odds,raw_odds,conservative_ev_pct,reference_dispersion,reference_bookmakers,execution_cost_rate,execution_bookmaker,odds_band,source_type,implied_probability,price_ratio,probability_uncertainty,relative_dispersion,log_odds,probability_squared,odds_probability_interaction,reference_depth_inverse,raw_net_odds_gap_pct,outcome_odds_band,outcome_source_type,source_odds_band,direct_predicted_clv_pct,direct_lower_clv_pct,predicted_positive_clv_probability,direct_staking_probability,direct_unshrunk_market_staking_probability,direct_market_staking_probability,direct_market_calibration_weight,direct_market_logistic_staking_probability,direct_validated_market_residual_staking_probability,outcome_probability_weight,staking_probability_profile,decision_frozen_before_closing_and_result,movement_predicted_clv_pct,movement_lower_clv_pct,movement_staking_probability,movement_market_staking_probability,movement_market_logistic_staking_probability,movement_validated_market_residual_staking_probability,movement_unshrunk_market_staking_probability,movement_market_calibration_weight,predicted_closing_edge_pct,model_disagreement_pct,lower_closing_edge_pct,staking_probability,minimum_lower_clv_staking_probability,peer_positive_clv_probability,local_positive_clv_probability,stake_multiplier,stake,stake_policy,actual_outcome,closing_edge_pct,positive_clv,closing_probability,closing_fair_odds,won,profit
2022-03,data\historical_csv\football-data\2122\I2.csv:274,data\historical_csv\football-data\2122\I2.csv,274,2022-03-05,I2,Parma,Reggina,home,0.5693915641277388,0.5562253432573707,1.882,1.9,4.681609601037162,0.0111662208703681,5,0.0,WH,1.5-2.0,sportsbook,0.5313496280552604,1.0715949236884044,0.0131662208703681,0.0196107943528701,0.6323350411631878,0.3242067532998329,0.3600462381406856,0.2,0.9564293304994642,home:1.5-2.0,home:sportsbook,sportsbook:1.5-2.0,6.987709351661598,4.967899735182959,0.8092409876217624,0.5577465448203134,0.5815054976664074,0.5604606144015055,0.1142335522433758,,,0.0,lower_clv,True,7.583374897935946,5.5615674324714925,0.5609009959217401,0.5620910751142633,,,0.5815054976664074,0.0577582126115294,7.285542124798772,0.5956655462743479,4.967899735182959,0.5577465448203134,0.5577465448203134,0.8092409876217624,0.8092409876217624,1.05,3.7,model_agreement_0.625_kelly,draw,17.666299931581374,True,0.6252194470328447,1.599438412777757,False,-3.7
2022-03,data\historical_csv\football-data\2122\SP2.csv:342,data\historical_csv\football-data\2122\SP2.csv,342,2022-03-13,SP2,Oviedo,Valladolid,away,0.3898485744784831,0.3784821604571512,2.8424,2.88,7.579769288340654,0.0093664140213319,5,0.0,WH,2.0-3.0,sportsbook,0.3518153672952435,1.1081055880976405,0.0113664140213319,0.0240257747097364,1.04464876572468,0.1519819110229054,0.4072548321484734,0.2,1.3228257810301347,away:2.0-3.0,away:sportsbook,sportsbook:2.0-3.0,6.996542775466446,4.976733158987807,0.7981687475646528,0.3693242793378407,0.3840056088833416,0.3710013797634788,0.1142335522433758,,,0.0,lower_clv,True,8.157134217455031,5.103581858349715,0.3697705525554099,0.3705927439653357,,,0.3840056088833416,0.0577582126115294,7.576838496460739,1.1605914419885845,4.976733158987807,0.3693242793378407,0.3693242793378407,0.7981687475646528,0.7981687475646528,1.05,1.77,model_agreement_0.625_kelly,home,12.73410782980051,True,0.3966159155284285,2.521330992649795,False,-1.77
2022-03,data\historical_csv\football-data\2122\I2.csv:295,data\historical_csv\football-data\2122\I2.csv,295,2022-03-15,I2,Crotone,Frosinone,home,0.2980209107857554,0.2764918053676389,3.744,3.8,3.5185319296439976,0.0195291054181164,5,0.0,WH,3.0-4.0,sportsbook,0.2670940170940171,1.115790289981868,0.0215291054181164,0.0655293125795316,1.3201545586153456,0.0888164632655711,0.3934336639365122,0.2,1.4957264957264904,home:3.0-4.0,home:sportsbook,sportsbook:3.0-4.0,7.661312928621475,5.641503312142836,0.8409323635333484,0.2821621349149114,0.2843292880943487,0.282409696520854,0.1142335522433758,,,0.0,lower_clv,True,8.595432182698627,4.573302984665162,0.2793090357496399,0.2795989965519291,,,0.2843292880943487,0.0577582126115294,8.12837255566005,0.9341192540771512,4.573302984665162,0.2793090357496399,0.2793090357496399,0.8409323635333484,0.8409323635333484,1.05,1.09,model_agreement_0.625_kelly,home,17.183185744017226,True,0.3129892781624392,3.194997623787634,True,2.99
2022-03,data\historical_csv\football-data\2122\I2.csv:292,data\historical_csv\football-data\2122\I2.csv,292,2022-03-15,I2,Cittadella,Reggina,home,0.5396805484843955,0.5319979241675219,1.931,1.95,2.728799156748485,0.0056826243168735,5,0.0,WH,1.5-2.0,sportsbook,0.5178663904712584,1.0421231391233678,0.0076826243168736,0.0105296074369037,0.6580380034463774,0.291255094412418,0.3551303106235175,0.2,0.9839461418953864,home:1.5-2.0,home:sportsbook,sportsbook:1.5-2.0,5.027576382593232,3.007766766114593,0.7098101282075762,0.5334426036567301,0.5489345673535466,0.535212305701043,0.1142335522433758,,,0.0,lower_clv,True,5.245587858285949,3.1711403472275634,0.5342886605242235,0.5351345819247603,,,0.5489345673535466,0.0577582126115294,5.1365821204395905,0.21801147569271784,3.007766766114593,0.5334426036567301,0.5334426036567301,0.7098101282075762,0.7098101282075762,1.0,2.02,model_agreement_0.625_kelly,draw,7.569675200405102,True,0.5570671942019942,1.7951155810431676,False,-2.02
2022-03,data\historical_csv\football-data\2122\E1.csv:450,data\historical_csv\football-data\2122\E1.csv,450,2022-03-19,E1,Bristol City,West Brom,away,0.4640458126677398,0.4505516085471336,2.4210000000000003,2.45,9.07854442926106,0.0114942041206062,5,0.0,IW,2.0-3.0,sportsbook,0.413052457662123,1.1234549124685984,0.0134942041206062,0.0247695460379818,0.8841806779559216,0.2153385162544631,0.4103003412471688,0.2,1.1978521272201448,away:2.0-3.0,away:sportsbook,sportsbook:2.0-3.0,7.022489137797647,5.002679521319008,0.8375548426876438,0.4337161483738909,0.4656324157412891,0.4373620569696182,0.1142335522433758,,,0.0,lower_clv,True,9.09540370479871,6.494555737801111,0.4398783797513469,0.441365886837659,,,0.4656324157412891,0.0577582126115294,8.058946421298177,2.072914567001062,5.002679521319008,0.4337161483738909,0.4337161483738909,0.8375548426876438,0.8375548426876438,1.05,2.31,model_agreement_0.625_kelly,draw,20.831584366779232,True,0.4990978288590632,2.003615207635742,False,-2.31
2022-03,data\historical_csv\football-data\2122\I1.csv:293,data\historical_csv\football-data\2122\I1.csv,293,2022-03-20,I1,Empoli,Verona,home,0.3590874588218956,0.3513918061975577,3.058,3.1,7.455614335213134,0.0056956526243379,5,0.0,BW,3.0-4.0,sportsbook,0.3270111183780249,1.0980894490773567,0.0076956526243379,0.0158614635081503,1.1177611075068703,0.1289438030831665,0.4013739956645898,0.2,1.373446697187708,home:3.0-4.0,home:sportsbook,sportsbook:3.0-4.0,8.190418043329323,6.170608426850684,0.8615077112240309,0.3471896940053979,0.3503808647135736,0.3475542327712079,0.1142335522433758,,,0.0,lower_clv,True,9.036343282844172,5.751174723125629,0.3458180991599923,0.3460816363429326,,,0.3503808647135736,0.0577582126115294,8.613380663086748,0.8459252395148482,5.751174723125629,0.3458180991599923,0.3458180991599923,0.8615077112240309,0.8615077112240309,1.05,1.83,model_agreement_0.625_kelly,draw,10.6028866762631,True,0.3616837366784274,2.7648464627788853,False,-1.83
2022-03,data\historical_csv\football-data\2122\SP2.csv:356,data\historical_csv\football-data\2122\SP2.csv,356,2022-03-26,SP2,Eibar,Lugo,home,0.5854352586387034,0.5744339290115107,1.784,1.8,2.479012935653513,0.0090013296271926,5,0.0,WH,1.5-2.0,sportsbook,0.5605381165919282,1.0444165014114468,0.0110013296271926,0.0153754484281031,0.5788580341578177,0.3427344420573655,0.3388839029422734,0.2,0.8968609865470878,home:1.5-2.0,home:sportsbook,sportsbook:1.5-2.0,5.311192463559803,3.2913828470811644,0.7274152261944772,0.5789875720127868,0.5990297819885544,0.5812770648531264,0.1142335522433758,,,0.0,lower_clv,True,5.338178557369355,3.4216511830927443,0.5797177756899817,0.5808332026557298,,,0.5990297819885544,0.0577582126115294,5.32468551046458,0.02698609380955208,3.2913828470811644,0.5789875720127868,0.5789875720127868,0.7274152261944772,0.7274152261944772,1.0,2.62,model_agreement_0.625_kelly,home,3.270400975102916,True,0.5788699606227742,1.727503702082166,True,2.05
2022-03,data\historical_csv\football-data\2122\SP2.csv:355,data\historical_csv\football-data\2122\SP2.csv,355,2022-03-26,SP2,Ibiza,Sociedad B,home,0.5433938829374321,0.5374648394779583,1.8918,1.91,1.6775983324401444,0.0039290434594737,5,0.0,WH,1.5-2.0,sportsbook,0.528597103287874,1.027992547741034,0.0059290434594737,0.0072305625492773,0.637528756796933,0.2952769120138196,0.3464292266401592,0.2,0.9620467279839228,home:1.5-2.0,home:sportsbook,sportsbook:1.5-2.0,4.170154679411887,2.150345062933248,0.6572357952553505,0.539963765001233,0.5530124371338895,0.5414543611710054,0.1142335522433758,,,0.0,lower_clv,True,4.115484020800286,2.0831485462170285,0.5396085661603607,0.5403827497898673,,,0.5530124371338895,0.0577582126115294,4.142819350106087,0.05467065861160059,2.0831485462170285,0.5396085661603607,0.5396085661603607,0.6572357952553505,0.6572357952553505,1.0,1.46,model_agreement_0.625_kelly,draw,-3.1481687807559,False,0.5119559743061851,1.9532929591362296,False,-1.46
2022-03,data\historical_csv\football-data\2122\SP2.csv:359,data\historical_csv\football-data\2122\SP2.csv,359,2022-03-27,SP2,Mirandes,Ponferradina,home,0.43005259638776,0.4143289447340609,2.519,2.55,4.369461178509937,0.0137236516536991,5,0.0,WH,2.0-3.0,sportsbook,0.3969829297340214,1.0833024903007675,0.0157236516536991,0.0319115656293472,0.9238619973704733,0.1849452356598536,0.3973092506731539,0.2,1.2306470821754625,home:2.0-3.0,home:sportsbook,sportsbook:2.0-3.0,6.24179308093682,4.221983464458182,0.7799018183963229,0.4137434833841135,0.4281759564773862,0.4153921560532149,0.1142335522433758,,,0.0,lower_clv,True,7.052731924449462,4.3466038662640205,0.4142382051062486,0.4150432247132694,,,0.4281759564773862,0.0577582126115294,6.647262502693142,0.8109388435126421,4.221983464458182,0.4137434833841135,0.4137434833841135,0.7799018183963229,0.7799018183963229,1.0398690911950972,1.81,model_agreement_0.625_kelly,home,14.202491532963668,True,0.4533643967168069,2.2057312114533945,True,2.75
2022-03,data\historical_csv\football-data\2122\SP2.csv:364,data\historical_csv\football-data\2122\SP2.csv,364,2022-03-28,SP2,Las Palmas,Leganes,home,0.4592355315878979,0.445238213120961,2.274,2.3,1.2471696637065488,0.0119973184669368,5,0.0,WH,2.0-3.0,sportsbook,0.4397537379067722,1.04430159883088,0.0139973184669368,0.0261245431629685,0.8215403953283443,0.2108972734728192,0.377280540169544,0.2,1.1433597185575906,home:2.0-3.0,home:sportsbook,sportsbook:2.0-3.0,3.642013554432952,1.6222039379543136,0.6529906891551829,0.4468874403603972,0.4603291221553308,0.4484229314199575,0.1142335522433758,,,0.0,lower_clv,True,3.8936905477022776,1.4507627174864537,0.4461335211850767,0.4469534337240651,,,0.4603291221553308,0.0577582126115294,3.7678520510676146,0.2516769932693257,1.4507627174864537,0.4461335211850767,0.4461335211850767,0.6529906891551829,0.6529906891551829,1.0,0.71,model_agreement_0.625_kelly,home,4.29248026053024,True,0.4586300803013643,2.1804064821542086,True,0.9
2022-04,data\historical_csv\football-data\2122\SP2.csv:380,data\historical_csv\football-data\2122\SP2.csv,380,2022-04-09,SP2,Las Palmas,Amorebieta,home,0.5975611521825509,0.5765138277172466,1.7644,1.78,1.7200997624309933,0.0190473244653043,5,0.0,WH,1.5-2.0,sportsbook,0.5667649059170257,1.0543368969108928,0.0210473244653043,0.0318751049925774,0.5678106892486476,0.3570793305977378,0.3393016096889902,0.2,0.8841532532305685,home:1.5-2.0,home:sportsbook,sportsbook:1.5-2.0,5.818524852495353,1.7138887342474307,0.7727996322062506,0.5764786257892055,0.6191376971463458,0.5968825459261853,0.4783020231771778,,,0.0,lower_clv,True,6.027632086085744,4.102484866905543,0.590016350413203,0.6004197232884801,,,0.6191376971463458,0.3572421622739422,5.923078469290548,0.20910723359039185,1.7138887342474307,0.5764786257892055,0.5764786257892055,0.7727996322062506,0.7727996322062506,1.030399509608334,1.44,model_agreement_0.625_kelly,home,3.473098868361957,True,0.5864492114507026,1.705177499559245,True,1.1
2022-04,data\historical_csv\football-data\2122\I2.csv:339,data\historical_csv\football-data\2122\I2.csv,339,2022-04-10,I2,Perugia,Pisa,home,0.3579563597658329,0.3489457540778616,3.058,3.1,6.707611597010077,0.0070106056879712,5,0.0,WH,3.0-4.0,sportsbook,0.3270111183780249,1.094630548163917,0.0090106056879712,0.0195850848761493,1.1177611075068703,0.1281327554968064,0.4001096971309851,0.2,1.373446697187708,home:3.0-4.0,home:sportsbook,sportsbook:3.0-4.0,9.415778258828915,5.311142140580993,0.8633567491688716,0.3443791436905853,0.3505076068196632,0.34731040000419,0.4783020231771778,,,0.0,lower_clv,True,10.07091109378928,6.734309304935815,0.3490330585511308,0.3495598293629587,,,0.3505076068196632,0.3572421622739422,9.743344676309096,0.655132834960364,5.311142140580993,0.3443791436905853,0.3443791436905853,0.8633567491688716,0.8633567491688716,1.05,1.69,model_agreement_0.625_kelly,draw,16.38110930800387,True,0.3805791671288551,2.627574198409614,False,-1.69
2022-04,data\historical_csv\football-data\2122\I2.csv:338,data\historical_csv\football-data\2122\I2.csv,338,2022-04-10,I2,Crotone,Ternana,home,0.3838945520637903,0.3748577965368875,2.8424,2.88,6.549580087644902,0.0070367555269027,5,0.0,WH,2.0-3.0,sportsbook,0.3518153672952435,1.0911818747861175,0.0090367555269028,0.0183299176533599,1.04464876572468,0.1473750271042582,0.4010349699818675,0.2,1.3228257810301347,home:2.0-3.0,home:sportsbook,sportsbook:2.0-3.0,9.161907346114589,5.057271227866667,0.8515146017250297,0.3696076246406793,0.3795083684228868,0.374343170422668,0.4783020231771778,,,0.0,lower_clv,True,9.876493587490565,6.775134226915958,0.3756513306604136,0.3770292271706518,,,0.3795083684228868,0.3572421622739422,9.519200466802577,0.7145862413759758,5.057271227866667,0.3696076246406793,0.3696076246406793,0.8515146017250297,0.8515146017250297,1.05,1.8,model_agreement_0.625_kelly,away,22.94607911982307,True,0.4325431998305062,2.311907805721727,False,-1.8
2022-04,data\historical_csv\football-data\2122\I2.csv:336,data\historical_csv\football-data\2122\I2.csv,336,2022-04-10,I2,Ascoli,Reggina,home,0.4596956825843141,0.4471964030731303,2.274,2.3,1.6924620588298245,0.0104992795111837,5,0.0,WH,2.0-3.0,sportsbook,0.4397537379067722,1.0453479821967302,0.0124992795111837,0.0228396304532577,0.8215403953283443,0.2113201205866584,0.3776585728010505,0.2,1.1433597185575906,home:2.0-3.0,home:sportsbook,sportsbook:2.0-3.0,5.396157978715092,1.29152186046717,0.7085759024336533,0.4454332535640596,0.4648090881278202,0.4547007544366526,0.4783020231771778,,,0.0,lower_clv,True,5.17298173153351,2.6918069546032264,0.4515910596068743,0.4563130966966957,,,0.4648090881278202,0.3572421622739422,5.284569855124301,0.22317624718158147,1.29152186046717,0.4454332535640596,0.4454332535640596,0.7085759024336533,0.7085759024336533,1.0,0.63,model_agreement_0.625_kelly,home,24.440500826705257,True,0.5472317538553442,1.8273793378304963,True,0.8
2022-04,data\historical_csv\football-data\2122\SP2.csv:409,data\historical_csv\football-data\2122\SP2.csv,409,2022-04-29,SP2,Las Palmas,Malaga,home,0.5890645570319245,0.5829845136878523,1.833,1.85,6.861061358983345,0.0040800433440721,5,0.0,WH,1.5-2.0,sportsbook,0.5455537370430987,1.0797553330395178,0.0060800433440721,0.0069263093414242,0.605953968857568,0.3469970523512174,0.3569460062468199,0.2,0.9274413529732684,home:1.5-2.0,home:sportsbook,sportsbook:1.5-2.0,10.909116892097444,6.804480773849522,0.8755906829127009,0.5826758361912139,0.6097470949004293,0.5956240740017844,0.4783020231771778,,,0.0,lower_clv,True,10.524331151062484,8.524334068338991,0.59205856011096,0.598377650526608,,,0.6097470949004293,0.3572421622739422,10.716724021579964,0.38478574103496044,6.804480773849522,0.5826758361912139,0.5826758361912139,0.8755906829127009,0.8755906829127009,1.05,5.36,model_agreement_0.625_kelly,home,0.7328970236230692,True,0.549552084144152,1.819663738619708,True,4.46
2022-04,data\historical_csv\football-data\2122\SP2.csv:410,data\historical_csv\football-data\2122\SP2.csv,410,2022-04-30,SP2,Oviedo,Mirandes,home,0.5605589059670222,0.5449196905116134,2.029,2.05,10.564205204806342,0.0136392154554087,5,0.0,WH,2.0-3.0,sportsbook,0.4928536224741252,1.137374020207088,0.0156392154554088,0.024331457961371,0.7075430608436777,0.3142262870589448,0.3966195641110902,0.2,1.0349926071956617,home:2.0-3.0,home:sportsbook,sportsbook:2.0-3.0,13.864723281816511,9.760087163568588,0.9431426124327256,0.5409565656164051,0.5780842248163741,0.558714800127583,0.4783020231771778,,,0.0,lower_clv,True,14.346257628798554,12.13240379309426,0.5526486140615784,0.56173528664638,,,0.5780842248163741,0.3572421622739422,14.105490455307532,0.481534346982043,9.760087163568588,0.5409565656164051,0.5409565656164051,0.9431426124327256,0.9431426124327256,1.05,6.22,model_agreement_0.625_kelly,home,-7.305703356834536,False,0.4568471988327524,2.188915686809521,True,6.4
2022-04,data\historical_csv\football-data\2122\SP2.csv:412,data\historical_csv\football-data\2122\SP2.csv,412,2022-04-30,SP2,Burgos,Almeria,away,0.4712492436083678,0.4639550268583929,2.274,2.3,5.5033731075985415,0.0052942167499749,5,0.0,WH,2.0-3.0,sportsbook,0.4397537379067722,1.0716207799654285,0.0072942167499749,0.0112344302336423,0.8215403953283443,0.2220758496014588,0.3871502898922017,0.2,1.1433597185575906,away:2.0-3.0,away:sportsbook,sportsbook:2.0-3.0,7.1545644005176925,3.04992828226977,0.7606785521521904,0.4531659115315293,0.4778342119170988,0.4649648095142896,0.4783020231771778,,,0.0,lower_clv,True,7.25340750278054,4.772232725850256,0.4607398097003089,0.4668466509110154,,,0.4778342119170988,0.3572421622739422,7.203985951649116,0.09884310226284754,3.04992828226977,0.4531659115315293,0.4531659115315293,0.7606785521521904,0.7606785521521904,1.0142380695362538,1.52,model_agreement_0.625_kelly,away,11.378316675729996,True,0.4897903107991644,2.0416900415370693,True,1.94
2022-05,data\historical_csv\football-data\2122\SP2.csv:413,data\historical_csv\football-data\2122\SP2.csv,413,2022-05-01,SP2,Amorebieta,Fuenlabrada,home,0.4976514291514918,0.4874889311195417,2.176,2.2,6.077591411612282,0.00816249803195,5,0.0,WH,2.0-3.0,sportsbook,0.4595588235294117,1.0828895098336462,0.01016249803195,0.016402038764095,0.7774883289936962,0.2476569449365222,0.3869181780723181,0.2,1.1029411764705843,home:2.0-3.0,home:sportsbook,sportsbook:2.0-3.0,9.141312217772915,6.993451573840835,0.8386861652290302,0.4916978473062538,0.5148634700097158,0.5109524328366339,0.8311706435373597,,,0.0,lower_clv,True,8.738453165068293,6.282719351825561,0.4884316146683159,0.5098089348411113,,,0.5148634700097158,0.8087710793162676,8.939882691420603,0.4028590527046223,6.282719351825561,0.4884316146683159,0.4884316146683159,0.8386861652290302,0.8386861652290302,1.05,3.51,model_agreement_0.625_kelly,home,26.47855171342661,True,0.581243344271262,1.7204498079092108,True,4.13
2022-05,data\historical_csv\football-data\2122\SP2.csv:422,data\historical_csv\football-data\2122\SP2.csv,422,2022-05-07,SP2,Huesca,Sp Gijon,away,0.2965403624382208,0.2894111037891269,3.744,3.8,8.355517258649115,0.0051292586490938,5,0.0,WH,3.0-4.0,sportsbook,0.2670940170940171,1.1102471169686985,0.0071292586490938,0.0172969999999997,1.3201545586153456,0.0879361865549913,0.391479111286264,0.2,1.4957264957264904,away:3.0-4.0,away:sportsbook,sportsbook:3.0-4.0,8.667931996641409,6.520071352709328,0.8269665036538808,0.2845087375873646,0.2859547894198757,0.2857106534195812,0.8311706435373597,,,0.0,lower_clv,True,9.453163188494296,5.227856480414883,0.2810573089754671,0.2850182495204217,,,0.2859547894198757,0.8087710793162676,9.060547592567852,0.7852311918528869,5.227856480414883,0.2810573089754671,0.2810573089754671,0.8269665036538808,0.8269665036538808,1.05,1.25,model_agreement_0.625_kelly,draw,5.727236984403494,True,0.2823911244241546,3.5411877835720813,False,-1.25
2022-05,data\historical_csv\football-data\2122\SP2.csv:452,data\historical_csv\football-data\2122\SP2.csv,452,2022-05-21,SP2,Ponferradina,Leganes,home,0.6233498811187735,0.6195013967297761,1.7644,1.78,9.3048264390017,0.0018484843889974,5,0.0,WH,1.5-2.0,sportsbook,0.5667649059170257,1.099838530245964,0.0038484843889974,0.0029654042536749,0.5678106892486476,0.3885650742907891,0.3539447256411133,0.2,0.8841532532305685,home:1.5-2.0,home:sportsbook,sportsbook:1.5-2.0,13.207459318454257,11.059598674522174,0.921854947095158,0.6294468299394819,0.6558425940522066,0.6513862141837156,0.8311706435373597,,,0.0,lower_clv,True,12.03044955155834,10.03922862321025,0.6236637305781583,0.6496890647212351,,,0.6558425940522066,0.8087710793162676,12.618954435006298,1.1770097668959174,10.03922862321025,0.6236637305781583,0.6236637305781583,0.921854947095158,0.921854947095158,1.05,8.62,model_agreement_0.625_kelly,away,-2.965467235921804,False,0.5499576783273532,1.8183217353040877,False,-8.62
2022-05,data\historical_csv\football-data\2122\SP2.csv:443,data\historical_csv\football-data\2122\SP2.csv,443,2022-05-21,SP2,Cartagena,Amorebieta,away,0.4102114589026323,0.3979339424616097,2.715,2.75,8.039065378327015,0.0102775164410225,5,0.0,WH,2.0-3.0,sportsbook,0.3683241252302026,1.1137241109206466,0.0122775164410225,0.0250541914858162,0.9987919533858988,0.1682734410150259,0.4097159043386393,0.2,1.2891344383057168,away:2.0-3.0,away:sportsbook,sportsbook:2.0-3.0,9.276748445762536,7.128887801830455,0.8481999201363846,0.3945815388649372,0.4148472044120969,0.4114257651394828,0.8311706435373597,,,0.0,lower_clv,True,9.682411229576848,6.618386733733983,0.39270124027158,0.4106122555920052,,,0.4148472044120969,0.8087710793162676,9.479579837669693,0.40566278381431253,6.618386733733983,0.39270124027158,0.39270124027158,0.8481999201363846,0.8481999201363846,1.05,2.53,model_agreement_0.625_kelly,home,-6.614842623350126,False,0.3439600640023936,2.9073142630681708,False,-2.53
2022-05,data\historical_csv\football-data\2122\SP2.csv:448,data\historical_csv\football-data\2122\SP2.csv,448,2022-05-21,SP2,Eibar,Tenerife,home,0.5038581329409396,0.4934907487140482,2.127,2.15,4.965482251478059,0.0083673842268913,5,0.0,WH,2.0-3.0,sportsbook,0.4701457451810061,1.0717062487653786,0.0103673842268913,0.0166066273021183,0.7547125362181001,0.2538730181307296,0.3802680494059732,0.2,1.0813352139163124,home:2.0-3.0,home:sportsbook,sportsbook:2.0-3.0,8.169484539633274,6.021623895701193,0.8087726296777501,0.4984561537174481,0.5219333689964676,0.5179697258493758,0.8311706435373597,,,0.0,lower_clv,True,7.6801585015654705,5.279723841286388,0.4949681421781213,0.5167768377760033,,,0.5219333689964676,0.8087710793162676,7.924821520599372,0.4893260380678033,5.279723841286388,0.4949681421781213,0.4949681421781213,0.8087726296777501,0.8087726296777501,1.05,3.07,model_agreement_0.625_kelly,home,0.3090589544183952,True,0.4715987727053051,2.120446570001752,True,3.46
2022-08,data\historical_csv\football-data\2223\I2.csv:11,data\historical_csv\football-data\2223\I2.csv,11,2022-08-14,I2,Venezia,Genoa,away,0.4250808965334687,0.4171085909118953,2.6660000000000004,2.7,11.20115033711131,0.0059723056215734,5,0.0,WH,2.0-3.0,sportsbook,0.3750937734433608,1.1332656701582278,0.0079723056215734,0.014049809507502,0.980579221756517,0.1806937685976975,0.4168254947063513,0.2,1.275318829707417,away:2.0-3.0,away:sportsbook,sportsbook:2.0-3.0,11.643277540375198,6.982804636776413,0.8934273826406928,0.4012858388476233,0.4291810510970688,0.4285666191091956,0.9779735682819384,,,0.0,lower_clv,True,11.836278115396404,8.620726980965966,0.4074295835745159,0.4287019438829156,,,0.4291810510970688,0.9779735682819384,11.739777827885801,0.19300057502120538,6.982804636776413,0.4012858388476233,0.4012858388476233,0.8934273826406928,0.8934273826406928,1.05,2.75,model_agreement_0.625_kelly,away,29.635559450263,True,0.4862549116664027,2.056534496634667,True,4.58
2022-08,data\historical_csv\football-data\2223\I2.csv:29,data\historical_csv\football-data\2223\I2.csv,29,2022-08-28,I2,Pisa,Genoa,away,0.4247787610619469,0.4172544014904518,2.519,2.55,5.106383735444808,0.0055243595714951,5,0.0,WH,2.0-3.0,sportsbook,0.3969829297340214,1.0700176991150443,0.0075243595714951,0.0130052631578947,0.9238619973704733,0.1804369958493225,0.3924369546352452,0.2,1.2306470821754625,away:2.0-3.0,away:sportsbook,sportsbook:2.0-3.0,6.502514238113507,1.8420413345147215,0.7304522051290416,0.4042955193906897,0.4288369566143254,0.4282963963230559,0.9779735682819384,,,0.0,lower_clv,True,6.311794387968206,3.273544835218667,0.4099783439270292,0.4284215686696713,,,0.4288369566143254,0.9779735682819384,6.407154313040857,0.19071985014530135,1.8420413345147215,0.4042955193906897,0.4042955193906897,0.7304522051290416,0.7304522051290416,1.0,0.76,model_agreement_0.625_kelly,away,24.54780387861122,True,0.4944335207566939,2.0225165932713742,True,1.15
2022-09,data\historical_csv\football-data\2223\E3.csv:102,data\historical_csv\football-data\2223\E3.csv,102,2022-09-17,E3,Gillingham,Mansfield,home,0.2699798435701823,0.2624979311775837,3.94,4.0,3.4241848839679623,0.0054819123925986,4,0.0,B365,3.0-4.0,sportsbook,0.2538071065989847,1.0637205836665182,0.0074819123925986,0.0203048950621885,1.3711807233098423,0.0728891159341801,0.3701911571856406,0.25,1.522842639593902,home:3.0-4.0,home:sportsbook,sportsbook:3.0-4.0,5.7013679280322656,3.3261936712899685,0.7555803059543706,0.2622492225159644,0.2535044566169744,0.2537037448097499,0.9772105742935278,,,0.0,lower_clv,True,6.365872317173005,3.928817905185822,0.2637787256476797,0.2537386013077379,,,0.2535044566169744,0.9772105742935278,6.033620122602635,0.6645043891407392,3.3261936712899685,0.2622492225159644,0.2622492225159644,0.7555803059543706,0.7555803059543706,0.5037202039695804,0.36,model_agreement_0.625_kelly,away,10.618408910178578,True,0.2807573830207578,3.561794134283069,False,-0.36
2022-09,data\historical_csv\football-data\2223\SP2.csv:71,data\historical_csv\football-data\2223\SP2.csv,71,2022-09-24,SP2,Malaga,Villarreal B,home,0.4248766561540922,0.4120140408054376,2.5876,2.62,6.612753198815047,0.0108626153486546,5,0.0,WH,2.0-3.0,sportsbook,0.3864584943577059,1.0994108354643293,0.0128626153486546,0.0255665148727658,0.9507308051876934,0.1805201729446827,0.4039433254108349,0.2,1.2521255217189609,home:2.0-3.0,home:sportsbook,sportsbook:2.0-3.0,9.546907870587331,7.171733613845036,0.8535858723967864,0.414174268101117,0.4259612837424488,0.4256926644251896,0.9772105742935278,,,0.0,lower_clv,True,9.210939621384084,7.6104010436028435,0.4158695356453966,0.4257312985989426,,,0.4259612837424488,0.9772105742935278,9.378923745985707,0.33596824920324764,7.171733613845036,0.414174268101117,0.414174268101117,0.8535858723967864,0.8535858723967864,1.05,2.96,model_agreement_0.625_kelly,draw,19.410009841378084,True,0.4614701261453782,2.166987510877285,False,-2.96
2022-09,data\historical_csv\football-data\2223\SP2.csv:73,data\historical_csv\football-data\2223\SP2.csv,73,2022-09-25,SP2,Burgos,Levante,away,0.4169265033407572,0.410223186946647,2.568,2.6,5.34531440789896,0.0047033163941102,5,0.0,WH,2.0-3.0,sportsbook,0.3894080996884735,1.0706672605790646,0.0067033163941102,0.011280924470916,0.9431273858277148,0.1738277091879504,0.3932148031780583,0.2,1.2461059190031154,away:2.0-3.0,away:sportsbook,sportsbook:2.0-3.0,6.468623377096951,4.093449120354654,0.7522215379988139,0.4053483221197611,0.4169770327855815,0.4167120211478007,0.9772105742935278,,,0.0,lower_clv,True,5.90297436381948,4.314559203925295,0.4062093426944131,0.4167316433122185,,,0.4169770327855815,0.9772105742935278,6.185798870458216,0.5656490132774712,4.093449120354654,0.4053483221197611,0.4053483221197611,0.7522215379988139,0.7522215379988139,1.0029620506650851,1.64,model_agreement_0.625_kelly,draw,3.863061648379551,True,0.4044511746432225,2.4724863288680705,False,-1.64
2022-10,data\historical_csv\football-data\2223\T1.csv:92,data\historical_csv\football-data\2223\T1.csv,92,2022-10-21,T1,Antalyaspor,Istanbulspor,home,0.5424024404823852,0.5382719030360479,2.0780000000000003,2.1,11.852901450890773,0.0021305374463372,5,0.0,VC,2.0-3.0,sportsbook,0.4812319538017324,1.1271122713223964,0.0041305374463372,0.0039279643440439,0.7314058926770358,0.2942004074412473,0.3967163411712217,0.2,1.0587102983637964,home:2.0-3.0,home:sportsbook,sportsbook:2.0-3.0,10.644818145591811,8.272729076762259,0.8866144796298034,0.5210429695705594,0.5510068905968429,0.5362234248950799,0.5066244605038396,,,0.0,lower_clv,True,11.188071269886857,9.883646458697282,0.528795218761777,0.5415666530429196,,,0.5510068905968429,0.5749875279977872,10.916444707739334,0.5432531242950454,8.272729076762259,0.5210429695705594,0.5210429695705594,0.8866144796298034,0.8866144796298034,1.05,5.04,model_agreement_0.625_kelly,home,13.01538114565053,True,0.5438661267836887,1.838687777659168,True,5.43
2022-11,data\historical_csv\football-data\2223\F2.csv:139,data\historical_csv\football-data\2223\F2.csv,139,2022-11-05,F2,Rodez,Grenoble,draw,0.3229155559962662,0.3151170358523165,3.205,3.25,0.9950099906674614,0.0057985201439496,5,0.0,B365,3.0-4.0,sportsbook,0.31201248049922,1.0349443569680334,0.0077985201439497,0.0179567693047799,1.1647120903726331,0.1042744563043777,0.3761036522382524,0.2,1.4040561622464809,draw:3.0-4.0,draw:sportsbook,sportsbook:3.0-4.0,3.0851934792067293,3.0851934792067293,0.5716774794134535,0.321638669201893,0.3155289157617243,0.3156688551442294,0.9770957398076042,,,0.0,lower_clv,True,3.183837618227181,3.183837618227181,0.3219464512269179,0.315675904663813,,,0.3155289157617243,0.9770957398076042,3.134515548716955,0.09864413902045177,3.0851934792067293,0.321638669201893,0.321638669201893,0.5716774794134535,0.5716774794134535,1.0,0.87,model_agreement_0.625_kelly,away,7.867541326377236,True,0.3365601913459508,2.9712367229197887,False,-0.87
2022-11,data\historical_csv\football-data\2223\F2.csv:140,data\historical_csv\football-data\2223\F2.csv,140,2022-11-05,F2,Valenciennes,Caen,draw,0.3162765222865135,0.3110664766125762,3.254,3.3,1.221031489732316,0.0032100456739372,5,0.0,B365,3.0-4.0,sportsbook,0.3073140749846343,1.0291638035203148,0.0052100456739372,0.0101494908655573,1.179885008796846,0.1000308385496514,0.3731699272802588,0.2,1.41364474492931,draw:3.0-4.0,draw:sportsbook,sportsbook:3.0-4.0,2.6960680434110094,2.6960680434110094,0.5556008664061428,0.3155994715531992,0.3081116100377025,0.3082831139661381,0.9770957398076042,,,0.0,lower_clv,True,2.711811201911263,2.711811201911263,0.3156478524951175,0.3082842220958201,,,0.3081116100377025,0.9770957398076042,2.703939622661136,0.01574315850025343,2.6960680434110094,0.3155994715531992,0.3155994715531992,0.5556008664061428,0.5556008664061428,1.0,0.75,model_agreement_0.625_kelly,draw,-1.906541302284692,False,0.3014550052173181,3.3172446391430874,True,1.69
2022-11,data\historical_csv\football-data\2223\G1.csv:77,data\historical_csv\football-data\2223\G1.csv,77,2022-11-06,G1,Panathinaikos,Olympiakos,home,0.4259662630646156,0.4170147100713783,2.4210000000000003,2.45,0.9592613082807012,0.0069515529932373,5,0.0,IW,2.0-3.0,sportsbook,0.413052457662123,1.0312643228794347,0.0089515529932373,0.0163194919316482,0.8841806779559216,0.1814472572692333,0.3766311392628223,0.2,1.1978521272201448,home:2.0-3.0,home:sportsbook,sportsbook:2.0-3.0,1.6240028634571035,1.6240028634571035,0.5852190863715175,0.4197604414021358,0.4319511349195163,0.4316719161032685,0.9770957398076042,,,0.0,lower_clv,True,2.1187114590184963,2.1187114590184963,0.421803847414368,0.4317187188062514,,,0.4319511349195163,0.9770957398076042,1.8713571612378,0.4947085955613928,1.6240028634571035,0.4197604414021358,0.4197604414021358,0.5852190863715175,0.5852190863715175,1.0,0.71,model_agreement_0.625_kelly,draw,3.266293038382217,True,0.4265439613316076,2.3444242344403303,False,-0.71
2022-11,data\historical_csv\football-data\2223\I2.csv:122,data\historical_csv\football-data\2223\I2.csv,122,2022-11-11,I2,Ascoli,Frosinone,home,0.3092074609008986,0.3011984754290649,3.352,3.4,0.9617289638225834,0.0060089854718336,5,0.0,WH,3.0-4.0,sportsbook,0.2983293556085919,1.036463408939812,0.0080089854718336,0.0194335073750356,1.2095571826198366,0.0956092538767807,0.3740041052523242,0.2,1.4319809069212486,home:3.0-4.0,home:sportsbook,sportsbook:3.0-4.0,4.680112453301505,4.680112453301505,0.6713507050047889,0.3122915049322837,0.3002306566154267,0.3005069014234169,0.9770957398076042,,,0.0,lower_clv,True,5.137121320782323,5.137121320782323,0.3136548965417134,0.3005381288995835,,,0.3002306566154267,0.9770957398076042,4.908616887041914,0.4570088674808179,4.680112453301505,0.3122915049322837,0.3122915049322837,0.6713507050047889,0.6713507050047889,1.0,1.24,model_agreement_0.625_kelly,away,-3.7276031470902415,False,0.287208821160232,3.481787209600036,False,-1.24
2023-01,data\historical_csv\football-data\2223\I2.csv:199,data\historical_csv\football-data\2223\I2.csv,199,2023-01-15,I2,Cosenza,Benevento,home,0.2795641929546222,0.2701680166486572,3.8518,3.91,4.063316652729765,0.0073961763059649,5,0.0,PS,3.0-4.0,sportsbook,0.2596188794849161,1.0768253584226135,0.009396176305965,0.0264560930632683,1.3485405715079748,0.0781561379823692,0.3770036565401919,0.2,1.5109818786022131,home:3.0-4.0,home:sportsbook,sportsbook:3.0-4.0,4.74323322675518,4.74323322675518,0.7213746004668496,0.2719332084395742,0.2717117261972417,0.2717556846879135,0.8015258911553136,,,0.0,lower_clv,True,4.971357871028981,4.971357871028981,0.2725254630848667,0.2718419408943242,,,0.2717117261972417,0.8399793605737145,4.857295548892081,0.22812464427380075,4.74323322675518,0.2719332084395742,0.2719332084395742,0.7213746004668496,0.7213746004668496,1.0,1.04,model_agreement_0.625_kelly,draw,8.32489472904916,True,0.2812318778987724,3.555784669474573,False,-1.04
2023-02,data\historical_csv\football-data\2223\I2.csv:242,data\historical_csv\football-data\2223\I2.csv,242,2023-02-17,I2,Pisa,Venezia,away,0.2839855673002867,0.2771865331353201,3.646,3.7,1.0622099811377297,0.0047990341649665,5,0.0,WH,3.0-4.0,sportsbook,0.274273176083379,1.0354113783768455,0.0067990341649665,0.0168988664127852,1.293630676256471,0.0806478024348656,0.3673724414737476,0.2,1.4810751508502529,away:3.0-4.0,away:sportsbook,sportsbook:3.0-4.0,2.993485645918593,2.993485645918593,0.6401373627401465,0.28248350424004,0.2749015908587479,0.2778814534472806,0.6069774951682606,,,0.0,lower_clv,True,4.533258145708752,2.5374784436535736,0.2812327988032188,0.27623361281923,,,0.2749015908587479,0.7896101388289817,3.7633718958136724,1.5397724997901587,2.5374784436535736,0.2812327988032188,0.2812327988032188,0.6401373627401465,0.6401373627401465,1.0,0.6,model_agreement_0.625_kelly,draw,-0.752318601732227,False,0.272209767960142,3.6736374579564086,False,-0.6
2023-02,data\historical_csv\football-data\2223\E3.csv:373,data\historical_csv\football-data\2223\E3.csv,373,2023-02-21,E3,Grimsby,Harrogate,home,0.5385975187269482,0.5244919841641833,1.931,1.95,1.2794021421038029,0.0121055345627648,5,0.0,IW,1.5-2.0,sportsbook,0.5178663904712584,1.0400318086617368,0.0141055345627648,0.0224760310656053,0.6580380034463774,0.2900872871788252,0.3544176358842538,0.2,0.9839461418953864,home:1.5-2.0,home:sportsbook,sportsbook:1.5-2.0,2.085110016510681,2.085110016510681,0.5901602331891354,0.528664474451117,0.5781236175319622,0.558685061231497,0.6069774951682606,,,0.0,lower_clv,True,2.4578541014110837,1.4008462559177648,0.5251209024128315,0.5669723836563613,,,0.5781236175319622,0.7896101388289817,2.271482058960882,0.3727440849004027,1.4008462559177648,0.5251209024128315,0.5251209024128315,0.5901602331891354,0.5901602331891354,1.0,0.94,model_agreement_0.625_kelly,draw,2.436911214306847,True,0.5304863346157785,1.8850626957700645,False,-0.94
2023-02,data\historical_csv\football-data\2223\F2.csv:250,data\historical_csv\football-data\2223\F2.csv,250,2023-02-27,F2,Amiens,Bordeaux,draw,0.3014033106072671,0.2862114530580802,3.45,3.5,-1.257048694962326,0.0131918575491869,4,0.0,B365,3.0-4.0,sportsbook,0.2898550724637681,1.0398414215950715,0.0151918575491868,0.0437681242538708,1.2383742310432684,0.0908439556450207,0.3732500930071697,0.25,1.4492753623188248,draw:3.0-4.0,draw:sportsbook,sportsbook:3.0-4.0,4.510341794578506,4.510341794578506,0.6306805488534697,0.3029285269408072,0.2953121798917898,0.2983055756866625,0.6069774951682606,,,0.0,lower_clv,True,4.626994009822449,2.7385025199457624,0.297792760927379,0.2958340689914909,,,0.2953121798917898,0.7896101388289817,4.5686679022004775,0.11665221524394376,2.7385025199457624,0.297792760927379,0.297792760927379,0.6306805488534697,0.6306805488534697,0.5,0.35,model_agreement_0.625_kelly,away,-1.1099887166424738,False,0.2866377138648044,3.4887244477244894,False,-0.35
2023-03,data\historical_csv\football-data\2223\B1.csv:265,data\historical_csv\football-data\2223\B1.csv,265,2023-03-18,B1,Oostende,Westerlo,draw,0.2728724599814847,0.2671706596113712,3.8126,3.87,1.861485683431385,0.0037018003701134,4,0.0,PS,3.0-4.0,sportsbook,0.2622882022766616,1.0403535409254083,0.0057018003701134,0.0135660460948117,1.3383113710977392,0.0744593794163469,0.3651883160526337,0.25,1.5055342810680328,draw:3.0-4.0,draw:sportsbook,sportsbook:3.0-4.0,2.696515857215486,2.696515857215486,0.5853805290265189,0.2693608452426572,0.2658211325581689,0.2685532939026813,0.2281403639099607,,,0.0,lower_clv,True,2.884505791820957,2.884505791820957,0.2698539206625949,0.2688246841219135,,,0.2658211325581689,0.2552171138255033,2.7905108245182215,0.1879899346054712,2.696515857215486,0.2693608452426572,0.2693608452426572,0.5853805290265189,0.5853805290265189,0.5,0.3,model_agreement_0.625_kelly,away,0.4871155184890563,True,0.2635658488131172,3.794118261160062,False,-0.3
2023-03,data\historical_csv\football-data\2223\SP2.csv:362,data\historical_csv\football-data\2223\SP2.csv,362,2023-03-26,SP2,Villarreal B,Huesca,away,0.310317453747539,0.3020586956541224,3.548,3.6,7.170425218082643,0.0062587580934166,5,0.0,WH,3.0-4.0,sportsbook,0.2818489289740699,1.1010063258962686,0.0082587580934166,0.0201688884006778,1.266384064447333,0.096296922100356,0.3929810783457557,0.2,1.4656144306651742,away:3.0-4.0,away:sportsbook,sportsbook:3.0-4.0,7.917795572686962,7.917795572686962,0.8516464804898548,0.3041651509940444,0.3095544477900319,0.3053946671262998,0.2281403639099607,,,0.0,lower_clv,True,8.801064063646734,8.801064063646734,0.3066546337757799,0.3073947159391281,,,0.3095544477900319,0.2552171138255033,8.359429818166848,0.8832684909597726,7.917795572686962,0.3041651509940444,0.3041651509940444,0.8516464804898548,0.8516464804898548,1.05,2.04,model_agreement_0.625_kelly,draw,-23.44641631172804,False,0.2157654557166628,4.634662192233275,False,-2.04
2023-03,data\historical_csv\football-data\2223\SP2.csv:359,data\historical_csv\football-data\2223\SP2.csv,359,2023-03-26,SP2,Ponferradina,Mirandes,home,0.4543732165755941,0.4424389789951854,2.372,2.4,4.946525817657976,0.0099342375804087,5,0.0,WH,2.0-3.0,sportsbook,0.4215851602023609,1.0777732697173092,0.0119342375804087,0.0218636073122411,0.863733481135479,0.2064550199412518,0.3924573600875629,0.2,1.180438448566612,home:2.0-3.0,home:sportsbook,sportsbook:2.0-3.0,6.236803138007769,6.236803138007769,0.7719213777680706,0.4478785967032368,0.4807280695102907,0.4553728873836884,0.2281403639099607,,,0.0,lower_clv,True,6.670753668208174,6.670753668208174,0.4497080677411812,0.4576249030635553,,,0.4807280695102907,0.2552171138255033,6.453778403107972,0.43395053020040475,6.236803138007769,0.4478785967032368,0.4478785967032368,0.7719213777680706,0.7719213777680706,1.0292285036907607,2.92,model_agreement_0.625_kelly,draw,-2.806437466693812,False,0.4097536363124207,2.440490849573669,False,-2.92
2023-03,data\historical_csv\football-data\2223\SP2.csv:364,data\historical_csv\football-data\2223\SP2.csv,364,2023-03-27,SP2,Malaga,Leganes,away,0.3764519038763763,0.3712048496319001,2.764,2.8,2.6010204382571844,0.0032470542444762,5,0.0,WH,2.0-3.0,sportsbook,0.361794500723589,1.040513062314304,0.0052470542444761,0.0086254159191143,1.016678905905423,0.1417160359321484,0.3827307097590478,0.2,1.302460202604916,away:2.0-3.0,away:sportsbook,sportsbook:2.0-3.0,3.015889534455962,3.015889534455962,0.6353396782509773,0.3727058232071489,0.3879518849460613,0.3761840652804581,0.2281403639099607,,,0.0,lower_clv,True,3.1165320028944343,3.1165320028944343,0.3730699421233518,0.3768680686186799,,,0.3879518849460613,0.2552171138255033,3.066210768675198,0.10064246843847213,3.015889534455962,0.3727058232071489,0.3727058232071489,0.6353396782509773,0.6353396782509773,1.0,1.07,model_agreement_0.625_kelly,home,-15.122813742359288,False,0.3070809922490619,3.2564698735535456,False,-1.07
2023-03,data\historical_csv\football-data\2223\B1.csv:272,data\historical_csv\football-data\2223\B1.csv,272,2023-03-31,B1,Waregem,Antwerp,away,0.5538805028105109,0.5375492535187537,1.931,1.95,3.800760854471341,0.0143312492917571,5,0.0,WH,1.5-2.0,sportsbook,0.5178663904712584,1.0695432509270966,0.0163312492917572,0.0258742620818701,0.6580380034463774,0.3067836113936244,0.3644744202173042,0.2,0.9839461418953864,away:1.5-2.0,away:sportsbook,sportsbook:1.5-2.0,5.944815273814856,5.944815273814856,0.8062241058127613,0.5486525907499474,0.5970678136132659,0.5596980573127668,0.2281403639099607,,,0.0,lower_clv,True,6.364002408670766,6.364002408670766,0.5508234200345457,0.5626257806943172,,,0.5970678136132659,0.2552171138255033,6.154408841242811,0.4191871348559095,5.944815273814856,0.5486525907499474,0.5486525907499474,0.8062241058127613,0.8062241058127613,1.05,4.19,model_agreement_0.625_kelly,away,0.5811368119873261,True,0.520875902703197,1.91984308510009,True,3.9
2023-05,data\historical_csv\football-data\2223\G1.csv:229,data\historical_csv\football-data\2223\G1.csv,229,2023-05-06,G1,Giannina,Asteras Tripolis,draw,0.4017102322417646,0.3846307730584543,2.715,2.75,4.427254885370346,0.0150794591833102,5,0.0,VC,2.0-3.0,sportsbook,0.3683241252302026,1.0906432805363908,0.0170794591833102,0.037538150569774,0.9987919533858988,0.1613711106877324,0.4012249475558551,0.2,1.2891344383057168,draw:2.0-3.0,draw:sportsbook,sportsbook:2.0-3.0,9.396720186143938,7.341525406473,0.8510417205141484,0.3953647344621473,0.4071340609271159,0.4015833367653218,0.5283736772604778,,,0.0,lower_clv,True,7.79780785386599,6.387242818365091,0.3918498814672747,0.3984399780626649,,,0.4071340609271159,0.4311711081844825,8.597264020004964,1.5989123322779477,6.387242818365091,0.3918498814672747,0.3918498814672747,0.8510417205141484,0.8510417205141484,1.05,2.44,model_agreement_0.625_kelly,home,14.41608166826054,True,0.4214220319272948,2.372918177596665,False,-2.44
2023-05,data\historical_csv\football-data\2223\E3.csv:544,data\historical_csv\football-data\2223\E3.csv,544,2023-05-08,E3,Colchester,Mansfield,home,0.2735544269827748,0.2674604309537525,3.94,4.0,5.379409795778511,0.0040939960290222,5,0.0,B365,3.0-4.0,sportsbook,0.2538071065989847,1.077804442312133,0.0060939960290222,0.0149659286240689,1.3711807233098423,0.0748320245218742,0.3750925570548507,0.2,1.522842639593902,home:3.0-4.0,home:sportsbook,sportsbook:3.0-4.0,6.296787398992863,4.241592619321925,0.7776591809857124,0.2645725700998018,0.2636406442019685,0.2640801649862294,0.5283736772604778,,,0.0,lower_clv,True,6.321024845873935,4.274017022716103,0.2646548655398886,0.2642175626016733,,,0.2636406442019685,0.4311711081844825,6.308906122433399,0.02423744688107199,4.241592619321925,0.2645725700998018,0.2645725700998018,0.7776591809857124,0.7776591809857124,1.03687890798095,0.93,model_agreement_0.625_kelly,away,-16.459804167551283,False,0.2120309538894637,4.716292511334554,False,-0.93
2023-05,data\historical_csv\football-data\2223\F2.csv:345,data\historical_csv\football-data\2223\F2.csv,345,2023-05-13,F2,Dijon,Amiens,home,0.4976985672323841,0.4902451714302382,2.274,2.3,11.481751983236176,0.0054533958021458,5,0.0,BW,2.0-3.0,sportsbook,0.4397537379067722,1.1317665418864415,0.0074533958021458,0.0109572262433287,0.8215403953283443,0.2477038638251679,0.4088794776784434,0.2,1.1433597185575906,home:2.0-3.0,home:sportsbook,sportsbook:2.0-3.0,10.278585548246433,8.223390768575495,0.8689068780008519,0.4759164061942634,0.5156008880988446,0.4968846418283639,0.5283736772604778,,,0.0,lower_clv,True,10.387849022284112,9.206403390339734,0.480239240942567,0.4954861615341678,,,0.5156008880988446,0.4311711081844825,10.333217285265272,0.10926347403767878,8.223390768575495,0.4759164061942634,0.4759164061942634,0.8689068780008519,0.8689068780008519,1.05,4.24,model_agreement_0.625_kelly,home,9.815775029653404,True,0.4829189755041926,2.0707407468425685,True,5.4
2023-10,data\historical_csv\football-data\2324\G1.csv:52,data\historical_csv\football-data\2324\G1.csv,52,2023-10-21,G1,Aris,Panserraikos,home,0.6449912687659259,0.6333022337414895,1.6467999999999998,1.66,4.292211852548489,0.0096890350244364,5,0.0,BW,1.5-2.0,sportsbook,0.6072382803011902,1.062171621403727,0.0116890350244364,0.0150219630770733,0.4988340109136124,0.4160137367842789,0.3217435816027666,0.2,0.8015545299975724,home:1.5-2.0,home:sportsbook,sportsbook:1.5-2.0,3.2107750527088905,3.2107750527088905,0.5822038567213367,0.6267353355155993,0.6717058504083145,0.6267353355155993,0.0,,,0.0,lower_clv,True,4.0653997313214285,4.0653997313214285,0.6319249437170357,0.6319249437170357,,,0.6717058504083145,0.0,3.6380873920151595,0.854624678612538,3.2107750527088905,0.6267353355155993,0.6267353355155993,0.5822038567213367,0.5822038567213367,1.0,3.1,model_agreement_0.625_kelly,home,4.7069681464525726,True,0.6358207927280337,1.5727702073243466,True,2.01
2023-12,data\historical_csv\football-data\2324\G1.csv:96,data\historical_csv\football-data\2324\G1.csv,96,2023-12-17,G1,Lamia,Volos NFC,home,0.5007764890005578,0.4964795167947295,2.127,2.15,5.601193222238976,0.0022969722058282,5,0.0,VC,2.0-3.0,sportsbook,0.4701457451810061,1.0651515921041863,0.0042969722058282,0.00458682117927,0.7547125362181001,0.2507770919357258,0.3779422940920064,0.2,1.0813352139163124,home:2.0-3.0,home:sportsbook,sportsbook:2.0-3.0,4.257028672838754,4.257028672838754,0.66246989783101,0.490159984357493,0.4972497715559034,0.4970617135400304,0.973474801061008,,,0.0,lower_clv,True,4.363519961884332,4.363519961884332,0.4906606486219292,0.4970749937592462,,,0.4972497715559034,0.973474801061008,4.310274317361543,0.1064912890455787,4.257028672838754,0.490159984357493,0.490159984357493,0.66246989783101,0.66246989783101,1.0,2.36,model_agreement_0.625_kelly,away,-6.708452759711592,False,0.4386062399637443,2.2799493232988683,False,-2.36
2024-02,data\historical_csv\football-data\2324\E3.csv:348,data\historical_csv\football-data\2324\E3.csv,348,2024-02-03,E3,Salford,Wrexham,home,0.2616059768953745,0.2573520300954633,4.136,4.2,6.44079964748363,0.0022539467999112,4,0.0,B365,4.0-5.0,sportsbook,0.241779497098646,1.082002320439269,0.0042539467999112,0.0086158077374992,1.419729137206128,0.0684376871473832,0.3714096278656363,0.25,1.547388781431347,home:4.0-5.0,home:sportsbook,sportsbook:4.0-5.0,5.765499907180385,5.765499907180385,0.7827108053268625,0.2557192937794497,0.2387797904404567,0.2390824977910463,0.9821300929235168,,,0.0,lower_clv,True,5.839637726440428,5.839637726440428,0.2558985438260165,0.2390857009727219,,,0.2387797904404567,0.9821300929235168,5.802568816810407,0.07413781926004237,5.765499907180385,0.2557192937794497,0.2557192937794497,0.7827108053268625,0.7827108053268625,0.5218072035512417,0.6,model_agreement_0.625_kelly,home,24.5960862943017,True,0.3012477908469577,3.3195264177323978,True,1.88
2024-02,data\historical_csv\football-data\2324\E2.csv:387,data\historical_csv\football-data\2324\E2.csv,387,2024-02-17,E2,Peterboro,Blackpool,away,0.27214748332575,0.2674700940011073,3.94,4.0,5.383217036436272,0.0026773893246427,4,0.0,B365,3.0-4.0,sportsbook,0.2538071065989847,1.0722610843034552,0.0046773893246427,0.0098380087587951,1.3711807233098423,0.0740642526805394,0.3731633830335553,0.25,1.522842639593902,away:3.0-4.0,away:sportsbook,sportsbook:3.0-4.0,3.2243853426328624,3.2243853426328624,0.6892626527279667,0.261990825742723,0.2496421666774858,0.2498628360675008,0.9821300929235168,,,0.0,lower_clv,True,3.4841481691250564,3.4841481691250564,0.2626501222566625,0.2498746176349407,,,0.2496421666774858,0.9821300929235168,3.3542667558789594,0.25976282649219407,3.2243853426328624,0.261990825742723,0.261990825742723,0.6892626527279667,0.6892626527279667,0.5,0.34,model_agreement_0.625_kelly,away,-3.588266031430709,False,0.2446998324075362,4.086639496894081,True,1.0
2024-03,data\historical_csv\football-data\2324\E3.csv:441,data\historical_csv\football-data\2324\E3.csv,441,2024-03-12,E3,Tranmere,Mansfield,home,0.2535221404537848,0.2448971421261349,4.136,4.2,1.289457983369413,0.0066249983276499,4,0.0,B365,4.0-5.0,sportsbook,0.241779497098646,1.0485675729168542,0.0086249983276499,0.026131833360951,1.419729137206128,0.0642734757002686,0.3599327697291027,0.25,1.547388781431347,home:4.0-5.0,home:sportsbook,sportsbook:4.0-5.0,3.55236520596226,3.55236520596226,0.6821163272548917,0.2503683878287288,0.2328802086103239,0.2401939961772107,0.5817867900627607,,,0.0,lower_clv,True,3.724206145692444,3.724206145692444,0.250783863988618,0.2403000109062279,,,0.2328802086103239,0.5855705363442425,3.638285675827352,0.17184093973018388,3.55236520596226,0.2503683878287288,0.2503683878287288,0.6821163272548917,0.6821163272548917,0.5,0.35,model_agreement_0.625_kelly,home,7.211649488317517,True,0.2592157869640172,3.857789726899674,True,1.1
2024-09,data\historical_csv\football-data\2425\I2.csv:52,data\historical_csv\football-data\2425\I2.csv,52,2024-09-20,I2,Catanzaro,Cremonese,home,0.3389012153408776,0.3333538716509499,3.058,3.1,1.939613950860486,0.0035473436899276,6,0.0,WH,3.0-4.0,sportsbook,0.3270111183780249,1.0363599165124036,0.0055473436899276,0.0104671908194828,1.1177611075068703,0.1148540337595238,0.3788105977948437,0.1666666666666666,1.373446697187708,home:3.0-4.0,home:sportsbook,sportsbook:3.0-4.0,2.5752938723936296,2.5752938723936296,0.0,0.33543261567166,0.3249685722279099,0.3324665531978162,0.2834528057713086,,,0.0,lower_clv,True,4.236222080296392,4.236222080296392,0.3408640355797789,0.3362220515631099,,,0.3249685722279099,0.2920320039694352,3.405757976345011,1.6609282079027627,2.5752938723936296,0.33543261567166,0.33543261567166,0.0,0.6479857007692051,1.0,0.78,model_agreement_0.625_kelly,away,5.931800979659441,True,0.3464087671015678,2.886762966096634,False,-0.78
2024-09,data\historical_csv\football-data\2425\SP1.csv:55,data\historical_csv\football-data\2425\SP1.csv,55,2024-09-21,SP1,Valladolid,Sociedad,draw,0.3187622301853384,0.3139807143807331,3.2834,3.33,3.0924277597699223,0.0027815158046052,6,0.0,1XB,3.0-4.0,sportsbook,0.3045623439117987,1.04662390659054,0.0047815158046052,0.0087259892835733,1.1888794708782808,0.1016093593927306,0.3789698715587258,0.1666666666666666,1.4192605226289956,draw:3.0-4.0,draw:sportsbook,sportsbook:3.0-4.0,3.288120061679874,3.288120061679874,0.0,0.314576719442285,0.3044639954653232,0.3117102394570245,0.2834528057713086,,,0.0,lower_clv,True,3.3228567740663184,3.3228567740663184,0.3146825143877271,0.3116983798292179,,,0.3044639954653232,0.2920320039694352,3.305488417873096,0.0347367123864446,3.288120061679874,0.314576719442285,0.314576719442285,0.0,0.6587202538360135,1.0,0.9,model_agreement_0.625_kelly,draw,3.4032999504652217,True,0.3149275140112847,3.1753338641734787,True,2.06
2024-09,data\historical_csv\football-data\2425\F1.csv:45,data\historical_csv\football-data\2425\F1.csv,45,2024-09-22,F1,Montpellier,Auxerre,draw,0.2843116894418475,0.2771405141930008,3.695,3.75,2.403419994313816,0.0051711752488466,6,0.0,1XB,3.0-4.0,sportsbook,0.2706359945872801,1.050531692487627,0.0071711752488466,0.0181884018170289,1.3069805544001651,0.0808331367532775,0.3715898494891534,0.1666666666666666,1.4884979702300516,draw:3.0-4.0,draw:sportsbook,sportsbook:3.0-4.0,3.3046051104622665,3.3046051104622665,0.0,0.2795794454951618,0.2695900649737303,0.2767479275584447,0.2834528057713086,,,0.0,lower_clv,True,3.775784068820776,3.775784068820776,0.2808546253554013,0.2775650132133072,,,0.2695900649737303,0.2920320039694352,3.540194589641521,0.47117895835850954,3.3046051104622665,0.2795794454951618,0.2795794454951618,0.0,0.6679332070557761,1.0,0.77,model_agreement_0.625_kelly,home,-0.6733553502430878,False,0.2688136526380431,3.7200491499830832,False,-0.77
2024-09,data\historical_csv\football-data\2425\SP1.csv:59,data\historical_csv\football-data\2425\SP1.csv,59,2024-09-22,SP1,Getafe,Leganes,draw,0.3394771285176227,0.331327300297137,3.058,3.1,1.319888430864502,0.0061498282204856,6,0.0,1XB,3.0-4.0,sportsbook,0.3270111183780249,1.03812105900689,0.0081498282204856,0.0181155892514461,1.1177611075068703,0.1152447207865705,0.3794543311451101,0.1666666666666666,1.373446697187708,draw:3.0-4.0,draw:sportsbook,sportsbook:3.0-4.0,2.3606544454548954,2.3606544454548954,0.0,0.3347307208811475,0.3255561278787431,0.3321301567528062,0.2834528057713086,,,0.0,lower_clv,True,2.0167516421065512,2.0167516421065512,0.3336061204777847,0.3312552650071474,,,0.3255561278787431,0.2920320039694352,2.1887030437807233,0.3439028033483442,2.0167516421065512,0.3336061204777847,0.3336061204777847,0.0,0.6133924485959038,1.0,0.61,model_agreement_0.625_kelly,draw,6.595490926010816,True,0.348579107017694,2.868789264381355,True,1.26
2024-09,data\historical_csv\football-data\2425\F2.csv:63,data\historical_csv\football-data\2425\F2.csv,63,2024-09-28,F2,Troyes,Metz,away,0.47418954026113,0.4675384500879939,2.225,2.25,4.027305144578652,0.0046510901731361,6,0.0,BW,2.0-3.0,sportsbook,0.449438202247191,1.0550717270810144,0.0066510901731361,0.0098085043600389,0.7997569156182036,0.2248557200930618,0.3792363641376553,0.1666666666666666,1.1235955056179805,away:2.0-3.0,away:sportsbook,sportsbook:2.0-3.0,2.6829383587255284,2.6829383587255284,0.6831643968925686,0.4614963521740473,0.4644401332216499,0.4623307751715666,0.2834528057713086,,,0.0,lower_clv,True,5.306195082250476,5.306195082250476,0.4732862700325864,0.4707029149723009,,,0.4644401332216499,0.2920320039694352,3.9945667204880024,2.623256723524948,2.6829383587255284,0.4614963521740473,0.4614963521740473,0.6873733863733525,0.6831643968925686,1.0,1.37,model_agreement_0.625_kelly,home,15.584345984592307,True,0.519480206672325,1.925001159150564,False,-1.37
2024-10,data\historical_csv\football-data\2425\I2.csv:72,data\historical_csv\football-data\2425\I2.csv,72,2024-10-04,I2,Sampdoria,Juve Stabia,draw,0.2991510443414309,0.2900055966175032,3.45,3.5,0.051930833038627,0.0071454477239276,6,0.0,WH,3.0-4.0,sportsbook,0.2898550724637681,1.0320711029779368,0.0091454477239276,0.0238857522281363,1.2383742310432684,0.0894913473305687,0.3704609445021102,0.1666666666666666,1.4492753623188248,draw:3.0-4.0,draw:sportsbook,sportsbook:3.0-4.0,2.5770608153669574,2.5770608153669574,0.590479663105068,0.2973248139575853,0.2886924082934305,0.2973248139575853,0.0,,,0.0,lower_clv,True,3.135268570977656,3.135268570977656,0.2989428074521091,0.2989428074521091,,,0.2886924082934305,0.0,2.856164693172307,0.5582077556106988,2.5770608153669574,0.2973248139575853,0.2973248139575853,0.590479663105068,0.6067054291494205,1.0,0.66,model_agreement_0.625_kelly,away,-1.240458015267154,False,0.2862595419847328,3.4933333333333327,False,-0.66
2024-10,data\historical_csv\football-data\2425\I2.csv:87,data\historical_csv\football-data\2425\I2.csv,87,2024-10-19,I2,Brescia,Sassuolo,away,0.3790285858433969,0.3725386574845558,2.764,2.8,2.96968492873122,0.004489928358841,6,0.0,WH,2.0-3.0,sportsbook,0.361794500723589,1.047635011271149,0.006489928358841,0.0118458832039021,1.016678905905423,0.1436626688864452,0.3853503679621445,0.1666666666666666,1.302460202604916,away:2.0-3.0,away:sportsbook,sportsbook:2.0-3.0,2.468420652095596,2.468420652095596,0.6775333897372894,0.3707251108975963,0.3709159689782619,0.3707251108975963,0.0,,,0.0,lower_clv,True,3.080935157928666,3.080935157928666,0.3729411546958345,0.3729411546958345,,,0.3709159689782619,0.0,2.7746779050121306,0.6125145058330701,2.468420652095596,0.3707251108975963,0.3707251108975963,0.6803737894137306,0.6775333897372894,1.0,0.87,model_agreement_0.625_kelly,away,28.72982188244626,True,0.4657374163619619,2.147132622092831,True,1.53
2024-10,data\historical_csv\football-data\2425\I2.csv:103,data\historical_csv\football-data\2425\I2.csv,103,2024-10-29,I2,Brescia,Spezia,away,0.4209684108457391,0.4120964822789027,2.6660000000000004,2.7,9.86492217555548,0.0068719285668364,6,0.0,WH,2.0-3.0,sportsbook,0.3750937734433608,1.1223017833147408,0.0088719285668364,0.0163240955610672,0.980579221756517,0.177214402929987,0.4127928766911926,0.1666666666666666,1.275318829707417,away:2.0-3.0,away:sportsbook,sportsbook:2.0-3.0,7.012058709227849,7.012058709227849,0.8801992672839842,0.4013955690518673,0.4144259927547562,0.4013955690518673,0.0,,,0.0,lower_clv,True,8.849730003299605,8.849730003299605,0.4082885596522865,0.4082885596522865,,,0.4144259927547562,0.0,7.930894356263726,1.8376712940717566,7.012058709227849,0.4013955690518673,0.4013955690518673,0.8801992672839842,0.8815599965089063,1.05,2.76,model_agreement_0.625_kelly,draw,7.465221702851399,True,0.4030953552244988,2.4808025868793817,False,-2.76
2024-10,data\historical_csv\football-data\2425\I2.csv:107,data\historical_csv\football-data\2425\I2.csv,107,2024-10-29,I2,Salernitana,Cesena,draw,0.3082986130274273,0.2987945351248554,3.352,3.4,0.1559281738515272,0.0075040779025718,6,0.0,WH,3.0-4.0,sportsbook,0.2983293556085919,1.0334169508679365,0.0095040779025719,0.0243402908267521,1.2095571826198366,0.0950480347946353,0.3729048017790582,0.1666666666666666,1.4319809069212486,draw:3.0-4.0,draw:sportsbook,sportsbook:3.0-4.0,2.6398226244933047,2.6398226244933047,0.5981488995995766,0.3062047214334526,0.2980552222371462,0.3062047214334526,0.0,,,0.0,lower_clv,True,3.155790570918815,3.155790570918815,0.3077440052831707,0.3077440052831707,,,0.2980552222371462,0.0,2.89780659770606,0.5159679464255102,2.6398226244933047,0.3062047214334526,0.3062047214334526,0.5981488995995766,0.6126710909854941,1.0,0.7,model_agreement_0.625_kelly,draw,0.1943994220106049,True,0.2989093061515829,3.34549637438481,True,1.65
2024-12,data\historical_csv\football-data\2425\I2.csv:199,data\historical_csv\football-data\2425\I2.csv,199,2024-12-29,I2,Cittadella,Palermo,home,0.2760625576249778,0.2656390352388727,3.9596,4.02,5.182432393184033,0.008423522386105,6,0.0,1XB,3.0-4.0,sportsbook,0.2525507627033034,1.093097303171862,0.0104235223861051,0.0305130926068872,1.3761430100635152,0.0762105357224442,0.3799015590158696,0.1666666666666666,1.5254066067279526,home:3.0-4.0,home:sportsbook,sportsbook:3.0-4.0,6.053754475984559,6.053754475984559,0.8498645059300363,0.2678395658045877,0.2650974989379802,0.2659401939134049,0.6926789110481141,,,0.0,lower_clv,True,6.8064065270657,6.8064065270657,0.2697403943000952,0.267854063542837,,,0.2650974989379802,0.4062832801812119,6.430080501525129,0.7526520510811414,6.053754475984559,0.2678395658045877,0.2678395658045877,0.8557884199140634,0.8498645059300363,1.05,1.34,model_agreement_0.625_kelly,home,21.241690264664093,True,0.3061968134777859,3.265873307569703,True,3.97
2025-03,data\historical_csv\football-data\2425\D1.csv:211,data\historical_csv\football-data\2425\D1.csv,211,2025-03-01,D1,Heidenheim,M'gladbach,draw,0.2716326465660794,0.2647054087648244,3.793,3.85,0.4027615444979204,0.004927237801255,5,0.0,1XB,3.0-4.0,sportsbook,0.2636435539151067,1.0303026284251393,0.0069272378012549,0.0181393432031976,1.3331572627067618,0.0737842946804926,0.3621290355578277,0.2,1.5027682573161003,draw:3.0-4.0,draw:sportsbook,sportsbook:3.0-4.0,2.6923710666209884,2.6923710666209884,0.6757283839245997,0.2707418166797284,0.2644860964860575,0.2663502127821929,0.7020141185308546,,,0.0,lower_clv,True,2.932414791739601,2.932414791739601,0.2713746764875813,0.2678999119220163,,,0.2644860964860575,0.5044239255109761,2.8123929291802945,0.24004372511861272,2.6923710666209884,0.2707418166797284,0.2707418166797284,0.6814817257231613,0.6757283839245997,1.0,0.6,model_agreement_0.625_kelly,away,5.970118550775183,True,0.2793833866353155,3.579310896196269,False,-0.6
2025-03,data\historical_csv\football-data\2425\N1.csv:216,data\historical_csv\football-data\2425\N1.csv,216,2025-03-02,N1,Heracles,Zwolle,draw,0.2927048220998431,0.2802678666237266,3.5284,3.58,-1.1102859404842902,0.0104369554761165,5,0.0,1XB,3.0-4.0,sportsbook,0.2834145788459358,1.0327796942970866,0.0124369554761165,0.0356569304230881,1.2608445104024748,0.0856761128805008,0.3690552681129202,0.2,1.4624192268450242,draw:3.0-4.0,draw:sportsbook,sportsbook:3.0-4.0,3.017198921288207,3.017198921288207,0.6939247798346073,0.2919657604616489,0.2849304382738889,0.287026864957428,0.7020141185308546,,,0.0,lower_clv,True,3.2253004388262507,3.2253004388262507,0.2925555505011514,0.2887092614590139,,,0.2849304382738889,0.5044239255109761,3.121249680057229,0.20810151753804362,3.017198921288207,0.2919657604616489,0.2919657604616489,0.6939247798346073,0.705903469193124,1.0,0.75,model_agreement_0.625_kelly,home,0.5414854733482688,True,0.2849492276197377,3.5093971243694377,False,-0.75
2025-03,data\historical_csv\football-data\2425\D1.csv:223,data\historical_csv\football-data\2425\D1.csv,223,2025-03-08,D1,Wolfsburg,St Pauli,draw,0.2597084147762685,0.2525233036487351,3.9792,4.04,0.4840729879046712,0.0051851111275333,5,0.0,1XB,3.0-4.0,sportsbook,0.2513067953357458,1.0334317240777275,0.0071851111275333,0.0199651256275242,1.3810807940670031,0.0674484607056023,0.3586783037050915,0.2,1.5279453156413323,draw:3.0-4.0,draw:sportsbook,sportsbook:3.0-4.0,2.831933231071398,2.831933231071398,0.0,0.2584236359847994,0.2529248973261922,0.2545634438123457,0.7020141185308546,,,0.0,lower_clv,True,3.1669972133879787,3.1669972133879787,0.2592656745410835,0.2560672348075575,,,0.2529248973261922,0.5044239255109761,2.9994652222296883,0.33506398231658086,2.831933231071398,0.2584236359847994,0.2584236359847994,0.0,0.6847744588799399,1.0,0.59,model_agreement_0.625_kelly,draw,7.85197683120844,True,0.2710393466807611,3.689501219089908,True,1.76
2025-03,data\historical_csv\football-data\2425\SP2.csv:343,data\historical_csv\football-data\2425\SP2.csv,343,2025-03-21,SP2,Burgos,Almeria,away,0.4156465749385539,0.4130906102226024,2.47,2.5,2.033380724982803,0.0005559647159514,5,0.0,WH,2.0-3.0,sportsbook,0.4048582995951417,1.0266470400982282,0.0025559647159514,0.0013375900331517,0.9042181506398858,0.1727620752581509,0.3758351773107419,0.2,1.2145748987854257,away:2.0-3.0,away:sportsbook,sportsbook:2.0-3.0,1.964179453572148,1.964179453572148,0.581433588070856,0.4128104431318711,0.4046948741249713,0.407113199109116,0.7020141185308546,,,0.0,lower_clv,True,2.1601501872928086,2.1601501872928086,0.4136038469121166,0.4091099478865543,,,0.4046948741249713,0.5044239255109761,2.0621648204324785,0.19597073372066065,1.964179453572148,0.4128104431318711,0.4128104431318711,0.581433588070856,0.5983180335564442,1.0,0.84,model_agreement_0.625_kelly,home,-6.489989812365094,False,0.3785830371969025,2.641428436424889,False,-0.84
2025-03,data\historical_csv\football-data\2425\I1.csv:300,data\historical_csv\football-data\2425\I1.csv,300,2025-03-31,I1,Verona,Parma,draw,0.3091857222659174,0.295567481653711,3.352,3.4,-0.9257801496760808,0.0116182406122064,4,0.0,1XB,3.0-4.0,sportsbook,0.2983293556085919,1.036390541035355,0.0136182406122064,0.0375768988524447,1.2095571826198366,0.095595810853097,0.3739778111302423,0.25,1.4319809069212486,draw:3.0-4.0,draw:sportsbook,sportsbook:3.0-4.0,3.033863234018419,3.033863234018419,0.6882987055268281,0.307380260244685,0.3009341514893923,0.3028550008888842,0.7020141185308546,,,0.0,lower_clv,True,3.2495845860584405,3.2495845860584405,0.3080238203641361,0.3044476217597649,,,0.3009341514893923,0.5044239255109761,3.1417239100384298,0.2157213520400214,3.033863234018419,0.307380260244685,0.307380260244685,0.6882987055268281,0.7064742381717444,0.5,0.4,model_agreement_0.625_kelly,draw,7.642313372782206,True,0.3211286198472023,3.1140170579495985,True,0.94
2025-04,data\historical_csv\football-data\2425\B1.csv:283,data\historical_csv\football-data\2425\B1.csv,283,2025-04-27,B1,Gent,Anderlecht,draw,0.3058527696111381,0.2871755194902071,3.4794,3.53,-0.0801497485773405,0.0166772501209309,4,0.0,1XB,3.0-4.0,sportsbook,0.2874058745760763,1.0641841265849938,0.0186772501209309,0.0545270528108491,1.2468598651283127,0.0935459166788039,0.3813555430664646,0.25,1.4542737253549598,draw:3.0-4.0,draw:sportsbook,sportsbook:3.0-4.0,5.142407778317668,3.2126972755808403,0.8073163836663554,0.2966393552784412,0.2973821657797638,0.2969611865161543,0.4332615615154256,,,0.0,lower_clv,True,5.708453842919892,3.970748477162122,0.2988180389640804,0.298635127857904,,,0.2973821657797638,0.1273866718692392,5.42543081061878,0.5660460646022241,3.2126972755808403,0.2966393552784412,0.2966393552784412,0.8073163836663554,0.8286249058377807,0.525,0.43,model_agreement_0.625_kelly,away,-0.7776863499459941,False,0.2851707583205553,3.506670900934092,False,-0.43
2025-05,data\historical_csv\football-data\2425\I2.csv:349,data\historical_csv\football-data\2425\I2.csv,349,2025-05-01,I2,Spezia,Salernitana,draw,0.3052056673512615,0.2878123493503848,3.45,3.5,-0.7047394741172219,0.0153933180008766,4,0.0,B365,3.0-4.0,sportsbook,0.2898550724637681,1.0529595523618522,0.0173933180008766,0.0504358851998658,1.2383742310432684,0.0931504993833289,0.377958833616166,0.25,1.4492753623188248,draw:3.0-4.0,draw:sportsbook,sportsbook:3.0-4.0,3.3460399762633566,3.3460399762633566,0.0,0.2995537390616329,0.2974911630358615,0.2987015996511475,0.4131432731875567,,,0.0,lower_clv,True,4.261610339106037,4.261610339106037,0.3022075662003073,0.2998317890321408,,,0.2974911630358615,0.503726480822531,3.8038251576846966,0.9155703628426801,3.3460399762633566,0.2995537390616329,0.2995537390616329,0.0,0.7182142892675273,0.5,0.43,model_agreement_0.625_kelly,home,-1.6202692518787476,False,0.2851586398496268,3.506819924962932,False,-0.43
2025-05,data\historical_csv\football-data\2425\SP1.csv:335,data\historical_csv\football-data\2425\SP1.csv,335,2025-05-03,SP1,Las Palmas,Valencia,away,0.3488050867247629,0.3431228289501569,2.96,3.0,1.5643573692464274,0.003682257774606,4,0.0,1XB,2.0-3.0,sportsbook,0.3378378378378378,1.0324630567052984,0.005682257774606,0.0105567777384843,1.085189268335969,0.1216649885250694,0.3785195368547097,0.25,1.3513513513513598,away:2.0-3.0,away:sportsbook,sportsbook:2.0-3.0,2.1054086090486286,2.1054086090486286,0.0,0.3449507047602994,0.3405270135660991,0.3431230865007565,0.4131432731875567,,,0.0,lower_clv,True,2.7073671340554384,2.7073671340554384,0.3469843484258629,0.3437316178614614,,,0.3405270135660991,0.503726480822531,2.4063878715520337,0.6019585250068098,2.1054086090486286,0.3449507047602994,0.3449507047602994,0.0,0.6460953018221164,0.5,0.34,model_agreement_0.625_kelly,away,-3.0563317152173752,False,0.3275123928539953,3.053319574523089,True,0.67
2025-05,data\historical_csv\football-data\2425\I2.csv:357,data\historical_csv\football-data\2425\I2.csv,357,2025-05-04,I2,Frosinone,Cittadella,draw,0.3404674525741026,0.3318739632162311,3.0874,3.13,2.4627674033791846,0.0065934893578715,4,0.0,1XB,3.0-4.0,sportsbook,0.3238971302714258,1.0511592130772842,0.0085934893578715,0.0193659902232107,1.1273293127656037,0.1159180862622988,0.3838189393294188,0.25,1.3798017749562907,draw:3.0-4.0,draw:sportsbook,sportsbook:3.0-4.0,4.466410544243544,4.466410544243544,0.7526117011620872,0.338363705850371,0.3322865885893656,0.3358529857336146,0.4131432731875567,,,0.0,lower_clv,True,4.839326806740552,4.839326806740552,0.3395715709229143,0.3359019324091815,,,0.3322865885893656,0.503726480822531,4.652868675492048,0.37291626249700816,4.466410544243544,0.338363705850371,0.338363705850371,0.7526117011620872,0.7774950571920742,0.5017411341080581,0.67,model_agreement_0.625_kelly,draw,-12.712779577175626,False,0.2827208020432221,3.5370584434290087,True,1.4
2025-05,data\historical_csv\football-data\2425\F1.csv:285,data\historical_csv\football-data\2425\F1.csv,285,2025-05-04,F1,Nantes,Angers,draw,0.2869981482250794,0.2779869802753151,3.6558,3.71,1.6264802490497,0.0070111679497642,4,0.0,1XB,3.0-4.0,sportsbook,0.2735379397122381,1.049207830281245,0.0090111679497642,0.0244293142416573,1.2963149475003666,0.0823679370846246,0.3720399894490962,0.25,1.482575633240346,draw:3.0-4.0,draw:sportsbook,sportsbook:3.0-4.0,4.067793515744507,4.067793515744507,0.0,0.2846648982869537,0.2795593437550365,0.2825555727761998,0.4131432731875567,,,0.0,lower_clv,True,4.566743035681453,4.566743035681453,0.2860297145239933,0.2827704174269297,,,0.2795593437550365,0.503726480822531,4.31726827571298,0.4989495199369465,4.067793515744507,0.2846648982869537,0.2846648982869537,0.0,0.7578307927217208,0.5,0.48,model_agreement_0.625_kelly,away,6.186110016839908,True,0.2904592976006344,3.442823170959207,False,-0.48
2025-05,data\historical_csv\football-data\2425\SP1.csv:341,data\historical_csv\football-data\2425\SP1.csv,341,2025-05-05,SP1,Girona,Mallorca,draw,0.3031543181474176,0.2952485702283127,3.401,3.45,0.4140387346491581,0.0059057479191049,4,0.0,1XB,3.0-4.0,sportsbook,0.2940311673037342,1.0310278360193674,0.0079057479191049,0.0194809955378339,1.2240695060250584,0.0919025406114256,0.3710819564640729,0.25,1.4407527197882963,draw:3.0-4.0,draw:sportsbook,sportsbook:3.0-4.0,2.7393120837425435,2.7393120837425435,0.0,0.3020855985996546,0.295469689443521,0.299352280235778,0.4131432731875567,,,0.0,lower_clv,True,3.0437347658893943,3.0437347658893943,0.3029806961655083,0.2991972031820072,,,0.295469689443521,0.503726480822531,2.891523424815969,0.30442268214685075,2.7393120837425435,0.3020855985996546,0.3020855985996546,0.0,0.678626764329587,0.5,0.36,model_agreement_0.625_kelly,home,-0.0617902494149058,False,0.2938494847120996,3.4031027856991294,False,-0.36
2025-05,data\historical_csv\football-data\2425\I2.csv:365,data\historical_csv\football-data\2425\I2.csv,365,2025-05-09,I2,Mantova,Carrarese,away,0.2627375476668874,0.2462070824345022,4.136,4.2,1.83124929491012,0.0145304652323852,4,0.0,B365,4.0-5.0,sportsbook,0.241779497098646,1.0866824971502465,0.0165304652323852,0.0553041061752153,1.419729137206128,0.0690310189540099,0.373016151860764,0.25,1.547388781431347,away:4.0-5.0,away:sportsbook,sportsbook:4.0-5.0,4.948388954978562,4.948388954978562,0.0,0.2537436870284781,0.2557029121225506,0.2545531276967544,0.4131432731875567,,,0.0,lower_clv,True,5.766523368851817,5.766523368851817,0.2557217682999319,0.2557122699440578,,,0.2557029121225506,0.503726480822531,5.35745616191519,0.8181344138732554,4.948388954978562,0.2537436870284781,0.2537436870284781,0.0,0.8148521525561683,0.5,0.49,model_agreement_0.625_kelly,home,-1.1785745560659031,False,0.2389299454640573,4.185327201484805,False,-0.49
2025-05,data\historical_csv\football-data\2425\B1.csv:294,data\historical_csv\football-data\2425\B1.csv,294,2025-05-09,B1,Charleroi,Westerlo,home,0.5699947746942149,0.562688733272644,1.86583,1.93,4.988151920209738,0.0053060414215708,4,0.05,BFE,1.5-2.0,exchange,0.5359545081813456,1.063513350467707,0.0073060414215708,0.0093089299360988,0.6237059943092317,0.3248940431787088,0.3555091577017218,0.25,3.439220078999705,home:1.5-2.0,home:exchange,exchange:1.5-2.0,2.156662687189958,2.156662687189958,0.0,0.547513239079605,0.5609812395092418,0.5530774528603966,0.4131432731875567,,,0.0,lower_clv,True,3.818899641040807,3.818899641040807,0.556422072970425,0.558718645886507,,,0.5609812395092418,0.503726480822531,2.9877811641153826,1.662236953850849,2.156662687189958,0.547513239079605,0.547513239079605,0.0,0.6194096041927083,0.5,0.78,model_agreement_0.625_kelly,home,6.858227650522952,True,0.5727114884556629,1.746079867712338,True,0.68
2025-05,data\historical_csv\football-data\2425\SP1.csv:370,data\historical_csv\football-data\2425\SP1.csv,370,2025-05-18,SP1,Valencia,Ath Bilbao,draw,0.3219734429529221,0.3154605062847525,3.1756,3.22,0.1776383757859934,0.0045129366681696,4,0.0,1XB,3.0-4.0,sportsbook,0.3149011210479909,1.0224588654412994,0.0065129366681696,0.0140164872816217,1.1554965908688213,0.1036668979669585,0.3720392156823983,0.25,1.398160977453089,draw:3.0-4.0,draw:sportsbook,sportsbook:3.0-4.0,2.131902788607821,2.131902788607821,0.0,0.3216145068289703,0.3140260437758256,0.3184793843647313,0.4131432731875567,,,0.0,lower_clv,True,2.2999395089283503,2.2999395089283503,0.3221436563450319,0.3180545999328649,,,0.3140260437758256,0.503726480822531,2.2159211487680857,0.1680367203205293,2.131902788607821,0.3216145068289703,0.3216145068289703,0.0,0.6364092600870651,0.5,0.31,model_agreement_0.625_kelly,away,3.3987526832007786,True,0.3256038313490388,3.071216932112897,False,-0.31
2025-05,data\historical_csv\football-data\2425\SP1.csv:362,data\historical_csv\football-data\2425\SP1.csv,362,2025-05-18,SP1,Ath Madrid,Betis,home,0.4958847074803961,0.491691624721937,2.0682,2.09,1.6916618249910087,0.0021930827584591,4,0.0,1XB,2.0-3.0,sportsbook,0.4835122328594913,1.0255887520109552,0.0041930827584591,0.0044225658209994,0.7266786637687377,0.245901643112918,0.3603488366152056,0.25,1.0540566676336738,home:2.0-3.0,home:sportsbook,sportsbook:2.0-3.0,1.4886394767212594,1.4886394767212594,0.0,0.4907099868326142,0.486719382715796,0.4890612955857961,0.4131432731875567,,,0.0,lower_clv,True,1.9850327634290956,1.9850327634290956,0.4931101090969398,0.4898909309870665,,,0.486719382715796,0.503726480822531,1.7368361200751776,0.4963932867078362,1.4886394767212594,0.4907099868326142,0.4907099868326142,0.0,0.6229822248926615,0.5,0.44,model_agreement_0.625_kelly,home,28.475026924168635,True,0.6211924713478805,1.6098070181536048,True,0.47
2025-10,data\historical_csv\football-data\2526\B1.csv:90,data\historical_csv\football-data\2526\B1.csv,90,2025-10-24,B1,Charleroi,Anderlecht,home,0.3577911552626501,0.3477430706724538,3.0874,3.13,7.362195639413405,0.0080480845901962,8,0.0,PS,3.0-4.0,sportsbook,0.3238971302714258,1.1046444127579058,0.0100480845901962,0.0224938053158084,1.1273293127656037,0.1280145107841818,0.4033484571758547,0.125,1.3798017749562907,home:3.0-4.0,home:sportsbook,sportsbook:3.0-4.0,4.586798837166393,2.351830359757793,0.7934498298259612,0.3315146413155334,0.3446337436695662,0.3315146413155334,0.0,,,0.0,lower_clv,True,5.838420428468316,4.013657797249048,0.3368972526956308,0.3368972526956308,,,0.3446337436695662,0.0,5.212609632817355,1.251621591301923,2.351830359757793,0.3315146413155334,0.3315146413155334,0.7934498298259612,0.8276147773184592,1.05,0.74,model_agreement_0.625_kelly,home,7.514371255769103,True,0.3482359631268029,2.871616104841736,True,1.54
2025-11,data\historical_csv\football-data\2526\E3.csv:216,data\historical_csv\football-data\2526\E3.csv,216,2025-11-29,E3,Shrewsbury,Gillingham,home,0.3894132408376038,0.3872188984552482,2.715,2.75,5.129930930599902,0.0001943423823555,7,0.0,BMGM,2.0-3.0,sportsbook,0.3683241252302026,1.0572569488740944,0.0021943423823555,0.0004990646490025,0.9987919533858988,0.1516426721396456,0.3889428114905237,0.1428571428571428,1.2891344383057168,home:2.0-3.0,home:sportsbook,sportsbook:2.0-3.0,4.740129664273,2.5078147892900744,0.7395517264646103,0.3775610121152489,0.3752304302490694,0.3775610121152489,0.0,,,0.0,lower_clv,True,4.55566031218857,2.9626743024306235,0.3792363694380502,0.3792363694380502,,,0.3752304302490694,0.0,4.647894988230785,0.18446935208443005,2.5078147892900744,0.3775610121152489,0.3775610121152489,0.7395517264646103,0.7691682833628084,1.0,0.91,model_agreement_0.625_kelly,draw,4.576014323264044,True,0.3851786899567737,2.5961976248276457,False,-0.91
2025-12,data\historical_csv\football-data\2526\I2.csv:147,data\historical_csv\football-data\2526\I2.csv,147,2025-12-08,I2,Mantova,Reggiana,away,0.2633631755644789,0.256005013570644,4.136,4.2,5.883673612818363,0.005358161993835,7,0.0,BMGM,4.0-5.0,sportsbook,0.241779497098646,1.0892700941346851,0.0073581619938349,0.0203451449973998,1.419729137206128,0.0693601622434065,0.3739043740160237,0.1428571428571428,1.547388781431347,away:4.0-5.0,away:sportsbook,sportsbook:4.0-5.0,6.148975430176161,4.061570801059027,0.7565971101129009,0.2515995425557519,0.253438261701135,0.2515995425557519,0.0,,,0.0,lower_clv,True,6.794617820328663,6.794617820328663,0.2582074898944116,0.2582074898944116,,,0.253438261701135,0.0,6.471796625252413,0.6456423901525019,4.061570801059027,0.2515995425557519,0.2515995425557519,0.7565971101129009,0.8198581429829842,1.008796146817201,0.82,model_agreement_0.625_kelly,away,28.117482364573053,True,0.3097618045565112,3.228286978220924,True,2.57
2026-01,data\historical_csv\football-data\2526\E2.csv:340,data\historical_csv\football-data\2526\E2.csv,340,2026-01-31,E2,Wigan,Lincoln,away,0.4289168186315699,0.4236239993459098,2.568,2.6,8.786643032029652,0.0032928192856601,5,0.0,BMGM,2.0-3.0,sportsbook,0.3894080996884735,1.1014583902458717,0.0052928192856601,0.0076770579809988,0.9431273858277148,0.183969637305027,0.4045231978935326,0.2,1.2461059190031154,away:2.0-3.0,away:sportsbook,sportsbook:2.0-3.0,5.638310241733954,3.564893504357558,0.8422870990245829,0.4032900837397101,0.4228725539973544,0.4032900837397101,0.0,,,0.0,lower_clv,True,7.822324585142204,6.434166366984262,0.4144632646689418,0.4144632646689418,,,0.4228725539973544,0.0,6.73031741343808,2.1840143434082497,3.564893504357558,0.4032900837397101,0.4032900837397101,0.8422870990245829,0.8619937053631402,1.05,1.49,model_agreement_0.625_kelly,away,12.150170737052978,True,0.4367218486645365,2.289786973236917,True,2.34
2026-03,data\historical_csv\football-data\2526\E2.csv:411,data\historical_csv\football-data\2526\E2.csv,411,2026-03-07,E2,Blackpool,Wigan,away,0.3416723079312223,0.3385407623742103,3.058,3.1,3.525765134033509,0.0011315455570119,5,0.0,BMGM,3.0-4.0,sportsbook,0.3270111183780249,1.0448339176536778,0.003131545557012,0.0033117859737107,1.1177611075068703,0.116739966007048,0.3819080173176316,0.2,1.373446697187708,away:3.0-4.0,away:sportsbook,sportsbook:3.0-4.0,2.49844857855026,2.49844857855026,0.0,0.3351813230168419,0.3288707926911479,0.3333434148031886,0.2912446527940805,,,0.0,lower_clv,True,2.8655203666987816,2.8655203666987816,0.3363816885765166,0.3342279177855806,,,0.3288707926911479,0.2867528486357509,2.6819844726245208,0.3670717881485217,2.49844857855026,0.3351813230168419,0.3351813230168419,0.0,0.6666245854954088,1.0,0.76,model_agreement_0.625_kelly,draw,7.964212423565842,True,0.3530549784943291,2.8324200504541595,False,-0.76
2026-03,data\historical_csv\football-data\2526\B1.csv:224,data\historical_csv\football-data\2526\B1.csv,224,2026-03-08,B1,Waregem,Standard,away,0.2633501406726146,0.2506652077749471,4.0723,4.3,2.078392562191711,0.0106849328976674,7,0.05,BFE,4.0-5.0,exchange,0.2455614763155956,1.0724407778610885,0.0126849328976674,0.0405731049559245,1.404207950404769,0.0693532965922859,0.3697983612726998,0.1428571428571428,5.591434815706098,away:4.0-5.0,away:exchange,exchange:4.0-5.0,2.9214157891919497,2.9214157891919497,0.6703380889306759,0.2527353480568522,0.2436306368818147,0.250083649611888,0.2912446527940805,,,0.0,lower_clv,True,3.1526527124691395,3.1526527124691395,0.2533031768594385,0.2505295484673117,,,0.2436306368818147,0.2867528486357509,3.0370342508305446,0.2312369232771898,2.9214157891919497,0.2527353480568522,0.2527353480568522,0.7353613217714957,0.6703380889306759,1.0,0.59,model_agreement_0.625_kelly,away,-9.49003279354752,False,0.2222576116849261,4.499283477488306,True,1.81
2026-03,data\historical_csv\football-data\2526\I1.csv:289,data\historical_csv\football-data\2526\I1.csv,289,2026-03-15,I1,Como,Roma,home,0.4504923328984877,0.4477037529912911,2.274,2.3,1.8078334302196184,0.0007885799071965,7,0.0,LB,2.0-3.0,sportsbook,0.4397537379067722,1.0244195650111612,0.0027885799071965,0.0017504846356048,0.8215403953283443,0.2029433420003218,0.3700976492618117,0.1428571428571428,1.1433597185575906,home:2.0-3.0,home:sportsbook,sportsbook:2.0-3.0,1.9637300852624409,1.9637300852624409,0.0,0.4483893143591136,0.450480364489578,0.4489983215283357,0.2912446527940805,,,0.0,lower_clv,True,1.7519106436866938,1.7519106436866938,0.447457830447171,0.4483245506939297,,,0.450480364489578,0.2867528486357509,1.8578203644745672,0.21181944157574706,1.7519106436866938,0.447457830447171,0.447457830447171,0.0,0.5880223718321099,1.0,0.86,model_agreement_0.625_kelly,home,2.7053503009825564,True,0.4516506169788151,2.214100816886309,True,1.1
2026-04,data\historical_csv\football-data\2526\T1.csv:244,data\historical_csv\football-data\2526\T1.csv,244,2026-04-04,T1,Kasimpasa,Kayserispor,away,0.2996129769863386,0.2894900447798069,3.65335,3.85,5.760845509630763,0.0081229322065317,5,0.05,BFE,3.0-4.0,exchange,0.2737213790083074,1.0945910694730403,0.0101229322065317,0.0271114164954949,1.2956445548851494,0.0897679359786162,0.3881919222052792,0.2,5.382730918198364,away:3.0-4.0,away:exchange,exchange:3.0-4.0,3.091671791738767,3.091671791738767,0.7040563671047726,0.2821839456710656,0.2876454288363842,0.2821839456710656,0.0,,,0.0,lower_clv,True,4.25712955497799,4.25712955497799,0.2853740527323634,0.2853740527323634,,,0.2876454288363842,0.0,3.6744006733583783,1.165457763239223,3.091671791738767,0.2821839456710656,0.2821839456710656,0.7461485821772305,0.7040563671047726,1.0,0.73,model_agreement_0.625_kelly,home,5.62025871425289,True,0.289105228664795,3.4589481643704785,False,-0.73
2026-04,data\historical_csv\football-data\2526\E1.csv:483,data\historical_csv\football-data\2526\E1.csv,483,2026-04-06,E1,Bristol City,Sheffield United,home,0.3328367737816556,0.3195785491438686,3.205,3.25,2.42492500060989,0.011258224637787,5,0.0,BW,3.0-4.0,sportsbook,0.31201248049922,1.0667418599702063,0.013258224637787,0.0338250623868039,1.1647120903726331,0.110780317981381,0.3876590145441154,0.2,1.4040561622464809,home:3.0-4.0,home:sportsbook,sportsbook:3.0-4.0,3.239072478132286,3.239072478132286,0.6075682779229139,0.322118790883408,0.3242893538891895,0.322118790883408,0.0,,,0.0,lower_clv,True,3.543391623553372,3.543391623553372,0.3230683045976704,0.3230683045976704,,,0.3242893538891895,0.0,3.391232050842829,0.30431914542108585,3.239072478132286,0.322118790883408,0.322118790883408,0.6229463694677528,0.6075682779229139,1.0,0.92,model_agreement_0.625_kelly,home,19.961321697737656,True,0.3742942954687602,2.6716944717194147,True,2.03
