date,league,home_team,away_team,outcome,actual_result,odds_bucket,fav_relation,market_shape,model_delta_bucket,pure_delta_bucket,probability,lower_ev,odds,stake,won,profit,rule_label,month
2024-04-14,SP2,Ferrol,Huesca,draw,home,"[2.8,3.5)",market_non_favorite,clear_favorite,medium_model_edge,pure_disagrees,0.359301,0.002676,2.9,1.0,False,-1.0,"ALL|draw|[2.8,3.5)|ev>=-0.02|market_shape=clear_favorite",2024-04
2024-04-20,E1,Sunderland,Millwall,draw,away,"[2.8,3.5)",market_non_favorite,clear_favorite,medium_model_edge,pure_disagrees,0.314519,-0.017957,3.25,1.0,False,-1.0,"ALL|draw|[2.8,3.5)|ev>=-0.02|market_shape=clear_favorite",2024-04
2024-05-03,I1,Torino,Bologna,draw,draw,"[2.8,3.5)",market_favorite,balanced,strong_model_edge,pure_disagrees,0.386342,0.039358,2.8,1.0,True,1.8,"ALL|draw|[2.8,3.5)|ev>=-0.01",2024-05
2024-05-04,SP2,Huesca,Oviedo,draw,away,"[2.8,3.5)",market_non_favorite,balanced,strong_model_edge,pure_disagrees,0.371476,0.037393,2.9,1.0,False,-1.0,"ALL|draw|[2.8,3.5)|ev>=-0.01",2024-05
2024-05-05,SP2,Eldense,Leganes,draw,away,"[2.8,3.5)",market_non_favorite,balanced,medium_model_edge,pure_disagrees,0.366338,0.022492,2.9,1.0,False,-1.0,"ALL|draw|[2.8,3.5)|ev>=-0.01",2024-05
2024-05-12,SP2,Cartagena,Tenerife,draw,home,"[2.8,3.5)",market_non_favorite,balanced,strong_model_edge,pure_disagrees,0.376927,0.053199,2.9,1.0,False,-1.0,"ALL|draw|[2.8,3.5)|ev>=-0.01",2024-05
2024-05-12,SP2,Albacete,Leganes,draw,home,"[2.8,3.5)",market_non_favorite,balanced,strong_model_edge,pure_disagrees,0.370695,0.035126,2.9,1.0,False,-1.0,"ALL|draw|[2.8,3.5)|ev>=-0.01",2024-05
2024-05-14,SP1,Osasuna,Mallorca,draw,draw,"[2.8,3.5)",market_non_favorite,balanced,strong_model_edge,pure_disagrees,0.379956,0.057625,2.9,1.0,True,1.9,"ALL|draw|[2.8,3.5)|ev>=-0.01",2024-05
2024-09-01,SP1,Getafe,Sociedad,draw,draw,"[2.8,3.5)",market_non_favorite,balanced,medium_model_edge,pure_disagrees,0.366284,0.017065,2.9,1.0,True,1.9,"ALL|draw|[2.8,3.5)|ev>=-0.02",2024-09
2024-09-01,SP1,Osasuna,Celta,draw,home,"[2.8,3.5)",market_non_favorite,balanced,medium_model_edge,pure_disagrees,0.320595,-0.008676,3.25,1.0,False,-1.0,"ALL|draw|[2.8,3.5)|ev>=-0.02",2024-09
2024-09-13,F2,Laval,Ajaccio,draw,draw,"[2.8,3.5)",market_non_favorite,balanced,strong_model_edge,pure_disagrees,0.369659,-0.009642,2.8,1.0,True,1.8,"ALL|draw|[2.8,3.5)|ev>=-0.02",2024-09
2024-09-21,SP2,Eldense,Oviedo,draw,draw,"[2.8,3.5)",market_non_favorite,balanced,strong_model_edge,pure_disagrees,0.375851,0.040082,2.88,1.0,True,1.88,"ALL|draw|[2.8,3.5)|ev>=-0.02",2024-09
2024-09-21,E2,Exeter,Stevenage,draw,home,"[2.8,3.5)",market_non_favorite,balanced,medium_model_edge,pure_small_edge,0.315019,-0.019844,3.25,1.0,False,-1.0,"ALL|draw|[2.8,3.5)|ev>=-0.02",2024-09
2024-09-22,SP1,Getafe,Leganes,draw,draw,"[2.8,3.5)",market_non_favorite,clear_favorite,medium_model_edge,pure_disagrees,0.3782,0.015358,2.8,1.0,True,1.8,"ALL|draw|[2.8,3.5)|ev>=-0.02",2024-09
2024-09-27,SP1,Valladolid,Mallorca,draw,away,"[2.8,3.5)",market_non_favorite,balanced,medium_model_edge,pure_disagrees,0.364885,0.013005,2.9,1.0,False,-1.0,"ALL|draw|[2.8,3.5)|ev>=-0.02",2024-09
2024-09-27,I2,Cittadella,Frosinone,draw,away,"[2.8,3.5)",market_non_favorite,balanced,medium_model_edge,pure_disagrees,0.31911,-0.015054,3.25,1.0,False,-1.0,"ALL|draw|[2.8,3.5)|ev>=-0.02",2024-09
2024-09-28,SP1,Getafe,Alaves,draw,home,"[2.8,3.5)",market_non_favorite,balanced,strong_model_edge,pure_disagrees,0.375405,0.036318,2.88,1.0,False,-1.0,"ALL|draw|[2.8,3.5)|ev>=-0.02",2024-09
2024-09-28,E0,Everton,Crystal Palace,draw,home,"[2.8,3.5)",market_non_favorite,balanced,medium_model_edge,pure_small_edge,0.316519,-0.007623,3.3,1.0,False,-1.0,"ALL|draw|[2.8,3.5)|ev>=-0.02",2024-09
2024-09-29,SP2,Oviedo,Eibar,draw,home,"[2.8,3.5)",market_non_favorite,clear_favorite,medium_model_edge,pure_disagrees,0.359223,-0.000914,2.9,1.0,False,-1.0,"ALL|draw|[2.8,3.5)|ev>=-0.02",2024-09
2024-12-01,E1,Derby,Sheffield Weds,draw,away,"[2.8,3.5)",market_non_favorite,balanced,medium_model_edge,pure_disagrees,0.323298,-0.008401,3.2,1.0,False,-1.0,"ALL|draw|[2.8,3.5)|ev>=-0.02",2024-12
2024-12-06,I2,Juve Stabia,Sudtirol,draw,home,"[2.8,3.5)",market_non_favorite,clear_favorite,strong_model_edge,pure_disagrees,0.395162,0.091402,2.88,1.0,False,-1.0,"ALL|draw|[2.8,3.5)|ev>=-0.02|market_shape=clear_favorite",2024-12
2024-12-07,SP2,La Coruna,Zaragoza,draw,draw,"[2.8,3.5)",market_non_favorite,clear_favorite,medium_model_edge,pure_disagrees,0.319776,-0.008314,3.25,1.0,True,2.25,"ALL|draw|[2.8,3.5)|ev>=-0.02|market_shape=clear_favorite",2024-12
2024-12-07,SP1,Valencia,Vallecano,draw,away,"[2.8,3.5)",market_non_favorite,clear_favorite,medium_model_edge,pure_disagrees,0.355683,-0.015199,2.9,1.0,False,-1.0,"ALL|draw|[2.8,3.5)|ev>=-0.02|market_shape=clear_favorite",2024-12
2024-12-08,I1,Venezia,Como,draw,draw,"[2.8,3.5)",market_non_favorite,balanced,medium_model_edge,pure_disagrees,0.318822,-0.001461,3.3,1.0,True,2.3,"ALL|draw|[2.8,3.5)|ev>=-0.02",2024-12
2024-12-08,SP2,Burgos,Eldense,draw,home,"[2.8,3.5)",market_non_favorite,clear_favorite,medium_model_edge,pure_disagrees,0.323971,-0.010145,3.2,1.0,False,-1.0,"ALL|draw|[2.8,3.5)|ev>=-0.02|market_shape=clear_favorite",2024-12
2024-12-08,E1,West Brom,Sheffield United,draw,draw,"[2.8,3.5)",market_non_favorite,balanced,medium_model_edge,pure_disagrees,0.321824,-0.013117,3.2,1.0,True,2.2,"ALL|draw|[2.8,3.5)|ev>=-0.02",2024-12
2024-12-13,I1,Empoli,Torino,draw,away,"[2.8,3.5)",market_non_favorite,balanced,strong_model_edge,pure_disagrees,0.414761,0.147756,2.88,1.0,False,-1.0,"ALL|draw|[2.8,3.5)|ev>=-0.02",2024-12
2024-12-13,E1,Derby,Portsmouth,draw,home,"[2.8,3.5)",market_non_favorite,clear_favorite,medium_model_edge,pure_disagrees,0.324647,-0.004083,3.2,1.0,False,-1.0,"ALL|draw|[2.8,3.5)|ev>=-0.02|market_shape=clear_favorite",2024-12
2024-12-14,I2,Reggiana,Modena,draw,away,"[2.8,3.5)",market_non_favorite,balanced,strong_model_edge,pure_disagrees,0.406943,0.094072,2.8,1.0,False,-1.0,"ALL|draw|[2.8,3.5)|ev>=-0.02",2024-12
2024-12-14,E1,Swansea,Sunderland,draw,away,"[2.8,3.5)",market_non_favorite,balanced,medium_model_edge,pure_disagrees,0.327271,0.004315,3.2,1.0,False,-1.0,"ALL|draw|[2.8,3.5)|ev>=-0.02",2024-12
2024-12-14,SP1,Espanol,Osasuna,draw,draw,"[2.8,3.5)",market_non_favorite,balanced,medium_model_edge,pure_disagrees,0.324676,-0.012544,3.2,1.0,True,2.2,"ALL|draw|[2.8,3.5)|ev>=-0.02",2024-12
2024-12-15,E1,Watford,West Brom,draw,home,"[2.8,3.5)",market_non_favorite,balanced,medium_model_edge,pure_small_edge,0.321977,0.002799,3.25,1.0,False,-1.0,"ALL|draw|[2.8,3.5)|ev>=-0.02",2024-12
2024-12-20,E1,Luton,Derby,draw,home,"[2.8,3.5)",market_non_favorite,clear_favorite,medium_model_edge,pure_disagrees,0.326178,0.000817,3.2,1.0,False,-1.0,"ALL|draw|[2.8,3.5)|ev>=-0.02|market_shape=clear_favorite",2024-12
2024-12-21,E1,QPR,Preston,draw,home,"[2.8,3.5)",market_non_favorite,balanced,medium_model_edge,pure_disagrees,0.331392,-0.014296,3.1,1.0,False,-1.0,"ALL|draw|[2.8,3.5)|ev>=-0.02",2024-12
2024-12-26,E1,Derby,West Brom,draw,home,"[2.8,3.5)",market_non_favorite,balanced,medium_model_edge,pure_disagrees,0.327842,0.006139,3.2,1.0,False,-1.0,"ALL|draw|[2.8,3.5)|ev>=-0.02",2024-12
2024-12-26,E1,Norwich,Millwall,draw,home,"[2.8,3.5)",market_non_favorite,clear_favorite,medium_model_edge,pure_disagrees,0.326122,0.000638,3.2,1.0,False,-1.0,"ALL|draw|[2.8,3.5)|ev>=-0.02|market_shape=clear_favorite",2024-12
2024-12-29,E1,Sheffield United,West Brom,draw,draw,"[2.8,3.5)",market_non_favorite,clear_favorite,medium_model_edge,pure_disagrees,0.319733,-0.019807,3.2,1.0,True,2.2,"ALL|draw|[2.8,3.5)|ev>=-0.02|market_shape=clear_favorite",2024-12
2025-03-01,I2,Juve Stabia,Cittadella,draw,away,"[2.8,3.5)",market_non_favorite,heavy_favorite,medium_model_edge,pure_disagrees,0.323848,-0.011217,3.2,1.0,False,-1.0,"DRAW_HEAVY_EU|draw|[2.8,3.5)|ev>=-0.02",2025-03
2025-03-02,G1,Levadeiakos,Atromitos,draw,away,"[2.8,3.5)",market_non_favorite,balanced,strong_model_edge,pure_disagrees,0.373875,0.030079,2.9,1.0,False,-1.0,"ALL|draw|[2.8,3.5)|ev>=-0.01",2025-03
2025-03-02,SP1,Leganes,Getafe,draw,home,"[2.8,3.5)",market_non_favorite,balanced,strong_model_edge,pure_disagrees,0.370657,0.023832,2.88,1.0,False,-1.0,"ALL|draw|[2.8,3.5)|ev>=-0.01",2025-03
2025-03-08,SP2,Zaragoza,Eldense,draw,away,"[2.8,3.5)",market_non_favorite,clear_favorite,medium_model_edge,pure_disagrees,0.324606,-0.005066,3.2,1.0,False,-1.0,"SP2|draw|[2.8,3.5)|ev>=-0.01",2025-03
2025-03-11,E1,Burnley,West Brom,draw,draw,"[2.8,3.5)",market_non_favorite,heavy_favorite,medium_model_edge,pure_disagrees,0.325421,0.00199,3.2,1.0,True,2.2,"ALL|draw|[2.8,3.5)|ev>=-0.01",2025-03
2025-03-11,E1,Middlesbrough,QPR,draw,home,"[2.8,3.5)",market_non_favorite,heavy_favorite,medium_model_edge,pure_disagrees,0.31525,-0.000263,3.3,1.0,False,-1.0,"ALL|draw|[2.8,3.5)|ev>=-0.01",2025-03
2025-03-14,I1,Genoa,Lecce,draw,home,"[2.8,3.5)",market_non_favorite,clear_favorite,strong_model_edge,pure_disagrees,0.389453,0.086166,2.9,1.0,False,-1.0,"ALL|draw|[2.8,3.5)|ev>=-0.01",2025-03
2025-03-15,I2,Juve Stabia,Modena,draw,home,"[2.8,3.5)",market_non_favorite,balanced,strong_model_edge,pure_disagrees,0.387043,0.071906,2.88,1.0,False,-1.0,"DRAW_HEAVY_EU|draw|[2.8,3.5)|ev>=-0.01",2025-03
2025-03-15,E1,Coventry,Sunderland,draw,home,"[2.8,3.5)",market_non_favorite,balanced,medium_model_edge,pure_disagrees,0.31918,-0.002637,3.25,1.0,False,-1.0,"ALL|draw|[2.8,3.5)|ev>=-0.01",2025-03
2025-03-15,E1,Swansea,Burnley,draw,away,"[2.8,3.5)",market_non_favorite,clear_favorite,medium_model_edge,pure_disagrees,0.322171,-0.008412,3.2,1.0,False,-1.0,"ALL|draw|[2.8,3.5)|ev>=-0.01",2025-03
2025-03-16,I2,Reggiana,Sampdoria,draw,draw,"[2.8,3.5)",market_non_favorite,balanced,strong_model_edge,pure_disagrees,0.403865,0.089231,2.8,1.0,True,1.8,"DRAW_HEAVY_EU|draw|[2.8,3.5)|ev>=-0.01",2025-03
2025-03-16,SP1,Osasuna,Getafe,draw,away,"[2.8,3.5)",market_non_favorite,clear_favorite,strong_model_edge,pure_disagrees,0.38242,0.057709,2.88,1.0,False,-1.0,"ALL|draw|[2.8,3.5)|ev>=-0.01",2025-03
2025-03-23,SP2,Sp Gijon,Albacete,draw,away,"[2.8,3.5)",market_non_favorite,heavy_favorite,medium_model_edge,pure_disagrees,0.321422,-0.015256,3.2,1.0,False,-1.0,"DRAW_HEAVY_EU|draw|[2.8,3.5)|ev>=-0.02",2025-03
2025-03-29,SP2,Eldense,Burgos,draw,draw,"[2.8,3.5)",market_non_favorite,balanced,strong_model_edge,pure_disagrees,0.399418,0.110898,2.88,1.0,True,1.88,"SP2|draw|[2.8,3.5)|ev>=-0.01",2025-03
2025-03-29,SP1,Alaves,Vallecano,draw,away,"[2.8,3.5)",market_non_favorite,clear_favorite,strong_model_edge,pure_disagrees,0.384743,0.071793,2.9,1.0,False,-1.0,"ALL|draw|[2.8,3.5)|ev>=-0.01",2025-03
2025-03-29,G1,Panetolikos,Levadeiakos,draw,away,"[2.8,3.5)",market_non_favorite,balanced,strong_model_edge,pure_disagrees,0.396735,0.058568,2.8,1.0,False,-1.0,"ALL|draw|[2.8,3.5)|ev>=-0.01",2025-03
2025-03-29,E2,Wycombe,Lincoln,draw,home,"[2.8,3.5)",market_non_favorite,clear_favorite,medium_model_edge,pure_disagrees,0.317978,-0.00731,3.25,1.0,False,-1.0,"ALL|draw|[2.8,3.5)|ev>=-0.01",2025-03
2025-03-29,SP2,Almeria,Levante,draw,home,"[2.8,3.5)",market_non_favorite,clear_favorite,medium_model_edge,pure_small_edge,0.316905,-0.014549,3.25,1.0,False,-1.0,"DRAW_HEAVY_EU|draw|[2.8,3.5)|ev>=-0.02",2025-03
2025-03-29,SP2,Ferrol,La Coruna,draw,away,"[2.8,3.5)",market_non_favorite,clear_favorite,medium_model_edge,pure_disagrees,0.320971,-0.016698,3.2,1.0,False,-1.0,"DRAW_HEAVY_EU|draw|[2.8,3.5)|ev>=-0.02",2025-03
2025-03-30,SP2,Huesca,Sp Gijon,draw,home,"[2.8,3.5)",market_non_favorite,balanced,strong_model_edge,pure_disagrees,0.399224,0.079497,2.8,1.0,False,-1.0,"SP2|draw|[2.8,3.5)|ev>=-0.01",2025-03
2025-08-23,SP2,Ceuta,Sp Gijon,draw,away,"[2.8,3.5)",market_non_favorite,balanced,strong_model_edge,pure_disagrees,0.368616,0.020096,2.88,1.0,False,-1.0,"DRAW_HEAVY_EU|draw|[2.8,3.5)|ev>=-0.01",2025-08
2025-11-01,E1,QPR,Ipswich,away,away,"[1.8,2.2)",market_favorite,clear_favorite,medium_model_edge,pure_disagrees,0.50185,-0.018985,2.01,1.0,True,1.01,"ALL|away|[1.8,2.2)|ev>=-0.02",2025-11
2025-11-21,F1,Nice,Marseille,away,away,"[1.8,2.2)",market_favorite,heavy_favorite,medium_model_edge,pure_disagrees,0.533313,-0.01543,1.91,1.0,True,0.91,"ALL|away|[1.8,2.2)|ev>=-0.02|market_shape=heavy_favorite",2025-11
2025-11-22,E2,Northampton,Cardiff,away,away,"[1.8,2.2)",market_favorite,clear_favorite,strong_model_edge,pure_disagrees,0.509159,-0.004157,2.01,1.0,True,1.01,"ALL|away|[1.8,2.2)|ev>=-0.02",2025-11
2025-11-22,E0,Wolves,Crystal Palace,away,away,"[1.8,2.2)",market_favorite,heavy_favorite,medium_model_edge,pure_disagrees,0.520442,-0.016993,1.95,1.0,True,0.95,"ALL|away|[1.8,2.2)|ev>=-0.02|market_shape=heavy_favorite",2025-11
2025-11-22,E0,Newcastle,Man City,away,home,"[1.8,2.2)",market_favorite,heavy_favorite,medium_model_edge,pure_disagrees,0.520442,-0.016993,1.95,1.0,False,-1.0,"ALL|away|[1.8,2.2)|ev>=-0.02|market_shape=heavy_favorite",2025-11
2026-04-05,F1,Angers,Lyon,away,draw,"[1.8,2.2)",market_favorite,heavy_favorite,strong_model_edge,pure_disagrees,0.571021,-0.001937,1.8,1.0,False,-1.0,"ALL|away|[1.8,2.2)|ev>=-0.02",2026-04
