date,bets,staked,profit,cumulative_profit,drawdown
2021-12-03,4,22.3,-3.89,-3.89,3.89
2021-12-04,3,10.6,0.85,-3.04,3.04
2021-12-05,1,12.5,-12.5,-15.54,15.54
2021-12-10,3,24.5,15.23,-0.31,0.31
2021-12-11,6,60.8,25.11,24.8,0.0
2021-12-12,1,15.0,15.43,40.23,0.0
2021-12-15,1,3.0,7.35,47.58,0.0
2021-12-19,1,4.0,3.92,51.5,0.0
2021-12-20,1,2.5,-2.5,49.0,2.5
2021-12-27,1,4.0,-4.0,45.0,6.5
2022-01-02,1,4.3,-4.3,40.7,10.8
2022-01-13,1,5.0,4.41,45.11,6.39
2022-01-14,1,13.5,33.08,78.19,0.0
2022-02-01,1,3.0,-3.0,75.19,3.0
2022-02-04,1,3.0,2.44,77.63,0.56
2022-02-05,1,8.1,-8.1,69.53,8.66
2022-02-06,1,12.5,-12.5,57.03,21.16
2022-02-12,3,24.4,39.51,96.54,0.0
2022-02-13,5,27.0,-20.0,76.54,20.0
2022-02-18,1,15.0,21.32,97.86,0.0
2022-02-19,2,24.3,18.19,116.05,0.0
2022-02-20,2,7.7,-7.7,108.35,7.7
2022-02-25,3,12.7,-5.42,102.93,13.12
2022-02-26,5,20.51,21.08,124.01,0.0
2022-02-27,3,10.1,15.53,139.54,0.0
2022-03-05,2,20.6,-20.6,118.94,20.6
2022-03-12,1,6.4,-6.4,112.54,27.0
2022-03-13,2,15.0,-15.0,97.54,42.0
2022-03-15,2,15.0,0.65,98.19,41.35
2022-03-19,1,15.0,-15.0,83.19,56.35
2022-03-20,1,15.0,-15.0,68.19,71.35
2022-03-26,2,15.0,1.81,70.0,69.54
2022-03-27,1,15.0,22.79,92.79,46.75
2022-03-28,1,15.0,19.11,111.9,27.64
2022-04-09,3,30.0,31.88,143.78,0.0
2022-04-10,3,15.0,-3.77,140.01,3.77
2022-04-25,2,13.4,-13.4,126.61,17.17
2022-04-29,1,15.0,12.5,139.11,4.67
2022-04-30,2,15.0,16.37,155.48,0.0
2022-05-01,1,15.0,17.64,173.12,0.0
2022-05-07,1,15.0,-15.0,158.12,15.0
2022-05-21,3,15.0,-6.39,151.73,21.39
2022-08-05,1,13.6,8.0,159.73,13.39
2022-08-06,1,5.0,15.43,175.16,0.0
2022-08-13,2,17.4,-17.4,157.76,17.4
2022-08-14,1,15.0,24.99,182.75,0.0
2022-08-15,1,11.0,-11.0,171.75,11.0
2022-08-22,1,5.0,-5.0,166.75,16.0
2022-08-27,1,6.0,-6.0,160.75,22.0
2022-08-28,1,13.6,20.66,181.41,1.34
2022-09-17,1,1.8,-1.8,179.61,3.14
2022-09-24,1,12.2,-12.2,167.41,15.34
2022-09-25,1,4.3,-4.3,163.11,19.64
2022-10-07,1,7.5,-7.5,155.61,27.14
2022-10-08,2,9.4,-0.73,154.88,27.87
2022-10-14,1,2.8,-2.8,152.08,30.67
2022-10-19,1,7.1,-7.1,144.98,37.77
2022-10-21,1,15.0,16.17,161.15,21.6
2022-10-22,1,3.5,-3.5,157.65,25.1
2022-10-31,1,11.7,-11.7,145.95,36.8
2022-11-05,2,12.0,1.99,147.94,34.81
2022-11-06,1,2.8,-2.8,145.14,37.61
2022-11-11,1,5.0,-5.0,140.14,42.61
2022-11-19,1,3.0,-3.0,137.14,45.61
2022-12-11,1,5.7,-5.7,131.44,51.31
2023-01-01,1,2.8,-2.8,128.64,54.11
2023-01-15,2,9.2,-9.2,119.44,63.31
2023-01-17,1,2.8,-2.8,116.64,66.11
2023-01-28,1,3.2,10.32,126.96,55.79
2023-02-04,1,4.9,-4.9,122.06,60.69
2023-02-11,1,9.6,-9.6,112.46,70.29
2023-02-17,1,8.3,-8.3,104.16,78.59
2023-02-19,1,4.8,-4.8,99.36,83.39
2023-02-20,1,5.4,-5.4,93.96,88.79
2023-02-21,1,8.4,-8.4,85.56,97.19
2023-02-25,1,5.3,-5.3,80.26,102.49
2023-02-27,1,8.0,-8.0,72.26,110.49
2023-02-28,2,13.7,49.2,121.46,61.29
2023-03-04,1,2.5,-2.5,118.96,63.79
2023-03-18,3,8.0,-8.0,110.96,71.79
2023-03-26,2,15.0,-15.0,95.96,86.79
2023-03-27,1,5.2,-5.2,90.76,91.99
2023-03-31,1,15.0,13.96,104.72,78.03
2023-04-01,3,33.0,28.9,133.62,49.13
2023-04-05,1,8.0,-8.0,125.62,57.13
2023-04-08,2,6.4,-6.4,119.22,63.53
2023-04-15,2,7.4,-7.4,111.82,70.93
2023-04-18,1,15.0,12.05,123.87,58.88
2023-04-21,1,11.3,9.97,133.84,48.91
2023-04-22,1,2.8,-2.8,131.04,51.71
2023-04-25,1,6.5,-6.5,124.54,58.21
2023-04-29,1,15.0,-15.0,109.54,73.21
2023-04-30,1,9.0,22.05,131.59,51.16
2023-05-06,1,15.0,-15.0,116.59,66.16
2023-05-08,1,15.0,-15.0,101.59,81.16
2023-05-13,1,15.0,19.11,120.7,62.05
2023-08-30,1,7.2,17.64,138.34,44.41
2023-10-21,1,15.0,9.7,148.04,34.71
2023-12-17,1,11.7,-11.7,136.34,46.41
2024-02-03,1,3.0,9.41,145.75,37.0
2024-02-17,1,2.2,6.47,152.22,30.53
2024-03-12,1,1.8,5.64,157.86,24.89
2024-04-09,2,4.4,1.13,158.99,23.76
2024-05-05,1,1.8,-1.8,157.19,25.56
2024-05-10,1,2.5,-2.5,154.69,28.06
2024-05-18,1,6.2,11.54,166.23,16.52
2024-08-10,2,19.9,13.42,179.65,3.1
2024-08-11,1,9.2,25.27,204.92,0.0
2024-08-16,1,7.2,-7.2,197.72,7.2
2024-08-17,2,13.3,-13.3,184.42,20.5
2024-08-18,1,8.4,-8.4,176.02,28.9
2024-08-24,8,53.4,17.71,193.73,11.19
2024-08-25,4,30.8,-5.25,188.48,16.44
2024-08-27,2,15.0,-15.0,173.48,31.44
2024-08-30,1,6.6,-6.6,166.88,38.04
2024-08-31,6,46.3,39.21,206.09,0.0
2024-09-20,1,3.5,-3.5,202.59,3.5
2024-09-21,1,4.6,10.5,213.09,0.0
2024-09-22,2,7.6,3.71,216.8,0.0
2024-09-28,1,6.6,-6.6,210.2,6.6
2024-10-04,1,3.3,-3.3,206.9,9.9
2024-10-19,1,4.4,7.76,214.66,2.14
2024-10-29,2,15.0,-5.68,208.98,7.82
2024-12-29,1,15.0,44.39,253.37,0.0
2025-01-12,1,5.4,-5.4,247.97,5.4
2025-01-18,1,3.4,9.03,257.0,0.0
2025-02-02,2,13.2,-13.2,243.8,13.2
2025-02-08,3,24.4,-24.4,219.4,37.6
2025-02-15,4,34.6,28.04,247.44,9.56
2025-02-16,2,15.0,27.08,274.52,0.0
2025-02-17,2,13.0,-13.0,261.52,13.0
2025-02-21,2,24.6,-24.6,236.92,37.6
2025-02-22,1,10.0,23.91,260.83,13.69
2025-02-23,1,8.6,-8.6,252.23,22.29
2025-02-24,2,21.1,65.17,317.4,0.0
2025-03-01,1,7.4,-7.4,310.0,7.4
2025-03-02,1,9.0,-9.0,301.0,16.4
2025-03-08,1,7.5,22.34,323.34,0.0
2025-03-09,1,6.8,-6.8,316.54,6.8
2025-03-10,1,7.2,-7.2,309.34,14.0
2025-03-21,1,4.5,-4.5,304.84,18.5
2025-03-28,1,3.6,-3.6,301.24,22.1
2025-03-31,1,5.3,12.47,313.71,9.63
2025-04-07,1,9.0,-9.0,304.71,18.63
2025-04-13,1,8.0,16.86,321.57,1.77
2025-04-18,1,10.0,-10.0,311.57,11.77
2025-04-20,2,15.0,8.1,319.67,3.67
2025-04-27,2,23.0,-23.0,296.67,26.67
2025-05-01,1,8.6,-8.6,288.07,35.27
2025-05-03,1,3.4,6.66,294.73,28.61
2025-05-04,2,17.6,13.27,308.0,15.34
2025-05-05,1,3.2,-3.2,304.8,18.54
2025-05-09,2,18.0,-3.45,301.35,21.99
2025-05-17,1,5.6,-5.6,295.75,27.59
2025-05-18,2,9.2,3.21,298.96,24.38
2025-09-14,2,13.0,10.19,309.15,14.19
2025-09-20,1,15.0,-15.0,294.15,29.19
2025-09-21,1,6.4,18.88,313.03,10.31
2025-09-28,1,12.8,36.94,349.97,0.0
2025-10-05,2,13.6,-13.6,336.37,13.6
2025-10-22,1,7.3,18.6,354.97,0.0
2025-10-24,1,12.6,26.3,381.27,0.0
2025-10-25,1,8.3,25.3,406.57,0.0
2025-10-26,2,15.0,-15.0,391.57,15.0
2025-10-27,1,6.9,-6.9,384.67,21.9
2025-10-31,1,6.9,-6.9,377.77,28.8
2025-11-05,1,11.0,-11.0,366.77,39.8
2025-11-29,2,15.2,8.65,375.42,31.15
2025-11-30,1,15.0,49.1,424.52,0.0
2025-12-01,1,7.2,-7.2,417.32,7.2
2025-12-06,1,7.8,-7.8,409.52,15.0
2025-12-08,1,13.6,42.65,452.17,0.0
2025-12-13,1,5.6,-5.6,446.57,5.6
2025-12-26,1,2.5,-2.5,444.07,8.1
2025-12-29,1,3.0,-3.0,441.07,11.1
2026-01-03,1,9.7,-9.7,431.37,20.8
2026-01-10,1,5.1,16.14,447.51,4.66
2026-01-19,1,5.3,-5.3,442.21,9.96
2026-01-23,1,11.8,-11.8,430.41,21.76
2026-01-31,3,30.0,41.3,471.71,0.0
2026-02-03,1,3.0,10.58,482.29,0.0
2026-03-07,1,3.8,-3.8,478.49,3.8
2026-03-08,2,6.1,6.12,484.61,0.0
2026-04-04,1,15.0,-15.0,469.61,15.0
2026-04-06,1,15.0,33.08,502.69,0.0
2026-04-16,1,5.6,19.21,521.9,0.0
