date,bets,staked,profit,cumulative_profit,drawdown,cash_reserved,month,monthly_cumulative_profit,monthly_drawdown
2021-12-01,0,0.0,0.0,0.0,0.0,100.0,2021-12,0.0,0.0
2021-12-02,0,0.0,0.0,0.0,0.0,100.0,2021-12,0.0,0.0
2021-12-03,0,0.0,0.0,0.0,0.0,100.0,2021-12,0.0,0.0
2021-12-04,0,0.0,0.0,0.0,0.0,100.0,2021-12,0.0,0.0
2021-12-05,1,1.25,-1.25,-1.25,1.25,98.75,2021-12,-1.25,1.25
2021-12-06,0,0.0,0.0,-1.25,1.25,100.0,2021-12,-1.25,1.25
2021-12-07,0,0.0,0.0,-1.25,1.25,100.0,2021-12,-1.25,1.25
2021-12-08,0,0.0,0.0,-1.25,1.25,100.0,2021-12,-1.25,1.25
2021-12-09,0,0.0,0.0,-1.25,1.25,100.0,2021-12,-1.25,1.25
2021-12-10,1,4.05,3.89,2.64,0.0,95.95,2021-12,2.64,0.0
2021-12-11,2,3.15,1.17,3.81,0.0,96.85,2021-12,3.81,0.0
2021-12-12,1,3.74,3.85,7.66,0.0,96.26,2021-12,7.66,0.0
2021-12-13,0,0.0,0.0,7.66,0.0,100.0,2021-12,7.66,0.0
2021-12-14,0,0.0,0.0,7.66,0.0,100.0,2021-12,7.66,0.0
2021-12-15,0,0.0,0.0,7.66,0.0,100.0,2021-12,7.66,0.0
2021-12-16,0,0.0,0.0,7.66,0.0,100.0,2021-12,7.66,0.0
2021-12-17,0,0.0,0.0,7.66,0.0,100.0,2021-12,7.66,0.0
2021-12-18,0,0.0,0.0,7.66,0.0,100.0,2021-12,7.66,0.0
2021-12-19,0,0.0,0.0,7.66,0.0,100.0,2021-12,7.66,0.0
2021-12-20,0,0.0,0.0,7.66,0.0,100.0,2021-12,7.66,0.0
2021-12-21,0,0.0,0.0,7.66,0.0,100.0,2021-12,7.66,0.0
2021-12-22,0,0.0,0.0,7.66,0.0,100.0,2021-12,7.66,0.0
2021-12-23,0,0.0,0.0,7.66,0.0,100.0,2021-12,7.66,0.0
2021-12-24,0,0.0,0.0,7.66,0.0,100.0,2021-12,7.66,0.0
2021-12-25,0,0.0,0.0,7.66,0.0,100.0,2021-12,7.66,0.0
2021-12-26,0,0.0,0.0,7.66,0.0,100.0,2021-12,7.66,0.0
2021-12-27,1,0.4,-0.4,7.26,0.4,99.6,2021-12,7.26,0.4
2021-12-28,0,0.0,0.0,7.26,0.4,100.0,2021-12,7.26,0.4
2021-12-29,0,0.0,0.0,7.26,0.4,100.0,2021-12,7.26,0.4
2021-12-30,0,0.0,0.0,7.26,0.4,100.0,2021-12,7.26,0.4
2021-12-31,0,0.0,0.0,7.26,0.4,100.0,2021-12,7.26,0.4
2022-01-01,0,0.0,0.0,7.26,0.4,100.0,2022-01,0.0,0.0
2022-01-02,0,0.0,0.0,7.26,0.4,100.0,2022-01,0.0,0.0
2022-01-03,0,0.0,0.0,7.26,0.4,100.0,2022-01,0.0,0.0
2022-01-04,0,0.0,0.0,7.26,0.4,100.0,2022-01,0.0,0.0
2022-01-05,0,0.0,0.0,7.26,0.4,100.0,2022-01,0.0,0.0
2022-01-06,0,0.0,0.0,7.26,0.4,100.0,2022-01,0.0,0.0
2022-01-07,0,0.0,0.0,7.26,0.4,100.0,2022-01,0.0,0.0
2022-01-08,0,0.0,0.0,7.26,0.4,100.0,2022-01,0.0,0.0
2022-01-09,0,0.0,0.0,7.26,0.4,100.0,2022-01,0.0,0.0
2022-01-10,0,0.0,0.0,7.26,0.4,100.0,2022-01,0.0,0.0
2022-01-11,0,0.0,0.0,7.26,0.4,100.0,2022-01,0.0,0.0
2022-01-12,0,0.0,0.0,7.26,0.4,100.0,2022-01,0.0,0.0
2022-01-13,0,0.0,0.0,7.26,0.4,100.0,2022-01,0.0,0.0
2022-01-14,1,1.35,3.31,10.57,0.0,98.65,2022-01,3.31,0.0
2022-01-15,0,0.0,0.0,10.57,0.0,100.0,2022-01,3.31,0.0
2022-01-16,0,0.0,0.0,10.57,0.0,100.0,2022-01,3.31,0.0
2022-01-17,0,0.0,0.0,10.57,0.0,100.0,2022-01,3.31,0.0
2022-01-18,0,0.0,0.0,10.57,0.0,100.0,2022-01,3.31,0.0
2022-01-19,0,0.0,0.0,10.57,0.0,100.0,2022-01,3.31,0.0
2022-01-20,0,0.0,0.0,10.57,0.0,100.0,2022-01,3.31,0.0
2022-01-21,0,0.0,0.0,10.57,0.0,100.0,2022-01,3.31,0.0
2022-01-22,0,0.0,0.0,10.57,0.0,100.0,2022-01,3.31,0.0
2022-01-23,0,0.0,0.0,10.57,0.0,100.0,2022-01,3.31,0.0
2022-01-24,0,0.0,0.0,10.57,0.0,100.0,2022-01,3.31,0.0
2022-01-25,0,0.0,0.0,10.57,0.0,100.0,2022-01,3.31,0.0
2022-01-26,0,0.0,0.0,10.57,0.0,100.0,2022-01,3.31,0.0
2022-01-27,0,0.0,0.0,10.57,0.0,100.0,2022-01,3.31,0.0
2022-01-28,0,0.0,0.0,10.57,0.0,100.0,2022-01,3.31,0.0
2022-01-29,0,0.0,0.0,10.57,0.0,100.0,2022-01,3.31,0.0
2022-01-30,0,0.0,0.0,10.57,0.0,100.0,2022-01,3.31,0.0
2022-01-31,0,0.0,0.0,10.57,0.0,100.0,2022-01,3.31,0.0
2022-02-01,0,0.0,0.0,10.57,0.0,100.0,2022-02,0.0,0.0
2022-02-02,0,0.0,0.0,10.57,0.0,100.0,2022-02,0.0,0.0
2022-02-03,0,0.0,0.0,10.57,0.0,100.0,2022-02,0.0,0.0
2022-02-04,0,0.0,0.0,10.57,0.0,100.0,2022-02,0.0,0.0
2022-02-05,1,0.81,-0.81,9.76,0.81,99.19,2022-02,-0.81,0.81
2022-02-06,1,1.25,-1.25,8.51,2.06,98.75,2022-02,-2.06,2.06
2022-02-07,0,0.0,0.0,8.51,2.06,100.0,2022-02,-2.06,2.06
2022-02-08,0,0.0,0.0,8.51,2.06,100.0,2022-02,-2.06,2.06
2022-02-09,0,0.0,0.0,8.51,2.06,100.0,2022-02,-2.06,2.06
2022-02-10,0,0.0,0.0,8.51,2.06,100.0,2022-02,-2.06,2.06
2022-02-11,0,0.0,0.0,8.51,2.06,100.0,2022-02,-2.06,2.06
2022-02-12,2,6.49,7.93,16.44,0.0,93.51,2022-02,5.87,0.0
2022-02-13,2,15.0,-7.7,8.74,7.7,85.0,2022-02,-1.83,7.7
2022-02-14,0,0.0,0.0,8.74,7.7,100.0,2022-02,-1.83,7.7
2022-02-15,0,0.0,0.0,8.74,7.7,100.0,2022-02,-1.83,7.7
2022-02-16,0,0.0,0.0,8.74,7.7,100.0,2022-02,-1.83,7.7
2022-02-17,0,0.0,0.0,8.74,7.7,100.0,2022-02,-1.83,7.7
2022-02-18,1,5.4,7.67,16.41,0.03,94.6,2022-02,5.84,0.03
2022-02-19,2,3.55,3.87,20.28,0.0,96.45,2022-02,9.71,0.0
2022-02-20,0,0.0,0.0,20.28,0.0,100.0,2022-02,9.71,0.0
2022-02-21,0,0.0,0.0,20.28,0.0,100.0,2022-02,9.71,0.0
2022-02-22,0,0.0,0.0,20.28,0.0,100.0,2022-02,9.71,0.0
2022-02-23,0,0.0,0.0,20.28,0.0,100.0,2022-02,9.71,0.0
2022-02-24,0,0.0,0.0,20.28,0.0,100.0,2022-02,9.71,0.0
2022-02-25,1,0.52,-0.52,19.76,0.52,99.48,2022-02,9.19,0.52
2022-02-26,3,9.75,8.8,28.56,0.0,90.25,2022-02,17.99,0.0
2022-02-27,1,0.48,1.28,29.84,0.0,99.52,2022-02,19.27,0.0
2022-02-28,0,0.0,0.0,29.84,0.0,100.0,2022-02,19.27,0.0
2022-03-01,0,0.0,0.0,29.84,0.0,100.0,2022-03,0.0,0.0
2022-03-02,0,0.0,0.0,29.84,0.0,100.0,2022-03,0.0,0.0
2022-03-03,0,0.0,0.0,29.84,0.0,100.0,2022-03,0.0,0.0
2022-03-04,0,0.0,0.0,29.84,0.0,100.0,2022-03,0.0,0.0
2022-03-05,1,8.34,-8.34,21.5,8.34,91.66,2022-03,-8.34,8.34
2022-03-06,0,0.0,0.0,21.5,8.34,100.0,2022-03,-8.34,8.34
2022-03-07,0,0.0,0.0,21.5,8.34,100.0,2022-03,-8.34,8.34
2022-03-08,0,0.0,0.0,21.5,8.34,100.0,2022-03,-8.34,8.34
2022-03-09,0,0.0,0.0,21.5,8.34,100.0,2022-03,-8.34,8.34
2022-03-10,0,0.0,0.0,21.5,8.34,100.0,2022-03,-8.34,8.34
2022-03-11,0,0.0,0.0,21.5,8.34,100.0,2022-03,-8.34,8.34
2022-03-12,0,0.0,0.0,21.5,8.34,100.0,2022-03,-8.34,8.34
2022-03-13,2,5.09,-5.09,16.41,13.43,94.91,2022-03,-13.43,13.43
2022-03-14,0,0.0,0.0,16.41,13.43,100.0,2022-03,-13.43,13.43
2022-03-15,2,6.64,0.29,16.7,13.14,93.36,2022-03,-13.14,13.14
2022-03-16,0,0.0,0.0,16.7,13.14,100.0,2022-03,-13.14,13.14
2022-03-17,0,0.0,0.0,16.7,13.14,100.0,2022-03,-13.14,13.14
2022-03-18,0,0.0,0.0,16.7,13.14,100.0,2022-03,-13.14,13.14
2022-03-19,1,6.93,-6.93,9.77,20.07,93.07,2022-03,-20.07,20.07
2022-03-20,1,2.73,-2.73,7.04,22.8,97.27,2022-03,-22.8,22.8
2022-03-21,0,0.0,0.0,7.04,22.8,100.0,2022-03,-22.8,22.8
2022-03-22,0,0.0,0.0,7.04,22.8,100.0,2022-03,-22.8,22.8
2022-03-23,0,0.0,0.0,7.04,22.8,100.0,2022-03,-22.8,22.8
2022-03-24,0,0.0,0.0,7.04,22.8,100.0,2022-03,-22.8,22.8
2022-03-25,0,0.0,0.0,7.04,22.8,100.0,2022-03,-22.8,22.8
2022-03-26,2,10.35,1.25,8.29,21.55,89.65,2022-03,-21.55,21.55
2022-03-27,1,3.99,6.06,14.35,15.49,96.01,2022-03,-15.49,15.49
2022-03-28,1,2.71,3.45,17.8,12.04,97.29,2022-03,-12.04,12.04
2022-03-29,0,0.0,0.0,17.8,12.04,100.0,2022-03,-12.04,12.04
2022-03-30,0,0.0,0.0,17.8,12.04,100.0,2022-03,-12.04,12.04
2022-03-31,0,0.0,0.0,17.8,12.04,100.0,2022-03,-12.04,12.04
2022-04-01,0,0.0,0.0,17.8,12.04,100.0,2022-04,0.0,0.0
2022-04-02,0,0.0,0.0,17.8,12.04,100.0,2022-04,0.0,0.0
2022-04-03,0,0.0,0.0,17.8,12.04,100.0,2022-04,0.0,0.0
2022-04-04,0,0.0,0.0,17.8,12.04,100.0,2022-04,0.0,0.0
2022-04-05,0,0.0,0.0,17.8,12.04,100.0,2022-04,0.0,0.0
2022-04-06,0,0.0,0.0,17.8,12.04,100.0,2022-04,0.0,0.0
2022-04-07,0,0.0,0.0,17.8,12.04,100.0,2022-04,0.0,0.0
2022-04-08,0,0.0,0.0,17.8,12.04,100.0,2022-04,0.0,0.0
2022-04-09,2,9.96,8.67,26.47,3.37,90.04,2022-04,8.67,0.0
2022-04-10,3,9.38,-1.94,24.53,5.31,90.62,2022-04,6.73,1.94
2022-04-11,0,0.0,0.0,24.53,5.31,100.0,2022-04,6.73,1.94
2022-04-12,0,0.0,0.0,24.53,5.31,100.0,2022-04,6.73,1.94
2022-04-13,0,0.0,0.0,24.53,5.31,100.0,2022-04,6.73,1.94
2022-04-14,0,0.0,0.0,24.53,5.31,100.0,2022-04,6.73,1.94
2022-04-15,0,0.0,0.0,24.53,5.31,100.0,2022-04,6.73,1.94
2022-04-16,0,0.0,0.0,24.53,5.31,100.0,2022-04,6.73,1.94
2022-04-17,0,0.0,0.0,24.53,5.31,100.0,2022-04,6.73,1.94
2022-04-18,0,0.0,0.0,24.53,5.31,100.0,2022-04,6.73,1.94
2022-04-19,0,0.0,0.0,24.53,5.31,100.0,2022-04,6.73,1.94
2022-04-20,0,0.0,0.0,24.53,5.31,100.0,2022-04,6.73,1.94
2022-04-21,0,0.0,0.0,24.53,5.31,100.0,2022-04,6.73,1.94
2022-04-22,0,0.0,0.0,24.53,5.31,100.0,2022-04,6.73,1.94
2022-04-23,0,0.0,0.0,24.53,5.31,100.0,2022-04,6.73,1.94
2022-04-24,0,0.0,0.0,24.53,5.31,100.0,2022-04,6.73,1.94
2022-04-25,0,0.0,0.0,24.53,5.31,100.0,2022-04,6.73,1.94
2022-04-26,0,0.0,0.0,24.53,5.31,100.0,2022-04,6.73,1.94
2022-04-27,0,0.0,0.0,24.53,5.31,100.0,2022-04,6.73,1.94
2022-04-28,0,0.0,0.0,24.53,5.31,100.0,2022-04,6.73,1.94
2022-04-29,1,11.0,9.16,33.69,0.0,89.0,2022-04,15.89,0.0
2022-04-30,2,15.0,16.46,50.15,0.0,85.0,2022-04,32.35,0.0
2022-05-01,1,8.03,9.44,59.59,0.0,91.97,2022-05,9.44,0.0
2022-05-02,0,0.0,0.0,59.59,0.0,100.0,2022-05,9.44,0.0
2022-05-03,0,0.0,0.0,59.59,0.0,100.0,2022-05,9.44,0.0
2022-05-04,0,0.0,0.0,59.59,0.0,100.0,2022-05,9.44,0.0
2022-05-05,0,0.0,0.0,59.59,0.0,100.0,2022-05,9.44,0.0
2022-05-06,0,0.0,0.0,59.59,0.0,100.0,2022-05,9.44,0.0
2022-05-07,1,1.89,-1.89,57.7,1.89,98.11,2022-05,7.55,1.89
2022-05-08,0,0.0,0.0,57.7,1.89,100.0,2022-05,7.55,1.89
2022-05-09,0,0.0,0.0,57.7,1.89,100.0,2022-05,7.55,1.89
2022-05-10,0,0.0,0.0,57.7,1.89,100.0,2022-05,7.55,1.89
2022-05-11,0,0.0,0.0,57.7,1.89,100.0,2022-05,7.55,1.89
2022-05-12,0,0.0,0.0,57.7,1.89,100.0,2022-05,7.55,1.89
2022-05-13,0,0.0,0.0,57.7,1.89,100.0,2022-05,7.55,1.89
2022-05-14,0,0.0,0.0,57.7,1.89,100.0,2022-05,7.55,1.89
2022-05-15,0,0.0,0.0,57.7,1.89,100.0,2022-05,7.55,1.89
2022-05-16,0,0.0,0.0,57.7,1.89,100.0,2022-05,7.55,1.89
2022-05-17,0,0.0,0.0,57.7,1.89,100.0,2022-05,7.55,1.89
2022-05-18,0,0.0,0.0,57.7,1.89,100.0,2022-05,7.55,1.89
2022-05-19,0,0.0,0.0,57.7,1.89,100.0,2022-05,7.55,1.89
2022-05-20,0,0.0,0.0,57.7,1.89,100.0,2022-05,7.55,1.89
2022-05-21,3,15.0,-6.36,51.34,8.25,85.0,2022-05,1.19,8.25
2022-05-22,0,0.0,0.0,51.34,8.25,100.0,2022-05,1.19,8.25
2022-05-23,0,0.0,0.0,51.34,8.25,100.0,2022-05,1.19,8.25
2022-05-24,0,0.0,0.0,51.34,8.25,100.0,2022-05,1.19,8.25
2022-05-25,0,0.0,0.0,51.34,8.25,100.0,2022-05,1.19,8.25
2022-05-26,0,0.0,0.0,51.34,8.25,100.0,2022-05,1.19,8.25
2022-05-27,0,0.0,0.0,51.34,8.25,100.0,2022-05,1.19,8.25
2022-05-28,0,0.0,0.0,51.34,8.25,100.0,2022-05,1.19,8.25
2022-05-29,0,0.0,0.0,51.34,8.25,100.0,2022-05,1.19,8.25
2022-05-30,0,0.0,0.0,51.34,8.25,100.0,2022-05,1.19,8.25
2022-05-31,0,0.0,0.0,51.34,8.25,100.0,2022-05,1.19,8.25
2022-10-01,0,0.0,0.0,51.34,8.25,100.0,2022-10,0.0,0.0
2022-10-02,0,0.0,0.0,51.34,8.25,100.0,2022-10,0.0,0.0
2022-10-03,0,0.0,0.0,51.34,8.25,100.0,2022-10,0.0,0.0
2022-10-04,0,0.0,0.0,51.34,8.25,100.0,2022-10,0.0,0.0
2022-10-05,0,0.0,0.0,51.34,8.25,100.0,2022-10,0.0,0.0
2022-10-06,0,0.0,0.0,51.34,8.25,100.0,2022-10,0.0,0.0
2022-10-07,0,0.0,0.0,51.34,8.25,100.0,2022-10,0.0,0.0
2022-10-08,1,0.22,0.65,51.99,7.6,99.78,2022-10,0.65,0.0
2022-10-09,0,0.0,0.0,51.99,7.6,100.0,2022-10,0.65,0.0
2022-10-10,0,0.0,0.0,51.99,7.6,100.0,2022-10,0.65,0.0
2022-10-11,0,0.0,0.0,51.99,7.6,100.0,2022-10,0.65,0.0
2022-10-12,0,0.0,0.0,51.99,7.6,100.0,2022-10,0.65,0.0
2022-10-13,0,0.0,0.0,51.99,7.6,100.0,2022-10,0.65,0.0
2022-10-14,0,0.0,0.0,51.99,7.6,100.0,2022-10,0.65,0.0
2022-10-15,0,0.0,0.0,51.99,7.6,100.0,2022-10,0.65,0.0
2022-10-16,0,0.0,0.0,51.99,7.6,100.0,2022-10,0.65,0.0
2022-10-17,0,0.0,0.0,51.99,7.6,100.0,2022-10,0.65,0.0
2022-10-18,0,0.0,0.0,51.99,7.6,100.0,2022-10,0.65,0.0
2022-10-19,1,0.71,-0.71,51.28,8.31,99.29,2022-10,-0.06,0.71
2022-10-20,0,0.0,0.0,51.28,8.31,100.0,2022-10,-0.06,0.71
2022-10-21,1,9.16,9.87,61.15,0.0,90.84,2022-10,9.81,0.0
2022-10-22,0,0.0,0.0,61.15,0.0,100.0,2022-10,9.81,0.0
2022-10-23,0,0.0,0.0,61.15,0.0,100.0,2022-10,9.81,0.0
2022-10-24,0,0.0,0.0,61.15,0.0,100.0,2022-10,9.81,0.0
2022-10-25,0,0.0,0.0,61.15,0.0,100.0,2022-10,9.81,0.0
2022-10-26,0,0.0,0.0,61.15,0.0,100.0,2022-10,9.81,0.0
2022-10-27,0,0.0,0.0,61.15,0.0,100.0,2022-10,9.81,0.0
2022-10-28,0,0.0,0.0,61.15,0.0,100.0,2022-10,9.81,0.0
2022-10-29,0,0.0,0.0,61.15,0.0,100.0,2022-10,9.81,0.0
2022-10-30,0,0.0,0.0,61.15,0.0,100.0,2022-10,9.81,0.0
2022-10-31,1,1.17,-1.17,59.98,1.17,98.83,2022-10,8.64,1.17
2022-11-01,0,0.0,0.0,59.98,1.17,100.0,2022-11,0.0,0.0
2022-11-02,0,0.0,0.0,59.98,1.17,100.0,2022-11,0.0,0.0
2022-11-03,0,0.0,0.0,59.98,1.17,100.0,2022-11,0.0,0.0
2022-11-04,0,0.0,0.0,59.98,1.17,100.0,2022-11,0.0,0.0
2022-11-05,2,1.2,0.2,60.18,0.97,98.8,2022-11,0.2,0.0
2022-11-06,0,0.0,0.0,60.18,0.97,100.0,2022-11,0.2,0.0
2022-11-07,0,0.0,0.0,60.18,0.97,100.0,2022-11,0.2,0.0
2022-11-08,0,0.0,0.0,60.18,0.97,100.0,2022-11,0.2,0.0
2022-11-09,0,0.0,0.0,60.18,0.97,100.0,2022-11,0.2,0.0
2022-11-10,0,0.0,0.0,60.18,0.97,100.0,2022-11,0.2,0.0
2022-11-11,1,0.5,-0.5,59.68,1.47,99.5,2022-11,-0.3,0.5
2022-11-12,0,0.0,0.0,59.68,1.47,100.0,2022-11,-0.3,0.5
2022-11-13,0,0.0,0.0,59.68,1.47,100.0,2022-11,-0.3,0.5
2022-11-14,0,0.0,0.0,59.68,1.47,100.0,2022-11,-0.3,0.5
2022-11-15,0,0.0,0.0,59.68,1.47,100.0,2022-11,-0.3,0.5
2022-11-16,0,0.0,0.0,59.68,1.47,100.0,2022-11,-0.3,0.5
2022-11-17,0,0.0,0.0,59.68,1.47,100.0,2022-11,-0.3,0.5
2022-11-18,0,0.0,0.0,59.68,1.47,100.0,2022-11,-0.3,0.5
2022-11-19,0,0.0,0.0,59.68,1.47,100.0,2022-11,-0.3,0.5
2022-11-20,0,0.0,0.0,59.68,1.47,100.0,2022-11,-0.3,0.5
2022-11-21,0,0.0,0.0,59.68,1.47,100.0,2022-11,-0.3,0.5
2022-11-22,0,0.0,0.0,59.68,1.47,100.0,2022-11,-0.3,0.5
2022-11-23,0,0.0,0.0,59.68,1.47,100.0,2022-11,-0.3,0.5
2022-11-24,0,0.0,0.0,59.68,1.47,100.0,2022-11,-0.3,0.5
2022-11-25,0,0.0,0.0,59.68,1.47,100.0,2022-11,-0.3,0.5
2022-11-26,0,0.0,0.0,59.68,1.47,100.0,2022-11,-0.3,0.5
2022-11-27,0,0.0,0.0,59.68,1.47,100.0,2022-11,-0.3,0.5
2022-11-28,0,0.0,0.0,59.68,1.47,100.0,2022-11,-0.3,0.5
2022-11-29,0,0.0,0.0,59.68,1.47,100.0,2022-11,-0.3,0.5
2022-11-30,0,0.0,0.0,59.68,1.47,100.0,2022-11,-0.3,0.5
2022-12-01,0,0.0,0.0,59.68,1.47,100.0,2022-12,0.0,0.0
2022-12-02,0,0.0,0.0,59.68,1.47,100.0,2022-12,0.0,0.0
2022-12-03,0,0.0,0.0,59.68,1.47,100.0,2022-12,0.0,0.0
2022-12-04,0,0.0,0.0,59.68,1.47,100.0,2022-12,0.0,0.0
2022-12-05,0,0.0,0.0,59.68,1.47,100.0,2022-12,0.0,0.0
2022-12-06,0,0.0,0.0,59.68,1.47,100.0,2022-12,0.0,0.0
2022-12-07,0,0.0,0.0,59.68,1.47,100.0,2022-12,0.0,0.0
2022-12-08,0,0.0,0.0,59.68,1.47,100.0,2022-12,0.0,0.0
2022-12-09,0,0.0,0.0,59.68,1.47,100.0,2022-12,0.0,0.0
2022-12-10,0,0.0,0.0,59.68,1.47,100.0,2022-12,0.0,0.0
2022-12-11,0,0.0,0.0,59.68,1.47,100.0,2022-12,0.0,0.0
2022-12-12,0,0.0,0.0,59.68,1.47,100.0,2022-12,0.0,0.0
2022-12-13,0,0.0,0.0,59.68,1.47,100.0,2022-12,0.0,0.0
2022-12-14,0,0.0,0.0,59.68,1.47,100.0,2022-12,0.0,0.0
2022-12-15,0,0.0,0.0,59.68,1.47,100.0,2022-12,0.0,0.0
2022-12-16,0,0.0,0.0,59.68,1.47,100.0,2022-12,0.0,0.0
2022-12-17,0,0.0,0.0,59.68,1.47,100.0,2022-12,0.0,0.0
2022-12-18,0,0.0,0.0,59.68,1.47,100.0,2022-12,0.0,0.0
2022-12-19,0,0.0,0.0,59.68,1.47,100.0,2022-12,0.0,0.0
2022-12-20,0,0.0,0.0,59.68,1.47,100.0,2022-12,0.0,0.0
2022-12-21,0,0.0,0.0,59.68,1.47,100.0,2022-12,0.0,0.0
2022-12-22,0,0.0,0.0,59.68,1.47,100.0,2022-12,0.0,0.0
2022-12-23,0,0.0,0.0,59.68,1.47,100.0,2022-12,0.0,0.0
2022-12-24,0,0.0,0.0,59.68,1.47,100.0,2022-12,0.0,0.0
2022-12-25,0,0.0,0.0,59.68,1.47,100.0,2022-12,0.0,0.0
2022-12-26,0,0.0,0.0,59.68,1.47,100.0,2022-12,0.0,0.0
2022-12-27,0,0.0,0.0,59.68,1.47,100.0,2022-12,0.0,0.0
2022-12-28,0,0.0,0.0,59.68,1.47,100.0,2022-12,0.0,0.0
2022-12-29,0,0.0,0.0,59.68,1.47,100.0,2022-12,0.0,0.0
2022-12-30,0,0.0,0.0,59.68,1.47,100.0,2022-12,0.0,0.0
2022-12-31,0,0.0,0.0,59.68,1.47,100.0,2022-12,0.0,0.0
2023-02-01,0,0.0,0.0,59.68,1.47,100.0,2023-02,0.0,0.0
2023-02-02,0,0.0,0.0,59.68,1.47,100.0,2023-02,0.0,0.0
2023-02-03,0,0.0,0.0,59.68,1.47,100.0,2023-02,0.0,0.0
2023-02-04,0,0.0,0.0,59.68,1.47,100.0,2023-02,0.0,0.0
2023-02-05,0,0.0,0.0,59.68,1.47,100.0,2023-02,0.0,0.0
2023-02-06,0,0.0,0.0,59.68,1.47,100.0,2023-02,0.0,0.0
2023-02-07,0,0.0,0.0,59.68,1.47,100.0,2023-02,0.0,0.0
2023-02-08,0,0.0,0.0,59.68,1.47,100.0,2023-02,0.0,0.0
2023-02-09,0,0.0,0.0,59.68,1.47,100.0,2023-02,0.0,0.0
2023-02-10,0,0.0,0.0,59.68,1.47,100.0,2023-02,0.0,0.0
2023-02-11,1,0.96,-0.96,58.72,2.43,99.04,2023-02,-0.96,0.96
2023-02-12,0,0.0,0.0,58.72,2.43,100.0,2023-02,-0.96,0.96
2023-02-13,0,0.0,0.0,58.72,2.43,100.0,2023-02,-0.96,0.96
2023-02-14,0,0.0,0.0,58.72,2.43,100.0,2023-02,-0.96,0.96
2023-02-15,0,0.0,0.0,58.72,2.43,100.0,2023-02,-0.96,0.96
2023-02-16,0,0.0,0.0,58.72,2.43,100.0,2023-02,-0.96,0.96
2023-02-17,1,0.83,-0.83,57.89,3.26,99.17,2023-02,-1.79,1.79
2023-02-18,0,0.0,0.0,57.89,3.26,100.0,2023-02,-1.79,1.79
2023-02-19,1,0.48,-0.48,57.41,3.74,99.52,2023-02,-2.27,2.27
2023-02-20,1,0.54,-0.54,56.87,4.28,99.46,2023-02,-2.81,2.81
2023-02-21,0,0.0,0.0,56.87,4.28,100.0,2023-02,-2.81,2.81
2023-02-22,0,0.0,0.0,56.87,4.28,100.0,2023-02,-2.81,2.81
2023-02-23,0,0.0,0.0,56.87,4.28,100.0,2023-02,-2.81,2.81
2023-02-24,0,0.0,0.0,56.87,4.28,100.0,2023-02,-2.81,2.81
2023-02-25,0,0.0,0.0,56.87,4.28,100.0,2023-02,-2.81,2.81
2023-02-26,0,0.0,0.0,56.87,4.28,100.0,2023-02,-2.81,2.81
2023-02-27,1,0.8,-0.8,56.07,5.08,99.2,2023-02,-3.61,3.61
2023-02-28,1,0.51,1.55,57.62,3.53,99.49,2023-02,-2.06,2.06
2023-03-01,0,0.0,0.0,57.62,3.53,100.0,2023-03,0.0,0.0
2023-03-02,0,0.0,0.0,57.62,3.53,100.0,2023-03,0.0,0.0
2023-03-03,0,0.0,0.0,57.62,3.53,100.0,2023-03,0.0,0.0
2023-03-04,0,0.0,0.0,57.62,3.53,100.0,2023-03,0.0,0.0
2023-03-05,0,0.0,0.0,57.62,3.53,100.0,2023-03,0.0,0.0
2023-03-06,0,0.0,0.0,57.62,3.53,100.0,2023-03,0.0,0.0
2023-03-07,0,0.0,0.0,57.62,3.53,100.0,2023-03,0.0,0.0
2023-03-08,0,0.0,0.0,57.62,3.53,100.0,2023-03,0.0,0.0
2023-03-09,0,0.0,0.0,57.62,3.53,100.0,2023-03,0.0,0.0
2023-03-10,0,0.0,0.0,57.62,3.53,100.0,2023-03,0.0,0.0
2023-03-11,0,0.0,0.0,57.62,3.53,100.0,2023-03,0.0,0.0
2023-03-12,0,0.0,0.0,57.62,3.53,100.0,2023-03,0.0,0.0
2023-03-13,0,0.0,0.0,57.62,3.53,100.0,2023-03,0.0,0.0
2023-03-14,0,0.0,0.0,57.62,3.53,100.0,2023-03,0.0,0.0
2023-03-15,0,0.0,0.0,57.62,3.53,100.0,2023-03,0.0,0.0
2023-03-16,0,0.0,0.0,57.62,3.53,100.0,2023-03,0.0,0.0
2023-03-17,0,0.0,0.0,57.62,3.53,100.0,2023-03,0.0,0.0
2023-03-18,1,0.28,-0.28,57.34,3.81,99.72,2023-03,-0.28,0.28
2023-03-19,0,0.0,0.0,57.34,3.81,100.0,2023-03,-0.28,0.28
2023-03-20,0,0.0,0.0,57.34,3.81,100.0,2023-03,-0.28,0.28
2023-03-21,0,0.0,0.0,57.34,3.81,100.0,2023-03,-0.28,0.28
2023-03-22,0,0.0,0.0,57.34,3.81,100.0,2023-03,-0.28,0.28
2023-03-23,0,0.0,0.0,57.34,3.81,100.0,2023-03,-0.28,0.28
2023-03-24,0,0.0,0.0,57.34,3.81,100.0,2023-03,-0.28,0.28
2023-03-25,0,0.0,0.0,57.34,3.81,100.0,2023-03,-0.28,0.28
2023-03-26,2,10.52,-10.52,46.82,14.33,89.48,2023-03,-10.8,10.8
2023-03-27,0,0.0,0.0,46.82,14.33,100.0,2023-03,-10.8,10.8
2023-03-28,0,0.0,0.0,46.82,14.33,100.0,2023-03,-10.8,10.8
2023-03-29,0,0.0,0.0,46.82,14.33,100.0,2023-03,-10.8,10.8
2023-03-30,0,0.0,0.0,46.82,14.33,100.0,2023-03,-10.8,10.8
2023-03-31,1,11.66,10.86,57.68,3.47,88.34,2023-03,0.06,0.0
2023-04-01,1,7.14,11.55,69.23,0.0,92.86,2023-04,11.55,0.0
2023-04-02,0,0.0,0.0,69.23,0.0,100.0,2023-04,11.55,0.0
2023-04-03,0,0.0,0.0,69.23,0.0,100.0,2023-04,11.55,0.0
2023-04-04,0,0.0,0.0,69.23,0.0,100.0,2023-04,11.55,0.0
2023-04-05,0,0.0,0.0,69.23,0.0,100.0,2023-04,11.55,0.0
2023-04-06,0,0.0,0.0,69.23,0.0,100.0,2023-04,11.55,0.0
2023-04-07,0,0.0,0.0,69.23,0.0,100.0,2023-04,11.55,0.0
2023-04-08,0,0.0,0.0,69.23,0.0,100.0,2023-04,11.55,0.0
2023-04-09,0,0.0,0.0,69.23,0.0,100.0,2023-04,11.55,0.0
2023-04-10,0,0.0,0.0,69.23,0.0,100.0,2023-04,11.55,0.0
2023-04-11,0,0.0,0.0,69.23,0.0,100.0,2023-04,11.55,0.0
2023-04-12,0,0.0,0.0,69.23,0.0,100.0,2023-04,11.55,0.0
2023-04-13,0,0.0,0.0,69.23,0.0,100.0,2023-04,11.55,0.0
2023-04-14,0,0.0,0.0,69.23,0.0,100.0,2023-04,11.55,0.0
2023-04-15,1,0.39,-0.39,68.84,0.39,99.61,2023-04,11.16,0.39
2023-04-16,0,0.0,0.0,68.84,0.39,100.0,2023-04,11.16,0.39
2023-04-17,0,0.0,0.0,68.84,0.39,100.0,2023-04,11.16,0.39
2023-04-18,1,15.0,12.05,80.89,0.0,85.0,2023-04,23.21,0.0
2023-04-19,0,0.0,0.0,80.89,0.0,100.0,2023-04,23.21,0.0
2023-04-20,0,0.0,0.0,80.89,0.0,100.0,2023-04,23.21,0.0
2023-04-21,0,0.0,0.0,80.89,0.0,100.0,2023-04,23.21,0.0
2023-04-22,0,0.0,0.0,80.89,0.0,100.0,2023-04,23.21,0.0
2023-04-23,0,0.0,0.0,80.89,0.0,100.0,2023-04,23.21,0.0
2023-04-24,0,0.0,0.0,80.89,0.0,100.0,2023-04,23.21,0.0
2023-04-25,0,0.0,0.0,80.89,0.0,100.0,2023-04,23.21,0.0
2023-04-26,0,0.0,0.0,80.89,0.0,100.0,2023-04,23.21,0.0
2023-04-27,0,0.0,0.0,80.89,0.0,100.0,2023-04,23.21,0.0
2023-04-28,0,0.0,0.0,80.89,0.0,100.0,2023-04,23.21,0.0
2023-04-29,1,7.53,-7.53,73.36,7.53,92.47,2023-04,15.68,7.53
2023-04-30,1,0.9,2.21,75.57,5.32,99.1,2023-04,17.89,5.32
2023-05-01,0,0.0,0.0,75.57,5.32,100.0,2023-05,0.0,0.0
2023-05-02,0,0.0,0.0,75.57,5.32,100.0,2023-05,0.0,0.0
2023-05-03,0,0.0,0.0,75.57,5.32,100.0,2023-05,0.0,0.0
2023-05-04,0,0.0,0.0,75.57,5.32,100.0,2023-05,0.0,0.0
2023-05-05,0,0.0,0.0,75.57,5.32,100.0,2023-05,0.0,0.0
2023-05-06,1,3.71,-3.71,71.86,9.03,96.29,2023-05,-3.71,3.71
2023-05-07,0,0.0,0.0,71.86,9.03,100.0,2023-05,-3.71,3.71
2023-05-08,1,1.1,-1.1,70.76,10.13,98.9,2023-05,-4.81,4.81
2023-05-09,0,0.0,0.0,70.76,10.13,100.0,2023-05,-4.81,4.81
2023-05-10,0,0.0,0.0,70.76,10.13,100.0,2023-05,-4.81,4.81
2023-05-11,0,0.0,0.0,70.76,10.13,100.0,2023-05,-4.81,4.81
2023-05-12,0,0.0,0.0,70.76,10.13,100.0,2023-05,-4.81,4.81
2023-05-13,1,7.74,9.86,80.62,0.27,92.26,2023-05,5.05,0.0
2023-05-14,0,0.0,0.0,80.62,0.27,100.0,2023-05,5.05,0.0
2023-05-15,0,0.0,0.0,80.62,0.27,100.0,2023-05,5.05,0.0
2023-05-16,0,0.0,0.0,80.62,0.27,100.0,2023-05,5.05,0.0
2023-05-17,0,0.0,0.0,80.62,0.27,100.0,2023-05,5.05,0.0
2023-05-18,0,0.0,0.0,80.62,0.27,100.0,2023-05,5.05,0.0
2023-05-19,0,0.0,0.0,80.62,0.27,100.0,2023-05,5.05,0.0
2023-05-20,0,0.0,0.0,80.62,0.27,100.0,2023-05,5.05,0.0
2023-05-21,0,0.0,0.0,80.62,0.27,100.0,2023-05,5.05,0.0
2023-05-22,0,0.0,0.0,80.62,0.27,100.0,2023-05,5.05,0.0
2023-05-23,0,0.0,0.0,80.62,0.27,100.0,2023-05,5.05,0.0
2023-05-24,0,0.0,0.0,80.62,0.27,100.0,2023-05,5.05,0.0
2023-05-25,0,0.0,0.0,80.62,0.27,100.0,2023-05,5.05,0.0
2023-05-26,0,0.0,0.0,80.62,0.27,100.0,2023-05,5.05,0.0
2023-05-27,0,0.0,0.0,80.62,0.27,100.0,2023-05,5.05,0.0
2023-05-28,0,0.0,0.0,80.62,0.27,100.0,2023-05,5.05,0.0
2023-05-29,0,0.0,0.0,80.62,0.27,100.0,2023-05,5.05,0.0
2023-05-30,0,0.0,0.0,80.62,0.27,100.0,2023-05,5.05,0.0
2023-05-31,0,0.0,0.0,80.62,0.27,100.0,2023-05,5.05,0.0
2023-12-01,0,0.0,0.0,80.62,0.27,100.0,2023-12,0.0,0.0
2023-12-02,0,0.0,0.0,80.62,0.27,100.0,2023-12,0.0,0.0
2023-12-03,0,0.0,0.0,80.62,0.27,100.0,2023-12,0.0,0.0
2023-12-04,0,0.0,0.0,80.62,0.27,100.0,2023-12,0.0,0.0
2023-12-05,0,0.0,0.0,80.62,0.27,100.0,2023-12,0.0,0.0
2023-12-06,0,0.0,0.0,80.62,0.27,100.0,2023-12,0.0,0.0
2023-12-07,0,0.0,0.0,80.62,0.27,100.0,2023-12,0.0,0.0
2023-12-08,0,0.0,0.0,80.62,0.27,100.0,2023-12,0.0,0.0
2023-12-09,0,0.0,0.0,80.62,0.27,100.0,2023-12,0.0,0.0
2023-12-10,0,0.0,0.0,80.62,0.27,100.0,2023-12,0.0,0.0
2023-12-11,0,0.0,0.0,80.62,0.27,100.0,2023-12,0.0,0.0
2023-12-12,0,0.0,0.0,80.62,0.27,100.0,2023-12,0.0,0.0
2023-12-13,0,0.0,0.0,80.62,0.27,100.0,2023-12,0.0,0.0
2023-12-14,0,0.0,0.0,80.62,0.27,100.0,2023-12,0.0,0.0
2023-12-15,0,0.0,0.0,80.62,0.27,100.0,2023-12,0.0,0.0
2023-12-16,0,0.0,0.0,80.62,0.27,100.0,2023-12,0.0,0.0
2023-12-17,1,1.17,-1.17,79.45,1.44,98.83,2023-12,-1.17,1.17
2023-12-18,0,0.0,0.0,79.45,1.44,100.0,2023-12,-1.17,1.17
2023-12-19,0,0.0,0.0,79.45,1.44,100.0,2023-12,-1.17,1.17
2023-12-20,0,0.0,0.0,79.45,1.44,100.0,2023-12,-1.17,1.17
2023-12-21,0,0.0,0.0,79.45,1.44,100.0,2023-12,-1.17,1.17
2023-12-22,0,0.0,0.0,79.45,1.44,100.0,2023-12,-1.17,1.17
2023-12-23,0,0.0,0.0,79.45,1.44,100.0,2023-12,-1.17,1.17
2023-12-24,0,0.0,0.0,79.45,1.44,100.0,2023-12,-1.17,1.17
2023-12-25,0,0.0,0.0,79.45,1.44,100.0,2023-12,-1.17,1.17
2023-12-26,0,0.0,0.0,79.45,1.44,100.0,2023-12,-1.17,1.17
2023-12-27,0,0.0,0.0,79.45,1.44,100.0,2023-12,-1.17,1.17
2023-12-28,0,0.0,0.0,79.45,1.44,100.0,2023-12,-1.17,1.17
2023-12-29,0,0.0,0.0,79.45,1.44,100.0,2023-12,-1.17,1.17
2023-12-30,0,0.0,0.0,79.45,1.44,100.0,2023-12,-1.17,1.17
2023-12-31,0,0.0,0.0,79.45,1.44,100.0,2023-12,-1.17,1.17
2024-01-01,0,0.0,0.0,79.45,1.44,100.0,2024-01,0.0,0.0
2024-01-02,0,0.0,0.0,79.45,1.44,100.0,2024-01,0.0,0.0
2024-01-03,0,0.0,0.0,79.45,1.44,100.0,2024-01,0.0,0.0
2024-01-04,0,0.0,0.0,79.45,1.44,100.0,2024-01,0.0,0.0
2024-01-05,0,0.0,0.0,79.45,1.44,100.0,2024-01,0.0,0.0
2024-01-06,0,0.0,0.0,79.45,1.44,100.0,2024-01,0.0,0.0
2024-01-07,0,0.0,0.0,79.45,1.44,100.0,2024-01,0.0,0.0
2024-01-08,0,0.0,0.0,79.45,1.44,100.0,2024-01,0.0,0.0
2024-01-09,0,0.0,0.0,79.45,1.44,100.0,2024-01,0.0,0.0
2024-01-10,0,0.0,0.0,79.45,1.44,100.0,2024-01,0.0,0.0
2024-01-11,0,0.0,0.0,79.45,1.44,100.0,2024-01,0.0,0.0
2024-01-12,0,0.0,0.0,79.45,1.44,100.0,2024-01,0.0,0.0
2024-01-13,0,0.0,0.0,79.45,1.44,100.0,2024-01,0.0,0.0
2024-01-14,0,0.0,0.0,79.45,1.44,100.0,2024-01,0.0,0.0
2024-01-15,0,0.0,0.0,79.45,1.44,100.0,2024-01,0.0,0.0
2024-01-16,0,0.0,0.0,79.45,1.44,100.0,2024-01,0.0,0.0
2024-01-17,0,0.0,0.0,79.45,1.44,100.0,2024-01,0.0,0.0
2024-01-18,0,0.0,0.0,79.45,1.44,100.0,2024-01,0.0,0.0
2024-01-19,0,0.0,0.0,79.45,1.44,100.0,2024-01,0.0,0.0
2024-01-20,0,0.0,0.0,79.45,1.44,100.0,2024-01,0.0,0.0
2024-01-21,0,0.0,0.0,79.45,1.44,100.0,2024-01,0.0,0.0
2024-01-22,0,0.0,0.0,79.45,1.44,100.0,2024-01,0.0,0.0
2024-01-23,0,0.0,0.0,79.45,1.44,100.0,2024-01,0.0,0.0
2024-01-24,0,0.0,0.0,79.45,1.44,100.0,2024-01,0.0,0.0
2024-01-25,0,0.0,0.0,79.45,1.44,100.0,2024-01,0.0,0.0
2024-01-26,0,0.0,0.0,79.45,1.44,100.0,2024-01,0.0,0.0
2024-01-27,0,0.0,0.0,79.45,1.44,100.0,2024-01,0.0,0.0
2024-01-28,0,0.0,0.0,79.45,1.44,100.0,2024-01,0.0,0.0
2024-01-29,0,0.0,0.0,79.45,1.44,100.0,2024-01,0.0,0.0
2024-01-30,0,0.0,0.0,79.45,1.44,100.0,2024-01,0.0,0.0
2024-01-31,0,0.0,0.0,79.45,1.44,100.0,2024-01,0.0,0.0
2024-12-01,0,0.0,0.0,79.45,1.44,100.0,2024-12,0.0,0.0
2024-12-02,0,0.0,0.0,79.45,1.44,100.0,2024-12,0.0,0.0
2024-12-03,0,0.0,0.0,79.45,1.44,100.0,2024-12,0.0,0.0
2024-12-04,0,0.0,0.0,79.45,1.44,100.0,2024-12,0.0,0.0
2024-12-05,0,0.0,0.0,79.45,1.44,100.0,2024-12,0.0,0.0
2024-12-06,0,0.0,0.0,79.45,1.44,100.0,2024-12,0.0,0.0
2024-12-07,0,0.0,0.0,79.45,1.44,100.0,2024-12,0.0,0.0
2024-12-08,0,0.0,0.0,79.45,1.44,100.0,2024-12,0.0,0.0
2024-12-09,0,0.0,0.0,79.45,1.44,100.0,2024-12,0.0,0.0
2024-12-10,0,0.0,0.0,79.45,1.44,100.0,2024-12,0.0,0.0
2024-12-11,0,0.0,0.0,79.45,1.44,100.0,2024-12,0.0,0.0
2024-12-12,0,0.0,0.0,79.45,1.44,100.0,2024-12,0.0,0.0
2024-12-13,0,0.0,0.0,79.45,1.44,100.0,2024-12,0.0,0.0
2024-12-14,0,0.0,0.0,79.45,1.44,100.0,2024-12,0.0,0.0
2024-12-15,0,0.0,0.0,79.45,1.44,100.0,2024-12,0.0,0.0
2024-12-16,0,0.0,0.0,79.45,1.44,100.0,2024-12,0.0,0.0
2024-12-17,0,0.0,0.0,79.45,1.44,100.0,2024-12,0.0,0.0
2024-12-18,0,0.0,0.0,79.45,1.44,100.0,2024-12,0.0,0.0
2024-12-19,0,0.0,0.0,79.45,1.44,100.0,2024-12,0.0,0.0
2024-12-20,0,0.0,0.0,79.45,1.44,100.0,2024-12,0.0,0.0
2024-12-21,0,0.0,0.0,79.45,1.44,100.0,2024-12,0.0,0.0
2024-12-22,0,0.0,0.0,79.45,1.44,100.0,2024-12,0.0,0.0
2024-12-23,0,0.0,0.0,79.45,1.44,100.0,2024-12,0.0,0.0
2024-12-24,0,0.0,0.0,79.45,1.44,100.0,2024-12,0.0,0.0
2024-12-25,0,0.0,0.0,79.45,1.44,100.0,2024-12,0.0,0.0
2024-12-26,0,0.0,0.0,79.45,1.44,100.0,2024-12,0.0,0.0
2024-12-27,0,0.0,0.0,79.45,1.44,100.0,2024-12,0.0,0.0
2024-12-28,0,0.0,0.0,79.45,1.44,100.0,2024-12,0.0,0.0
2024-12-29,1,0.91,2.69,82.14,0.0,99.09,2024-12,2.69,0.0
2024-12-30,0,0.0,0.0,82.14,0.0,100.0,2024-12,2.69,0.0
2024-12-31,0,0.0,0.0,82.14,0.0,100.0,2024-12,2.69,0.0
2025-01-01,0,0.0,0.0,82.14,0.0,100.0,2025-01,0.0,0.0
2025-01-02,0,0.0,0.0,82.14,0.0,100.0,2025-01,0.0,0.0
2025-01-03,0,0.0,0.0,82.14,0.0,100.0,2025-01,0.0,0.0
2025-01-04,0,0.0,0.0,82.14,0.0,100.0,2025-01,0.0,0.0
2025-01-05,0,0.0,0.0,82.14,0.0,100.0,2025-01,0.0,0.0
2025-01-06,0,0.0,0.0,82.14,0.0,100.0,2025-01,0.0,0.0
2025-01-07,0,0.0,0.0,82.14,0.0,100.0,2025-01,0.0,0.0
2025-01-08,0,0.0,0.0,82.14,0.0,100.0,2025-01,0.0,0.0
2025-01-09,0,0.0,0.0,82.14,0.0,100.0,2025-01,0.0,0.0
2025-01-10,0,0.0,0.0,82.14,0.0,100.0,2025-01,0.0,0.0
2025-01-11,0,0.0,0.0,82.14,0.0,100.0,2025-01,0.0,0.0
2025-01-12,0,0.0,0.0,82.14,0.0,100.0,2025-01,0.0,0.0
2025-01-13,0,0.0,0.0,82.14,0.0,100.0,2025-01,0.0,0.0
2025-01-14,0,0.0,0.0,82.14,0.0,100.0,2025-01,0.0,0.0
2025-01-15,0,0.0,0.0,82.14,0.0,100.0,2025-01,0.0,0.0
2025-01-16,0,0.0,0.0,82.14,0.0,100.0,2025-01,0.0,0.0
2025-01-17,0,0.0,0.0,82.14,0.0,100.0,2025-01,0.0,0.0
2025-01-18,1,0.34,0.9,83.04,0.0,99.66,2025-01,0.9,0.0
2025-01-19,0,0.0,0.0,83.04,0.0,100.0,2025-01,0.9,0.0
2025-01-20,0,0.0,0.0,83.04,0.0,100.0,2025-01,0.9,0.0
2025-01-21,0,0.0,0.0,83.04,0.0,100.0,2025-01,0.9,0.0
2025-01-22,0,0.0,0.0,83.04,0.0,100.0,2025-01,0.9,0.0
2025-01-23,0,0.0,0.0,83.04,0.0,100.0,2025-01,0.9,0.0
2025-01-24,0,0.0,0.0,83.04,0.0,100.0,2025-01,0.9,0.0
2025-01-25,0,0.0,0.0,83.04,0.0,100.0,2025-01,0.9,0.0
2025-01-26,0,0.0,0.0,83.04,0.0,100.0,2025-01,0.9,0.0
2025-01-27,0,0.0,0.0,83.04,0.0,100.0,2025-01,0.9,0.0
2025-01-28,0,0.0,0.0,83.04,0.0,100.0,2025-01,0.9,0.0
2025-01-29,0,0.0,0.0,83.04,0.0,100.0,2025-01,0.9,0.0
2025-01-30,0,0.0,0.0,83.04,0.0,100.0,2025-01,0.9,0.0
2025-01-31,0,0.0,0.0,83.04,0.0,100.0,2025-01,0.9,0.0
2025-02-01,0,0.0,0.0,83.04,0.0,100.0,2025-02,0.0,0.0
2025-02-02,1,0.72,-0.72,82.32,0.72,99.28,2025-02,-0.72,0.72
2025-02-03,0,0.0,0.0,82.32,0.72,100.0,2025-02,-0.72,0.72
2025-02-04,0,0.0,0.0,82.32,0.72,100.0,2025-02,-0.72,0.72
2025-02-05,0,0.0,0.0,82.32,0.72,100.0,2025-02,-0.72,0.72
2025-02-06,0,0.0,0.0,82.32,0.72,100.0,2025-02,-0.72,0.72
2025-02-07,0,0.0,0.0,82.32,0.72,100.0,2025-02,-0.72,0.72
2025-02-08,2,1.94,-1.94,80.38,2.66,98.06,2025-02,-2.66,2.66
2025-02-09,0,0.0,0.0,80.38,2.66,100.0,2025-02,-2.66,2.66
2025-02-10,0,0.0,0.0,80.38,2.66,100.0,2025-02,-2.66,2.66
2025-02-11,0,0.0,0.0,80.38,2.66,100.0,2025-02,-2.66,2.66
2025-02-12,0,0.0,0.0,80.38,2.66,100.0,2025-02,-2.66,2.66
2025-02-13,0,0.0,0.0,80.38,2.66,100.0,2025-02,-2.66,2.66
2025-02-14,0,0.0,0.0,80.38,2.66,100.0,2025-02,-2.66,2.66
2025-02-15,4,3.46,2.8,83.18,0.0,96.54,2025-02,0.14,0.0
2025-02-16,2,4.67,8.36,91.54,0.0,95.33,2025-02,8.5,0.0
2025-02-17,1,1.02,-1.02,90.52,1.02,98.98,2025-02,7.48,1.02
2025-02-18,0,0.0,0.0,90.52,1.02,100.0,2025-02,7.48,1.02
2025-02-19,0,0.0,0.0,90.52,1.02,100.0,2025-02,7.48,1.02
2025-02-20,0,0.0,0.0,90.52,1.02,100.0,2025-02,7.48,1.02
2025-02-21,2,3.8,-3.8,86.72,4.82,96.2,2025-02,3.68,4.82
2025-02-22,1,1.0,2.39,89.11,2.43,99.0,2025-02,6.07,2.43
2025-02-23,1,0.86,-0.86,88.25,3.29,99.14,2025-02,5.21,3.29
2025-02-24,1,1.67,5.11,93.36,0.0,98.33,2025-02,10.32,0.0
2025-02-25,0,0.0,0.0,93.36,0.0,100.0,2025-02,10.32,0.0
2025-02-26,0,0.0,0.0,93.36,0.0,100.0,2025-02,10.32,0.0
2025-02-27,0,0.0,0.0,93.36,0.0,100.0,2025-02,10.32,0.0
2025-02-28,0,0.0,0.0,93.36,0.0,100.0,2025-02,10.32,0.0
2025-03-01,1,0.74,-0.74,92.62,0.74,99.26,2025-03,-0.74,0.74
2025-03-02,1,0.9,-0.9,91.72,1.64,99.1,2025-03,-1.64,1.64
2025-03-03,0,0.0,0.0,91.72,1.64,100.0,2025-03,-1.64,1.64
2025-03-04,0,0.0,0.0,91.72,1.64,100.0,2025-03,-1.64,1.64
2025-03-05,0,0.0,0.0,91.72,1.64,100.0,2025-03,-1.64,1.64
2025-03-06,0,0.0,0.0,91.72,1.64,100.0,2025-03,-1.64,1.64
2025-03-07,0,0.0,0.0,91.72,1.64,100.0,2025-03,-1.64,1.64
2025-03-08,1,0.75,2.23,93.95,0.0,99.25,2025-03,0.59,0.0
2025-03-09,0,0.0,0.0,93.95,0.0,100.0,2025-03,0.59,0.0
2025-03-10,1,0.72,-0.72,93.23,0.72,99.28,2025-03,-0.13,0.72
2025-03-11,0,0.0,0.0,93.23,0.72,100.0,2025-03,-0.13,0.72
2025-03-12,0,0.0,0.0,93.23,0.72,100.0,2025-03,-0.13,0.72
2025-03-13,0,0.0,0.0,93.23,0.72,100.0,2025-03,-0.13,0.72
2025-03-14,0,0.0,0.0,93.23,0.72,100.0,2025-03,-0.13,0.72
2025-03-15,0,0.0,0.0,93.23,0.72,100.0,2025-03,-0.13,0.72
2025-03-16,0,0.0,0.0,93.23,0.72,100.0,2025-03,-0.13,0.72
2025-03-17,0,0.0,0.0,93.23,0.72,100.0,2025-03,-0.13,0.72
2025-03-18,0,0.0,0.0,93.23,0.72,100.0,2025-03,-0.13,0.72
2025-03-19,0,0.0,0.0,93.23,0.72,100.0,2025-03,-0.13,0.72
2025-03-20,0,0.0,0.0,93.23,0.72,100.0,2025-03,-0.13,0.72
2025-03-21,0,0.0,0.0,93.23,0.72,100.0,2025-03,-0.13,0.72
2025-03-22,0,0.0,0.0,93.23,0.72,100.0,2025-03,-0.13,0.72
2025-03-23,0,0.0,0.0,93.23,0.72,100.0,2025-03,-0.13,0.72
2025-03-24,0,0.0,0.0,93.23,0.72,100.0,2025-03,-0.13,0.72
2025-03-25,0,0.0,0.0,93.23,0.72,100.0,2025-03,-0.13,0.72
2025-03-26,0,0.0,0.0,93.23,0.72,100.0,2025-03,-0.13,0.72
2025-03-27,0,0.0,0.0,93.23,0.72,100.0,2025-03,-0.13,0.72
2025-03-28,1,0.36,-0.36,92.87,1.08,99.64,2025-03,-0.49,1.08
2025-03-29,0,0.0,0.0,92.87,1.08,100.0,2025-03,-0.49,1.08
2025-03-30,0,0.0,0.0,92.87,1.08,100.0,2025-03,-0.49,1.08
2025-03-31,1,0.53,1.25,94.12,0.0,99.47,2025-03,0.76,0.0
2025-04-01,0,0.0,0.0,94.12,0.0,100.0,2025-04,0.0,0.0
2025-04-02,0,0.0,0.0,94.12,0.0,100.0,2025-04,0.0,0.0
2025-04-03,0,0.0,0.0,94.12,0.0,100.0,2025-04,0.0,0.0
2025-04-04,0,0.0,0.0,94.12,0.0,100.0,2025-04,0.0,0.0
2025-04-05,0,0.0,0.0,94.12,0.0,100.0,2025-04,0.0,0.0
2025-04-06,0,0.0,0.0,94.12,0.0,100.0,2025-04,0.0,0.0
2025-04-07,1,0.45,-0.45,93.67,0.45,99.55,2025-04,-0.45,0.45
2025-04-08,0,0.0,0.0,93.67,0.45,100.0,2025-04,-0.45,0.45
2025-04-09,0,0.0,0.0,93.67,0.45,100.0,2025-04,-0.45,0.45
2025-04-10,0,0.0,0.0,93.67,0.45,100.0,2025-04,-0.45,0.45
2025-04-11,0,0.0,0.0,93.67,0.45,100.0,2025-04,-0.45,0.45
2025-04-12,0,0.0,0.0,93.67,0.45,100.0,2025-04,-0.45,0.45
2025-04-13,1,0.4,0.84,94.51,0.0,99.6,2025-04,0.39,0.0
2025-04-14,0,0.0,0.0,94.51,0.0,100.0,2025-04,0.39,0.0
2025-04-15,0,0.0,0.0,94.51,0.0,100.0,2025-04,0.39,0.0
2025-04-16,0,0.0,0.0,94.51,0.0,100.0,2025-04,0.39,0.0
2025-04-17,0,0.0,0.0,94.51,0.0,100.0,2025-04,0.39,0.0
2025-04-18,1,0.5,-0.5,94.01,0.5,99.5,2025-04,-0.11,0.5
2025-04-19,0,0.0,0.0,94.01,0.5,100.0,2025-04,-0.11,0.5
2025-04-20,2,0.78,0.42,94.43,0.08,99.22,2025-04,0.31,0.08
2025-04-21,0,0.0,0.0,94.43,0.08,100.0,2025-04,0.31,0.08
2025-04-22,0,0.0,0.0,94.43,0.08,100.0,2025-04,0.31,0.08
2025-04-23,0,0.0,0.0,94.43,0.08,100.0,2025-04,0.31,0.08
2025-04-24,0,0.0,0.0,94.43,0.08,100.0,2025-04,0.31,0.08
2025-04-25,0,0.0,0.0,94.43,0.08,100.0,2025-04,0.31,0.08
2025-04-26,0,0.0,0.0,94.43,0.08,100.0,2025-04,0.31,0.08
2025-04-27,2,1.26,-1.26,93.17,1.34,98.74,2025-04,-0.95,1.34
2025-04-28,0,0.0,0.0,93.17,1.34,100.0,2025-04,-0.95,1.34
2025-04-29,0,0.0,0.0,93.17,1.34,100.0,2025-04,-0.95,1.34
2025-04-30,0,0.0,0.0,93.17,1.34,100.0,2025-04,-0.95,1.34
2025-05-01,1,0.43,-0.43,92.74,1.77,99.57,2025-05,-0.43,0.43
2025-05-02,0,0.0,0.0,92.74,1.77,100.0,2025-05,-0.43,0.43
2025-05-03,0,0.0,0.0,92.74,1.77,100.0,2025-05,-0.43,0.43
2025-05-04,2,0.88,0.66,93.4,1.11,99.12,2025-05,0.23,0.0
2025-05-05,1,0.16,-0.16,93.24,1.27,99.84,2025-05,0.07,0.16
2025-05-06,0,0.0,0.0,93.24,1.27,100.0,2025-05,0.07,0.16
2025-05-07,0,0.0,0.0,93.24,1.27,100.0,2025-05,0.07,0.16
2025-05-08,0,0.0,0.0,93.24,1.27,100.0,2025-05,0.07,0.16
2025-05-09,1,0.51,-0.51,92.73,1.78,99.49,2025-05,-0.44,0.67
2025-05-10,0,0.0,0.0,92.73,1.78,100.0,2025-05,-0.44,0.67
2025-05-11,0,0.0,0.0,92.73,1.78,100.0,2025-05,-0.44,0.67
2025-05-12,0,0.0,0.0,92.73,1.78,100.0,2025-05,-0.44,0.67
2025-05-13,0,0.0,0.0,92.73,1.78,100.0,2025-05,-0.44,0.67
2025-05-14,0,0.0,0.0,92.73,1.78,100.0,2025-05,-0.44,0.67
2025-05-15,0,0.0,0.0,92.73,1.78,100.0,2025-05,-0.44,0.67
2025-05-16,0,0.0,0.0,92.73,1.78,100.0,2025-05,-0.44,0.67
2025-05-17,0,0.0,0.0,92.73,1.78,100.0,2025-05,-0.44,0.67
2025-05-18,0,0.0,0.0,92.73,1.78,100.0,2025-05,-0.44,0.67
2025-05-19,0,0.0,0.0,92.73,1.78,100.0,2025-05,-0.44,0.67
2025-05-20,0,0.0,0.0,92.73,1.78,100.0,2025-05,-0.44,0.67
2025-05-21,0,0.0,0.0,92.73,1.78,100.0,2025-05,-0.44,0.67
2025-05-22,0,0.0,0.0,92.73,1.78,100.0,2025-05,-0.44,0.67
2025-05-23,0,0.0,0.0,92.73,1.78,100.0,2025-05,-0.44,0.67
2025-05-24,0,0.0,0.0,92.73,1.78,100.0,2025-05,-0.44,0.67
2025-05-25,0,0.0,0.0,92.73,1.78,100.0,2025-05,-0.44,0.67
2025-05-26,0,0.0,0.0,92.73,1.78,100.0,2025-05,-0.44,0.67
2025-05-27,0,0.0,0.0,92.73,1.78,100.0,2025-05,-0.44,0.67
2025-05-28,0,0.0,0.0,92.73,1.78,100.0,2025-05,-0.44,0.67
2025-05-29,0,0.0,0.0,92.73,1.78,100.0,2025-05,-0.44,0.67
2025-05-30,0,0.0,0.0,92.73,1.78,100.0,2025-05,-0.44,0.67
2025-05-31,0,0.0,0.0,92.73,1.78,100.0,2025-05,-0.44,0.67
2025-10-01,0,0.0,0.0,92.73,1.78,100.0,2025-10,0.0,0.0
2025-10-02,0,0.0,0.0,92.73,1.78,100.0,2025-10,0.0,0.0
2025-10-03,0,0.0,0.0,92.73,1.78,100.0,2025-10,0.0,0.0
2025-10-04,0,0.0,0.0,92.73,1.78,100.0,2025-10,0.0,0.0
2025-10-05,1,0.74,-0.74,91.99,2.52,99.26,2025-10,-0.74,0.74
2025-10-06,0,0.0,0.0,91.99,2.52,100.0,2025-10,-0.74,0.74
2025-10-07,0,0.0,0.0,91.99,2.52,100.0,2025-10,-0.74,0.74
2025-10-08,0,0.0,0.0,91.99,2.52,100.0,2025-10,-0.74,0.74
2025-10-09,0,0.0,0.0,91.99,2.52,100.0,2025-10,-0.74,0.74
2025-10-10,0,0.0,0.0,91.99,2.52,100.0,2025-10,-0.74,0.74
2025-10-11,0,0.0,0.0,91.99,2.52,100.0,2025-10,-0.74,0.74
2025-10-12,0,0.0,0.0,91.99,2.52,100.0,2025-10,-0.74,0.74
2025-10-13,0,0.0,0.0,91.99,2.52,100.0,2025-10,-0.74,0.74
2025-10-14,0,0.0,0.0,91.99,2.52,100.0,2025-10,-0.74,0.74
2025-10-15,0,0.0,0.0,91.99,2.52,100.0,2025-10,-0.74,0.74
2025-10-16,0,0.0,0.0,91.99,2.52,100.0,2025-10,-0.74,0.74
2025-10-17,0,0.0,0.0,91.99,2.52,100.0,2025-10,-0.74,0.74
2025-10-18,0,0.0,0.0,91.99,2.52,100.0,2025-10,-0.74,0.74
2025-10-19,0,0.0,0.0,91.99,2.52,100.0,2025-10,-0.74,0.74
2025-10-20,0,0.0,0.0,91.99,2.52,100.0,2025-10,-0.74,0.74
2025-10-21,0,0.0,0.0,91.99,2.52,100.0,2025-10,-0.74,0.74
2025-10-22,1,0.73,1.86,93.85,0.66,99.27,2025-10,1.12,0.0
2025-10-23,0,0.0,0.0,93.85,0.66,100.0,2025-10,1.12,0.0
2025-10-24,1,1.21,2.53,96.38,0.0,98.79,2025-10,3.65,0.0
2025-10-25,1,0.83,2.53,98.91,0.0,99.17,2025-10,6.18,0.0
2025-10-26,2,2.16,-2.16,96.75,2.16,97.84,2025-10,4.02,2.16
2025-10-27,0,0.0,0.0,96.75,2.16,100.0,2025-10,4.02,2.16
2025-10-28,0,0.0,0.0,96.75,2.16,100.0,2025-10,4.02,2.16
2025-10-29,0,0.0,0.0,96.75,2.16,100.0,2025-10,4.02,2.16
2025-10-30,0,0.0,0.0,96.75,2.16,100.0,2025-10,4.02,2.16
2025-10-31,0,0.0,0.0,96.75,2.16,100.0,2025-10,4.02,2.16
2025-11-01,0,0.0,0.0,96.75,2.16,100.0,2025-11,0.0,0.0
2025-11-02,0,0.0,0.0,96.75,2.16,100.0,2025-11,0.0,0.0
2025-11-03,0,0.0,0.0,96.75,2.16,100.0,2025-11,0.0,0.0
2025-11-04,0,0.0,0.0,96.75,2.16,100.0,2025-11,0.0,0.0
2025-11-05,1,0.55,-0.55,96.2,2.71,99.45,2025-11,-0.55,0.55
2025-11-06,0,0.0,0.0,96.2,2.71,100.0,2025-11,-0.55,0.55
2025-11-07,0,0.0,0.0,96.2,2.71,100.0,2025-11,-0.55,0.55
2025-11-08,0,0.0,0.0,96.2,2.71,100.0,2025-11,-0.55,0.55
2025-11-09,0,0.0,0.0,96.2,2.71,100.0,2025-11,-0.55,0.55
2025-11-10,0,0.0,0.0,96.2,2.71,100.0,2025-11,-0.55,0.55
2025-11-11,0,0.0,0.0,96.2,2.71,100.0,2025-11,-0.55,0.55
2025-11-12,0,0.0,0.0,96.2,2.71,100.0,2025-11,-0.55,0.55
2025-11-13,0,0.0,0.0,96.2,2.71,100.0,2025-11,-0.55,0.55
2025-11-14,0,0.0,0.0,96.2,2.71,100.0,2025-11,-0.55,0.55
2025-11-15,0,0.0,0.0,96.2,2.71,100.0,2025-11,-0.55,0.55
2025-11-16,0,0.0,0.0,96.2,2.71,100.0,2025-11,-0.55,0.55
2025-11-17,0,0.0,0.0,96.2,2.71,100.0,2025-11,-0.55,0.55
2025-11-18,0,0.0,0.0,96.2,2.71,100.0,2025-11,-0.55,0.55
2025-11-19,0,0.0,0.0,96.2,2.71,100.0,2025-11,-0.55,0.55
2025-11-20,0,0.0,0.0,96.2,2.71,100.0,2025-11,-0.55,0.55
2025-11-21,0,0.0,0.0,96.2,2.71,100.0,2025-11,-0.55,0.55
2025-11-22,0,0.0,0.0,96.2,2.71,100.0,2025-11,-0.55,0.55
2025-11-23,0,0.0,0.0,96.2,2.71,100.0,2025-11,-0.55,0.55
2025-11-24,0,0.0,0.0,96.2,2.71,100.0,2025-11,-0.55,0.55
2025-11-25,0,0.0,0.0,96.2,2.71,100.0,2025-11,-0.55,0.55
2025-11-26,0,0.0,0.0,96.2,2.71,100.0,2025-11,-0.55,0.55
2025-11-27,0,0.0,0.0,96.2,2.71,100.0,2025-11,-0.55,0.55
2025-11-28,0,0.0,0.0,96.2,2.71,100.0,2025-11,-0.55,0.55
2025-11-29,1,0.48,-0.48,95.72,3.19,99.52,2025-11,-1.03,1.03
2025-11-30,0,0.0,0.0,95.72,3.19,100.0,2025-11,-1.03,1.03
2025-12-01,0,0.0,0.0,95.72,3.19,100.0,2025-12,0.0,0.0
2025-12-02,0,0.0,0.0,95.72,3.19,100.0,2025-12,0.0,0.0
2025-12-03,0,0.0,0.0,95.72,3.19,100.0,2025-12,0.0,0.0
2025-12-04,0,0.0,0.0,95.72,3.19,100.0,2025-12,0.0,0.0
2025-12-05,0,0.0,0.0,95.72,3.19,100.0,2025-12,0.0,0.0
2025-12-06,1,0.78,-0.78,94.94,3.97,99.22,2025-12,-0.78,0.78
2025-12-07,0,0.0,0.0,94.94,3.97,100.0,2025-12,-0.78,0.78
2025-12-08,1,1.36,4.26,99.2,0.0,98.64,2025-12,3.48,0.0
2025-12-09,0,0.0,0.0,99.2,0.0,100.0,2025-12,3.48,0.0
2025-12-10,0,0.0,0.0,99.2,0.0,100.0,2025-12,3.48,0.0
2025-12-11,0,0.0,0.0,99.2,0.0,100.0,2025-12,3.48,0.0
2025-12-12,0,0.0,0.0,99.2,0.0,100.0,2025-12,3.48,0.0
2025-12-13,0,0.0,0.0,99.2,0.0,100.0,2025-12,3.48,0.0
2025-12-14,0,0.0,0.0,99.2,0.0,100.0,2025-12,3.48,0.0
2025-12-15,0,0.0,0.0,99.2,0.0,100.0,2025-12,3.48,0.0
2025-12-16,0,0.0,0.0,99.2,0.0,100.0,2025-12,3.48,0.0
2025-12-17,0,0.0,0.0,99.2,0.0,100.0,2025-12,3.48,0.0
2025-12-18,0,0.0,0.0,99.2,0.0,100.0,2025-12,3.48,0.0
2025-12-19,0,0.0,0.0,99.2,0.0,100.0,2025-12,3.48,0.0
2025-12-20,0,0.0,0.0,99.2,0.0,100.0,2025-12,3.48,0.0
2025-12-21,0,0.0,0.0,99.2,0.0,100.0,2025-12,3.48,0.0
2025-12-22,0,0.0,0.0,99.2,0.0,100.0,2025-12,3.48,0.0
2025-12-23,0,0.0,0.0,99.2,0.0,100.0,2025-12,3.48,0.0
2025-12-24,0,0.0,0.0,99.2,0.0,100.0,2025-12,3.48,0.0
2025-12-25,0,0.0,0.0,99.2,0.0,100.0,2025-12,3.48,0.0
2025-12-26,0,0.0,0.0,99.2,0.0,100.0,2025-12,3.48,0.0
2025-12-27,0,0.0,0.0,99.2,0.0,100.0,2025-12,3.48,0.0
2025-12-28,0,0.0,0.0,99.2,0.0,100.0,2025-12,3.48,0.0
2025-12-29,0,0.0,0.0,99.2,0.0,100.0,2025-12,3.48,0.0
2025-12-30,0,0.0,0.0,99.2,0.0,100.0,2025-12,3.48,0.0
2025-12-31,0,0.0,0.0,99.2,0.0,100.0,2025-12,3.48,0.0
2026-01-01,0,0.0,0.0,99.2,0.0,100.0,2026-01,0.0,0.0
2026-01-02,0,0.0,0.0,99.2,0.0,100.0,2026-01,0.0,0.0
2026-01-03,1,0.97,-0.97,98.23,0.97,99.03,2026-01,-0.97,0.97
2026-01-04,0,0.0,0.0,98.23,0.97,100.0,2026-01,-0.97,0.97
2026-01-05,0,0.0,0.0,98.23,0.97,100.0,2026-01,-0.97,0.97
2026-01-06,0,0.0,0.0,98.23,0.97,100.0,2026-01,-0.97,0.97
2026-01-07,0,0.0,0.0,98.23,0.97,100.0,2026-01,-0.97,0.97
2026-01-08,0,0.0,0.0,98.23,0.97,100.0,2026-01,-0.97,0.97
2026-01-09,0,0.0,0.0,98.23,0.97,100.0,2026-01,-0.97,0.97
2026-01-10,0,0.0,0.0,98.23,0.97,100.0,2026-01,-0.97,0.97
2026-01-11,0,0.0,0.0,98.23,0.97,100.0,2026-01,-0.97,0.97
2026-01-12,0,0.0,0.0,98.23,0.97,100.0,2026-01,-0.97,0.97
2026-01-13,0,0.0,0.0,98.23,0.97,100.0,2026-01,-0.97,0.97
2026-01-14,0,0.0,0.0,98.23,0.97,100.0,2026-01,-0.97,0.97
2026-01-15,0,0.0,0.0,98.23,0.97,100.0,2026-01,-0.97,0.97
2026-01-16,0,0.0,0.0,98.23,0.97,100.0,2026-01,-0.97,0.97
2026-01-17,0,0.0,0.0,98.23,0.97,100.0,2026-01,-0.97,0.97
2026-01-18,0,0.0,0.0,98.23,0.97,100.0,2026-01,-0.97,0.97
2026-01-19,0,0.0,0.0,98.23,0.97,100.0,2026-01,-0.97,0.97
2026-01-20,0,0.0,0.0,98.23,0.97,100.0,2026-01,-0.97,0.97
2026-01-21,0,0.0,0.0,98.23,0.97,100.0,2026-01,-0.97,0.97
2026-01-22,0,0.0,0.0,98.23,0.97,100.0,2026-01,-0.97,0.97
2026-01-23,1,1.18,-1.18,97.05,2.15,98.82,2026-01,-2.15,2.15
2026-01-24,0,0.0,0.0,97.05,2.15,100.0,2026-01,-2.15,2.15
2026-01-25,0,0.0,0.0,97.05,2.15,100.0,2026-01,-2.15,2.15
2026-01-26,0,0.0,0.0,97.05,2.15,100.0,2026-01,-2.15,2.15
2026-01-27,0,0.0,0.0,97.05,2.15,100.0,2026-01,-2.15,2.15
2026-01-28,0,0.0,0.0,97.05,2.15,100.0,2026-01,-2.15,2.15
2026-01-29,0,0.0,0.0,97.05,2.15,100.0,2026-01,-2.15,2.15
2026-01-30,0,0.0,0.0,97.05,2.15,100.0,2026-01,-2.15,2.15
2026-01-31,3,7.76,10.49,107.54,0.0,92.24,2026-01,8.34,0.0
2026-02-01,0,0.0,0.0,107.54,0.0,100.0,2026-02,0.0,0.0
2026-02-02,0,0.0,0.0,107.54,0.0,100.0,2026-02,0.0,0.0
2026-02-03,0,0.0,0.0,107.54,0.0,100.0,2026-02,0.0,0.0
2026-02-04,0,0.0,0.0,107.54,0.0,100.0,2026-02,0.0,0.0
2026-02-05,0,0.0,0.0,107.54,0.0,100.0,2026-02,0.0,0.0
2026-02-06,0,0.0,0.0,107.54,0.0,100.0,2026-02,0.0,0.0
2026-02-07,0,0.0,0.0,107.54,0.0,100.0,2026-02,0.0,0.0
2026-02-08,0,0.0,0.0,107.54,0.0,100.0,2026-02,0.0,0.0
2026-02-09,0,0.0,0.0,107.54,0.0,100.0,2026-02,0.0,0.0
2026-02-10,0,0.0,0.0,107.54,0.0,100.0,2026-02,0.0,0.0
2026-02-11,0,0.0,0.0,107.54,0.0,100.0,2026-02,0.0,0.0
2026-02-12,0,0.0,0.0,107.54,0.0,100.0,2026-02,0.0,0.0
2026-02-13,0,0.0,0.0,107.54,0.0,100.0,2026-02,0.0,0.0
2026-02-14,0,0.0,0.0,107.54,0.0,100.0,2026-02,0.0,0.0
2026-02-15,0,0.0,0.0,107.54,0.0,100.0,2026-02,0.0,0.0
2026-02-16,0,0.0,0.0,107.54,0.0,100.0,2026-02,0.0,0.0
2026-02-17,0,0.0,0.0,107.54,0.0,100.0,2026-02,0.0,0.0
2026-02-18,0,0.0,0.0,107.54,0.0,100.0,2026-02,0.0,0.0
2026-02-19,0,0.0,0.0,107.54,0.0,100.0,2026-02,0.0,0.0
2026-02-20,0,0.0,0.0,107.54,0.0,100.0,2026-02,0.0,0.0
2026-02-21,0,0.0,0.0,107.54,0.0,100.0,2026-02,0.0,0.0
2026-02-22,0,0.0,0.0,107.54,0.0,100.0,2026-02,0.0,0.0
2026-02-23,0,0.0,0.0,107.54,0.0,100.0,2026-02,0.0,0.0
2026-02-24,0,0.0,0.0,107.54,0.0,100.0,2026-02,0.0,0.0
2026-02-25,0,0.0,0.0,107.54,0.0,100.0,2026-02,0.0,0.0
2026-02-26,0,0.0,0.0,107.54,0.0,100.0,2026-02,0.0,0.0
2026-02-27,0,0.0,0.0,107.54,0.0,100.0,2026-02,0.0,0.0
2026-02-28,0,0.0,0.0,107.54,0.0,100.0,2026-02,0.0,0.0
2026-03-01,0,0.0,0.0,107.54,0.0,100.0,2026-03,0.0,0.0
2026-03-02,0,0.0,0.0,107.54,0.0,100.0,2026-03,0.0,0.0
2026-03-03,0,0.0,0.0,107.54,0.0,100.0,2026-03,0.0,0.0
2026-03-04,0,0.0,0.0,107.54,0.0,100.0,2026-03,0.0,0.0
2026-03-05,0,0.0,0.0,107.54,0.0,100.0,2026-03,0.0,0.0
2026-03-06,0,0.0,0.0,107.54,0.0,100.0,2026-03,0.0,0.0
2026-03-07,0,0.0,0.0,107.54,0.0,100.0,2026-03,0.0,0.0
2026-03-08,0,0.0,0.0,107.54,0.0,100.0,2026-03,0.0,0.0
2026-03-09,0,0.0,0.0,107.54,0.0,100.0,2026-03,0.0,0.0
2026-03-10,0,0.0,0.0,107.54,0.0,100.0,2026-03,0.0,0.0
2026-03-11,0,0.0,0.0,107.54,0.0,100.0,2026-03,0.0,0.0
2026-03-12,0,0.0,0.0,107.54,0.0,100.0,2026-03,0.0,0.0
2026-03-13,0,0.0,0.0,107.54,0.0,100.0,2026-03,0.0,0.0
2026-03-14,0,0.0,0.0,107.54,0.0,100.0,2026-03,0.0,0.0
2026-03-15,0,0.0,0.0,107.54,0.0,100.0,2026-03,0.0,0.0
2026-03-16,0,0.0,0.0,107.54,0.0,100.0,2026-03,0.0,0.0
2026-03-17,0,0.0,0.0,107.54,0.0,100.0,2026-03,0.0,0.0
2026-03-18,0,0.0,0.0,107.54,0.0,100.0,2026-03,0.0,0.0
2026-03-19,0,0.0,0.0,107.54,0.0,100.0,2026-03,0.0,0.0
2026-03-20,0,0.0,0.0,107.54,0.0,100.0,2026-03,0.0,0.0
2026-03-21,0,0.0,0.0,107.54,0.0,100.0,2026-03,0.0,0.0
2026-03-22,0,0.0,0.0,107.54,0.0,100.0,2026-03,0.0,0.0
2026-03-23,0,0.0,0.0,107.54,0.0,100.0,2026-03,0.0,0.0
2026-03-24,0,0.0,0.0,107.54,0.0,100.0,2026-03,0.0,0.0
2026-03-25,0,0.0,0.0,107.54,0.0,100.0,2026-03,0.0,0.0
2026-03-26,0,0.0,0.0,107.54,0.0,100.0,2026-03,0.0,0.0
2026-03-27,0,0.0,0.0,107.54,0.0,100.0,2026-03,0.0,0.0
2026-03-28,0,0.0,0.0,107.54,0.0,100.0,2026-03,0.0,0.0
2026-03-29,0,0.0,0.0,107.54,0.0,100.0,2026-03,0.0,0.0
2026-03-30,0,0.0,0.0,107.54,0.0,100.0,2026-03,0.0,0.0
2026-03-31,0,0.0,0.0,107.54,0.0,100.0,2026-03,0.0,0.0
2026-04-01,0,0.0,0.0,107.54,0.0,100.0,2026-04,0.0,0.0
2026-04-02,0,0.0,0.0,107.54,0.0,100.0,2026-04,0.0,0.0
2026-04-03,0,0.0,0.0,107.54,0.0,100.0,2026-04,0.0,0.0
2026-04-04,1,1.67,-1.67,105.87,1.67,98.33,2026-04,-1.67,1.67
2026-04-05,0,0.0,0.0,105.87,1.67,100.0,2026-04,-1.67,1.67
2026-04-06,1,1.94,4.28,110.15,0.0,98.06,2026-04,2.61,0.0
2026-04-07,0,0.0,0.0,110.15,0.0,100.0,2026-04,2.61,0.0
2026-04-08,0,0.0,0.0,110.15,0.0,100.0,2026-04,2.61,0.0
2026-04-09,0,0.0,0.0,110.15,0.0,100.0,2026-04,2.61,0.0
2026-04-10,0,0.0,0.0,110.15,0.0,100.0,2026-04,2.61,0.0
2026-04-11,0,0.0,0.0,110.15,0.0,100.0,2026-04,2.61,0.0
2026-04-12,0,0.0,0.0,110.15,0.0,100.0,2026-04,2.61,0.0
2026-04-13,0,0.0,0.0,110.15,0.0,100.0,2026-04,2.61,0.0
2026-04-14,0,0.0,0.0,110.15,0.0,100.0,2026-04,2.61,0.0
2026-04-15,0,0.0,0.0,110.15,0.0,100.0,2026-04,2.61,0.0
2026-04-16,0,0.0,0.0,110.15,0.0,100.0,2026-04,2.61,0.0
2026-04-17,0,0.0,0.0,110.15,0.0,100.0,2026-04,2.61,0.0
2026-04-18,0,0.0,0.0,110.15,0.0,100.0,2026-04,2.61,0.0
2026-04-19,0,0.0,0.0,110.15,0.0,100.0,2026-04,2.61,0.0
2026-04-20,0,0.0,0.0,110.15,0.0,100.0,2026-04,2.61,0.0
2026-04-21,0,0.0,0.0,110.15,0.0,100.0,2026-04,2.61,0.0
2026-04-22,0,0.0,0.0,110.15,0.0,100.0,2026-04,2.61,0.0
2026-04-23,0,0.0,0.0,110.15,0.0,100.0,2026-04,2.61,0.0
2026-04-24,0,0.0,0.0,110.15,0.0,100.0,2026-04,2.61,0.0
2026-04-25,0,0.0,0.0,110.15,0.0,100.0,2026-04,2.61,0.0
2026-04-26,0,0.0,0.0,110.15,0.0,100.0,2026-04,2.61,0.0
2026-04-27,0,0.0,0.0,110.15,0.0,100.0,2026-04,2.61,0.0
2026-04-28,0,0.0,0.0,110.15,0.0,100.0,2026-04,2.61,0.0
2026-04-29,0,0.0,0.0,110.15,0.0,100.0,2026-04,2.61,0.0
2026-04-30,0,0.0,0.0,110.15,0.0,100.0,2026-04,2.61,0.0
