test_month,candidate_id,source_file,source_row,date,league,home_team,away_team,outcome,probability,conservative_probability,odds,raw_odds,conservative_ev_pct,reference_dispersion,reference_bookmakers,execution_cost_rate,execution_bookmaker,odds_band,source_type,implied_probability,price_ratio,probability_uncertainty,relative_dispersion,log_odds,probability_squared,odds_probability_interaction,reference_depth_inverse,raw_net_odds_gap_pct,outcome_odds_band,outcome_source_type,source_odds_band,predicted_closing_edge_pct,lower_closing_edge_pct,predicted_closing_probability,stake,estimated_probability_from_lower_clv,staking_probability_profile,decision_frozen_before_closing_and_result,closing_probability,closing_fair_odds,closing_edge_pct,positive_clv,actual_outcome,won,profit
2021-12,data\historical_csv\football-data\2122\B1.csv:146,data\historical_csv\football-data\2122\B1.csv,146,2021-12-03,B1,St Truiden,St. Gilloise,home,0.2491322587215617,0.23960760899493816,4.43,4.5,6.1461707847575875,0.007524649726623528,5,0.0,WH,4.0-5.0,sportsbook,0.22573363431151244,1.1036559061365183,0.009524649726623535,0.030203433972126915,1.4883995840570443,0.06206688233570715,0.3708083502563644,0.2,1.5801354401805856,home:4.0-5.0,home:sportsbook,sportsbook:4.0-5.0,11.92765549546191,9.668102890032305,0.2526583645495754,0.14,0.23660060736335495,training_market_platt,True,0.210824674735707,4.743277803006764,-6.604669092081794,False,away,False,-0.14
2021-12,data\historical_csv\football-data\2122\G1.csv:79,data\historical_csv\football-data\2122\G1.csv,79,2021-12-04,G1,Atromitos,Apollon,away,0.23119820224791787,0.21964916130849998,4.92,5.0,8.067387363781986,0.009549040939417873,5,0.0,IW,4.0-5.0,sportsbook,0.2032520325203252,1.1374951550597558,0.011549040939417887,0.0413024013447054,1.5933085305042167,0.05345260872266914,0.36837006787884674,0.2,1.6260162601626105,away:4.0-5.0,away:sportsbook,sportsbook:4.0-5.0,5.427563448265871,2.9180829022808608,0.21428366554525585,0.19,0.21812429866554445,training_market_platt,True,0.22778802035245413,4.390046493457865,12.071706013407436,True,home,False,-0.19
2021-12,data\historical_csv\football-data\2122\B1.csv:153,data\historical_csv\football-data\2122\B1.csv,153,2021-12-05,B1,Standard,Charleroi,draw,0.2705801500737049,0.25399791538039773,4.038,4.1,2.564358230604613,0.014582234693307154,5,0.0,BW,4.0-5.0,sportsbook,0.24764735017335313,1.0926026459976204,0.016582234693307163,0.05389247766081516,1.3957495198906458,0.07321361761390867,0.37766211455731247,0.2,1.535413571074784,draw:4.0-5.0,draw:sportsbook,sportsbook:4.0-5.0,6.905212016184392,4.8456017631991255,0.26474792475528575,0.15,0.25884100846242075,training_market_platt,True,0.27815894427708326,3.595066851432493,12.32058169908623,True,away,False,-0.15
2021-12,data\historical_csv\football-data\2122\I2.csv:162,data\historical_csv\football-data\2122\I2.csv,162,2021-12-10,I2,Cremonese,Crotone,home,0.5471061763299465,0.5330356378786342,1.9604,1.98,4.49630644972745,0.012070538451312295,5,0.0,BW,1.5-2.0,sportsbook,0.5100999795960008,1.0725469480772272,0.014070538451312342,0.022062515419370526,0.6731485340532554,0.2993251681783745,0.36828372056798536,0.2,0.9997959600081652,home:1.5-2.0,home:sportsbook,sportsbook:1.5-2.0,7.7027435611320305,6.702827776101761,0.5493916729296676,0.87,0.5527177388996904,training_market_platt,True,0.5471942588407068,1.8275045540839803,7.271962503132157,True,home,True,0.84
2021-12,data\historical_csv\football-data\2122\B1.csv:158,data\historical_csv\football-data\2122\B1.csv,158,2021-12-11,B1,St Truiden,Cercle Brugge,away,0.37422919281401823,0.3680812060592269,2.862,2.9,5.3448411741507496,0.004147986754791359,5,0.0,WH,2.0-3.0,sportsbook,0.3494060097833683,1.0710439498337203,0.006147986754791335,0.011084081184582508,1.0515206811342592,0.14004748875423165,0.3935097357281205,0.2,1.3277428371767819,away:2.0-3.0,away:sportsbook,sportsbook:2.0-3.0,6.328789090540998,4.869005894888745,0.3715191792122327,0.29,0.36798607477227396,training_market_platt,True,0.3747345547526432,2.668555614413742,7.2490295702065,True,away,True,0.54
2021-12,data\historical_csv\football-data\2122\N1.csv:140,data\historical_csv\football-data\2122\N1.csv,140,2021-12-11,N1,Zwolle,For Sittard,home,0.5228425503533685,0.5068772830637751,1.98,2.0,0.36170204662746563,0.013965267289593318,5,0.0,BW,1.5-2.0,sportsbook,0.5050505050505051,1.0352282496996696,0.015965267289593355,0.026710273064337917,0.6830968447064438,0.2733643324600146,0.35715209642465595,0.2,1.0101010101010166,home:1.5-2.0,home:sportsbook,sportsbook:1.5-2.0,4.147620076020964,3.137707173368476,0.5259980811920251,0.44,0.5267866060211436,training_market_platt,True,0.45512896497501243,2.1971794303509165,-9.884464934947534,False,away,False,-0.44
2021-12,data\historical_csv\football-data\2122\B1.csv:162,data\historical_csv\football-data\2122\B1.csv,162,2021-12-12,B1,Gent,Genk,home,0.5207001905742764,0.5087468653108813,2.029,2.05,3.224738971577823,0.009953325263395072,5,0.0,WH,2.0-3.0,sportsbook,0.49285362247412523,1.0565006866752067,0.011953325263395098,0.019115271020772286,0.7075430608436777,0.2711286884640878,0.3684178066208098,0.2,1.0349926071956617,home:2.0-3.0,home:sportsbook,sportsbook:2.0-3.0,6.77383586358733,5.738930166879297,0.5262387179082668,0.62,0.5244953400213775,training_market_platt,True,0.5960204915290852,1.6777946634594878,20.93255773125138,True,home,True,0.64
2021-12,data\historical_csv\football-data\2122\G1.csv:94,data\historical_csv\football-data\2122\G1.csv,94,2021-12-15,G1,Lamia,Volos NFC,draw,0.3079331836758262,0.3003658308845153,3.45,3.5,3.626211655157774,0.005567352791310933,5,0.0,B365,3.0-4.0,sportsbook,0.2898550724637681,1.0623694836816004,0.007567352791310933,0.018079742900238744,1.2383742310432684,0.09482284560873014,0.38133651954725684,0.2,1.4492753623188248,draw:3.0-4.0,draw:sportsbook,sportsbook:3.0-4.0,3.8031987437936454,2.0435020194748743,0.3008788369385323,0.11,0.29789649649981553,training_market_platt,True,0.3032840899757545,3.2972385728507656,4.633011041635315,True,draw,True,0.27
2021-12,data\historical_csv\football-data\2122\T1.csv:191,data\historical_csv\football-data\2122\T1.csv,191,2021-12-27,T1,Konyaspor,Besiktas,draw,0.2834178223434885,0.27494275828647885,3.8126,3.87,4.824676024302943,0.006475064057009625,4,0.0,PS,3.0-4.0,sportsbook,0.2622882022766616,1.0805587894667843,0.008475064057009651,0.022846354556920436,1.3383113710977392,0.0803256620219252,0.3793012944140496,0.25,1.5055342810680328,draw:3.0-4.0,draw:sportsbook,sportsbook:3.0-4.0,5.295501591470075,3.3508581911402935,0.2761776782024604,0.13,0.2722207928489851,training_market_platt,True,0.2823620871401516,3.5415519488763585,7.653369343054206,True,home,False,-0.13
2022-01,data\historical_csv\football-data\2122\SP2.csv:239,data\historical_csv\football-data\2122\SP2.csv,239,2022-01-02,SP2,Mirandes,Zaragoza,away,0.4296060844392185,0.4144572229411089,2.568,2.6,6.4326148512767745,0.013148861498109581,5,0.0,B365,2.0-3.0,sportsbook,0.3894080996884735,1.1032284248399131,0.015148861498109567,0.030606786017179668,0.9431273858277147,0.18456138778719694,0.4051732633528406,0.2,1.2461059190031154,away:2.0-3.0,away:sportsbook,sportsbook:2.0-3.0,5.765714610987294,4.454582158217102,0.4118602593885798,0.39,0.41326388818221993,training_market_platt,True,0.3967693520738231,2.520355956863169,1.890369612557774,True,home,False,-0.39
2022-01,data\historical_csv\football-data\2122\P1.csv:154,data\historical_csv\football-data\2122\P1.csv,154,2022-01-13,P1,Famalicao,Belenenses,home,0.5626507100116103,0.545669470012285,1.882,1.9,2.6949942563120333,0.014981239999325246,5,0.0,B365,1.5-2.0,sportsbook,0.5313496280552604,1.0589086362418505,0.016981239999325215,0.02662618163054679,0.6323350411631878,0.31657582147656915,0.35578375987568844,0.2,0.9564293304994642,home:1.5-2.0,home:sportsbook,sportsbook:1.5-2.0,5.135910227050644,4.175025773735408,0.558639267943946,0.4,0.5501581697683156,training_market_platt,True,0.6298210050916653,1.5877526978549377,18.53231315825139,True,home,True,0.35
2022-02,data\historical_csv\football-data\2122\B1.csv:235,data\historical_csv\football-data\2122\B1.csv,235,2022-02-12,B1,Eupen,Gent,away,0.5487808885282728,0.5413274488873124,1.98,2.0,7.182834879687872,0.005453439640960315,5,0.0,WH,1.5-2.0,sportsbook,0.5050505050505051,1.08658615928598,0.0074534396409603465,0.009937371644966383,0.6830968447064438,0.30116046361388055,0.3748704933888618,0.2,1.0101010101010166,away:1.5-2.0,away:sportsbook,sportsbook:1.5-2.0,8.600395066075151,8.600395066075151,0.5484868437680563,0.95,0.5520093735076086,training_market_platt,True,0.6164081927458258,1.6223016043077598,22.04882216367352,True,away,True,0.93
2022-02,data\historical_csv\football-data\2122\B1.csv:236,data\historical_csv\football-data\2122\B1.csv,236,2022-02-12,B1,Mechelen,Oostende,home,0.5235819655100769,0.5080483258930739,1.931,1.95,-1.8958682700474294,0.013533639617002971,5,0.0,WH,1.5-2.0,sportsbook,0.5178663904712584,1.0110367753999585,0.015533639617002937,0.025848177570093375,0.6580380034463774,0.2741380746073953,0.344536831224781,0.2,0.9839461418953865,home:1.5-2.0,home:sportsbook,sportsbook:1.5-2.0,1.442469142721503,1.442469142721503,0.525336453354332,0.15,0.5253223428167229,training_market_platt,True,0.5205294478434811,1.921120897468786,0.5142363785761939,True,home,True,0.14
2022-02,data\historical_csv\football-data\2122\B1.csv:240,data\historical_csv\football-data\2122\B1.csv,240,2022-02-13,B1,St. Gilloise,St Truiden,home,0.6812181510308626,0.6642446755720056,1.6076000000000001,1.62,6.783974044955632,0.014973475458856913,5,0.0,WH,1.5-2.0,sportsbook,0.6220452848967404,1.0951262995972149,0.016973475458856968,0.021980441120363715,0.4747423835929091,0.4640581692939071,0.32340312876714605,0.2,0.771336153271962,home:1.5-2.0,home:sportsbook,sportsbook:1.5-2.0,10.335110368001587,10.335110368001587,0.6863343516297685,1.83,0.691292733943027,training_market_platt,True,0.6490116865650626,1.5408043039911443,4.335118732199472,True,away,False,-1.83
2022-02,data\historical_csv\football-data\2122\B1.csv:239,data\historical_csv\football-data\2122\B1.csv,239,2022-02-13,B1,Genk,Standard,home,0.5631690651038209,0.5510857689691911,1.8623999999999998,1.88,2.634213612822145,0.010083296134629818,5,0.0,WH,1.5-2.0,sportsbook,0.5369415807560138,1.048846066849356,0.012083296134629773,0.017904563228754316,0.6218659785549815,0.3171593958899117,0.3502156817626817,0.2,0.9450171821305808,home:1.5-2.0,home:sportsbook,sportsbook:1.5-2.0,5.626027292210356,5.626027292210356,0.5671500606325729,0.65,0.5672328745097021,training_market_platt,True,0.5681843436959425,1.7599921770022209,5.818652169932315,True,home,True,0.56
2022-02,data\historical_csv\football-data\2122\T1.csv:247,data\historical_csv\football-data\2122\T1.csv,247,2022-02-13,T1,Trabzonspor,Konyaspor,away,0.24089651973404522,0.2301125271168716,4.537800000000001,4.61,4.420462555094007,0.00878399261717361,5,0.0,PS,4.0-5.0,sportsbook,0.22037110494072013,1.0931402272491506,0.01078399261717361,0.03646375890723254,1.512442313107902,0.05803113321997524,0.3643420895262027,0.2,1.591079377672,away:4.0-5.0,away:sportsbook,sportsbook:4.0-5.0,4.300600851582548,4.300600851582548,0.2298483865564426,0.11,0.2287878484026735,training_market_platt,True,0.2211887510767498,4.521025572647735,0.3710314636075296,True,home,False,-0.11
2022-02,data\historical_csv\football-data\2122\SP2.csv:299,data\historical_csv\football-data\2122\SP2.csv,299,2022-02-18,SP2,Cartagena,Valladolid,away,0.471618301895688,0.4550706829437315,2.4210000000000003,2.45,10.17261234067741,0.014547618951956496,5,0.0,WH,2.0-3.0,sportsbook,0.41305245766212306,1.1417879088894607,0.0165476189519565,0.030846171349758436,0.8841806779559216,0.22242382268297228,0.4169957899065499,0.2,1.1978521272201448,away:2.0-3.0,away:sportsbook,sportsbook:2.0-3.0,11.71478633022527,11.71478633022527,0.4614406705089849,0.97,0.4702532359290259,training_market_platt,True,0.4300016122003845,2.325572676071715,4.103390313713096,True,away,True,1.38
2022-02,data\historical_csv\football-data\2122\SP2.csv:300,data\historical_csv\football-data\2122\SP2.csv,300,2022-02-19,SP2,Zaragoza,Las Palmas,home,0.3794501867216367,0.37131356152285194,2.8326000000000002,2.87,5.178279436963051,0.0061366251987847705,5,0.0,WH,2.0-3.0,sportsbook,0.35303254960107316,1.0748305989077083,0.008136625198784775,0.016172413174450687,1.041195017798159,0.14398244420308498,0.39508164391714934,0.2,1.3203417355080127,home:2.0-3.0,home:sportsbook,sportsbook:2.0-3.0,7.2132847584882365,7.2132847584882365,0.37849779269394984,0.31,0.3728502705325325,training_market_platt,True,0.3925170703102567,2.5476598997581723,11.184385336083324,True,home,True,0.57
2022-02,data\historical_csv\football-data\2122\SP2.csv:304,data\historical_csv\football-data\2122\SP2.csv,304,2022-02-20,SP2,Fuenlabrada,Alcorcon,away,0.23763687025040894,0.2254549079556142,4.5868,4.66,3.4116571810811402,0.010181962294794742,5,0.0,PS,4.0-5.0,sportsbook,0.21801691811284554,1.0899927964645757,0.012181962294794735,0.042846727799711964,1.5231826131820123,0.056471282102409696,0.3619643490164127,0.2,1.595883840586021,away:4.0-5.0,away:sportsbook,sportsbook:4.0-5.0,3.7717630866397123,3.7717630866397123,0.2262399997528554,0.1,0.22545603713964088,training_market_platt,True,0.21423005077730373,4.667879209156886,-1.7369603094663177,False,draw,False,-0.1
2022-02,data\historical_csv\football-data\2122\E0.csv:250,data\historical_csv\football-data\2122\E0.csv,250,2022-02-25,E0,Southampton,Norwich,home,0.6211318326460751,0.6161250322819855,1.6174,1.63,-0.3479372787116741,0.0030068003640896313,5,0.0,IW,1.5-2.0,sportsbook,0.6182762458266353,1.0046186261217618,0.005006800364089625,0.004840840874763096,0.4808199216795847,0.3858047535262718,0.29865255912558275,0.2,0.7790280697415497,home:1.5-2.0,home:sportsbook,sportsbook:1.5-2.0,1.6044511064859712,1.6044511064859712,0.6281961858939408,0.26,0.6283818173551109,training_market_platt,True,0.6381144232455567,1.5671170617235586,3.2086268157363262,True,home,True,0.16
2022-02,data\historical_csv\football-data\2122\I2.csv:256,data\historical_csv\football-data\2122\I2.csv,256,2022-02-26,I2,Vicenza,Pordenone,home,0.48432157340896437,0.4764615677530101,2.274,2.3,8.347360507034484,0.005860005655954303,5,0.0,WH,2.0-3.0,sportsbook,0.4397537379067722,1.101347257931985,0.007860005655954294,0.012099410758657399,0.8215403953283443,0.23456738646933487,0.39788973688444634,0.2,1.1433597185575906,home:2.0-3.0,home:sportsbook,sportsbook:2.0-3.0,10.321962729681221,10.321962729681221,0.48514495483588926,0.78,0.48371463950798965,training_market_platt,True,0.4514761158573048,2.2149565943285996,2.665668745951111,True,home,True,0.99
2022-02,data\historical_csv\football-data\2122\I2.csv:254,data\historical_csv\football-data\2122\I2.csv,254,2022-02-26,I2,Parma,Spal,home,0.4780212498990455,0.4681725610155291,2.176,2.2,1.874349276979137,0.007848688883516362,5,0.0,WH,2.0-3.0,sportsbook,0.45955882352941174,1.040174239780323,0.009848688883516366,0.016419121294657814,0.7774883289936962,0.2285043153550457,0.371655942807487,0.2,1.1029411764705843,home:2.0-3.0,home:sportsbook,sportsbook:2.0-3.0,4.286326038455046,4.286326038455046,0.47925701304437063,0.32,0.47703790751810077,training_market_platt,True,0.5365463125900781,1.863772010980161,16.752477619601013,True,home,True,0.38
2022-02,data\historical_csv\football-data\2122\I2.csv:252,data\historical_csv\football-data\2122\I2.csv,252,2022-02-26,I2,Como,Brescia,away,0.3988314743557221,0.3856239834137213,2.6660000000000004,2.7,2.807353978098104,0.011207490942000771,5,0.0,WH,2.0-3.0,sportsbook,0.3750937734433608,1.0632847106323553,0.013207490942000799,0.028100818673113773,0.980579221756517,0.159066544936759,0.39108585673573826,0.2,1.275318829707417,away:2.0-3.0,away:sportsbook,sportsbook:2.0-3.0,4.203837925065179,4.203837925065179,0.3908621077459309,0.29,0.39327189529945655,training_market_platt,True,0.42741164134370496,2.3396648646634444,13.947943582231748,True,draw,False,-0.29
2022-03,data\historical_csv\football-data\2122\I2.csv:274,data\historical_csv\football-data\2122\I2.csv,274,2022-03-05,I2,Parma,Reggina,home,0.5693915641277388,0.5562253432573707,1.882,1.9,4.681609601037162,0.011166220870368171,5,0.0,WH,1.5-2.0,sportsbook,0.5313496280552604,1.0715949236884044,0.013166220870368117,0.019610794352870164,0.6323350411631878,0.32420675329983295,0.36004623814068565,0.2,0.9564293304994642,home:1.5-2.0,home:sportsbook,sportsbook:1.5-2.0,7.583374897935946,6.543740264394127,0.5716438623694791,1.07,0.5815054976664074,training_market_platt,True,0.6252194470328447,1.599438412777757,17.666299931581374,True,draw,False,-1.07
2022-03,data\historical_csv\football-data\2122\F2.csv:263,data\historical_csv\football-data\2122\F2.csv,263,2022-03-05,F2,Bastia,Valenciennes,away,0.23989148264230206,0.22453140077985537,4.675,4.75,4.968429864582391,0.013360081862446692,5,0.0,B365,4.0-5.0,sportsbook,0.21390374331550802,1.1214926813527621,0.015360081862446695,0.0556921892986408,1.5422291627406504,0.05754792344432191,0.3699676404240508,0.2,1.6042780748663166,away:4.0-5.0,away:sportsbook,sportsbook:4.0-5.0,6.3562595704161895,3.7737452708370034,0.2275000204714785,0.11,0.22272061991435121,training_market_platt,True,0.20613068724501474,4.851291252967891,-3.6339037129556107,False,draw,False,-0.11
2022-03,data\historical_csv\football-data\2122\F2.csv:272,data\historical_csv\football-data\2122\F2.csv,272,2022-03-12,F2,Ajaccio,Bastia,draw,0.3304886393849185,0.32149396622795184,3.205,3.25,3.0388161760585675,0.006994673156966671,5,0.0,B365,3.0-4.0,sportsbook,0.31201248049922,1.059216089228664,0.00899467315696667,0.021164640242958575,1.1647120903726333,0.10922274076249472,0.38492411402241583,0.2,1.4040561622464809,draw:3.0-4.0,draw:sportsbook,sportsbook:3.0-4.0,4.642944023074236,2.8724716529884287,0.3264990453138042,0.11,0.31931137612837707,training_market_platt,True,0.32058441360245404,3.119303239863889,2.7473045595865164,True,away,False,-0.11
2022-03,data\historical_csv\football-data\2122\SP2.csv:333,data\historical_csv\football-data\2122\SP2.csv,333,2022-03-12,SP2,Ibiza,Leganes,home,0.439010889282371,0.4235636528070371,2.372,2.4,0.46929844582919156,0.013447236475333847,5,0.0,WH,2.0-3.0,sportsbook,0.4215851602023609,1.0413338293777838,0.015447236475333859,0.030630758378944467,0.863733481135479,0.1927305609084982,0.3791884036562446,0.2,1.180438448566612,home:2.0-3.0,home:sportsbook,sportsbook:2.0-3.0,3.318084094457663,2.0077688177513986,0.4355737103476293,0.28,0.4380407695740082,training_market_platt,True,0.4123552568723969,2.425093371149745,-2.1893330698674607,False,draw,False,-0.28
2022-03,data\historical_csv\football-data\2122\D2.csv:230,data\historical_csv\football-data\2122\D2.csv,230,2022-03-12,D2,Paderborn,Fortuna Dusseldorf,home,0.5008495951997904,0.48711002337360526,2.0780000000000003,2.1,1.2214628570351937,0.011739571826185166,5,0.0,B365,2.0-3.0,sportsbook,0.4812319538017324,1.0407654588251647,0.013739571826185182,0.023439315792003815,0.7314058926770358,0.25085031701179394,0.36632434527403474,0.2,1.0587102983637964,home:2.0-3.0,home:sportsbook,sportsbook:2.0-3.0,2.757572005451636,1.6096651146440433,0.4945022714410569,0.48,0.5062057653110565,training_market_platt,True,0.4667041015611789,2.1426852617212595,-3.0188876955870025,False,draw,False,-0.48
2022-03,data\historical_csv\football-data\2122\SP2.csv:342,data\historical_csv\football-data\2122\SP2.csv,342,2022-03-13,SP2,Oviedo,Valladolid,away,0.38984857447848315,0.3784821604571512,2.8423999999999996,2.88,7.579769288340654,0.009366414021331936,5,0.0,WH,2.0-3.0,sportsbook,0.3518153672952435,1.1081055880976403,0.011366414021331928,0.024025774709736422,1.0446487657246801,0.15198191102290542,0.40725483214847347,0.2,1.3228257810301347,away:2.0-3.0,away:sportsbook,sportsbook:2.0-3.0,8.157134217455031,6.586965523310884,0.3805134190031489,0.5,0.3840056088833416,training_market_platt,True,0.39661591552842856,2.521330992649795,12.73410782980051,True,home,False,-0.5
2022-03,data\historical_csv\football-data\2122\SP2.csv:340,data\historical_csv\football-data\2122\SP2.csv,340,2022-03-13,SP2,Sp Gijon,Tenerife,home,0.3700701946201881,0.3583544469822608,2.8423999999999996,2.88,1.8586680102377962,0.009715747637927263,5,0.0,WH,2.0-3.0,sportsbook,0.3518153672952435,1.0518875211884224,0.011715747637927265,0.02625379665579058,1.0446487657246801,0.1369519489462239,0.38659337204147165,0.2,1.3228257810301347,home:2.0-3.0,home:sportsbook,sportsbook:2.0-3.0,4.381084565203031,2.8109158710589055,0.3672286960498278,0.16,0.36236453249421424,training_market_platt,True,0.3764382175954124,2.656478416000732,6.998798969320008,True,away,False,-0.16
2022-03,data\historical_csv\football-data\2122\I2.csv:295,data\historical_csv\football-data\2122\I2.csv,295,2022-03-15,I2,Crotone,Frosinone,home,0.2980209107857554,0.2764918053676389,3.7439999999999998,3.8,3.5185319296439976,0.01952910541811649,5,0.0,WH,3.0-4.0,sportsbook,0.2670940170940171,1.1157902899818681,0.02152910541811648,0.06552931257953169,1.3201545586153456,0.08881646326557116,0.3934336639365122,0.2,1.4957264957264904,home:3.0-4.0,home:sportsbook,sportsbook:3.0-4.0,8.595432182698627,6.527211105131903,0.2900519021973788,0.24,0.28432928809434876,training_market_platt,True,0.3129892781624392,3.194997623787634,17.183185744017226,True,home,True,0.66
2022-03,data\historical_csv\football-data\2122\I2.csv:292,data\historical_csv\football-data\2122\I2.csv,292,2022-03-15,I2,Cittadella,Reggina,home,0.5396805484843955,0.5319979241675219,1.931,1.95,2.728799156748485,0.0056826243168735914,5,0.0,WH,1.5-2.0,sportsbook,0.5178663904712584,1.0421231391233678,0.00768262431687361,0.010529607436903761,0.6580380034463774,0.291255094412418,0.3551303106235175,0.2,0.9839461418953865,home:1.5-2.0,home:sportsbook,sportsbook:1.5-2.0,5.245587858285949,4.178885160427681,0.5450315269719624,0.64,0.5489345673535466,training_market_platt,True,0.5570671942019942,1.7951155810431676,7.569675200405102,True,draw,False,-0.64
2022-03,data\historical_csv\football-data\2122\E1.csv:450,data\historical_csv\football-data\2122\E1.csv,450,2022-03-19,E1,Bristol City,West Brom,away,0.46404581266773987,0.4505516085471336,2.4210000000000003,2.45,9.07854442926106,0.011494204120606272,5,0.0,IW,2.0-3.0,sportsbook,0.41305245766212306,1.1234549124685984,0.013494204120606257,0.024769546037981826,0.8841806779559216,0.21533851625446312,0.4103003412471688,0.2,1.1978521272201448,away:2.0-3.0,away:sportsbook,sportsbook:2.0-3.0,9.09540370479871,7.758020363775997,0.4506212461990859,0.9,0.46563241574128916,training_market_platt,True,0.49909782885906323,2.003615207635742,20.831584366779232,True,draw,False,-0.9
2022-03,data\historical_csv\football-data\2122\E1.csv:453,data\historical_csv\football-data\2122\E1.csv,453,2022-03-19,E1,Reading,Blackburn,away,0.4095046350417298,0.4036181764414221,2.568,2.6,3.649147710157208,0.003886458600307671,5,0.0,IW,2.0-3.0,sportsbook,0.3894080996884735,1.051607902787162,0.005886458600307676,0.009490633970264168,0.9431273858277147,0.1676940461206603,0.386215035931239,0.2,1.2461059190031154,away:2.0-3.0,away:sportsbook,sportsbook:2.0-3.0,3.036286074666905,1.6176985406948452,0.4012316435929396,0.26,0.4055760496403753,training_market_platt,True,0.4067436452634162,2.4585510103111208,4.451768103645293,True,home,False,-0.26
2022-03,data\historical_csv\football-data\2122\I1.csv:293,data\historical_csv\football-data\2122\I1.csv,293,2022-03-20,I1,Empoli,Verona,home,0.35908745882189563,0.3513918061975577,3.058,3.1,7.455614335213134,0.0056956526243379345,5,0.0,BW,3.0-4.0,sportsbook,0.3270111183780249,1.0980894490773567,0.007695652624337912,0.015861463508150337,1.1177611075068705,0.12894380308316658,0.4013739956645898,0.2,1.373446697187708,home:3.0-4.0,home:sportsbook,sportsbook:3.0-4.0,9.036343282844172,7.34707510570769,0.35656096560773115,0.35,0.35038086471357366,training_market_platt,True,0.36168373667842746,2.7648464627788853,10.6028866762631,True,draw,False,-0.35
2022-03,data\historical_csv\football-data\2122\SP2.csv:356,data\historical_csv\football-data\2122\SP2.csv,356,2022-03-26,SP2,Eibar,Lugo,home,0.5854352586387034,0.5744339290115107,1.784,1.8,2.479012935653513,0.00900132962719264,5,0.0,WH,1.5-2.0,sportsbook,0.5605381165919282,1.0444165014114468,0.01100132962719269,0.015375448428103197,0.5788580341578177,0.34273444205736553,0.3388839029422734,0.2,0.8968609865470878,home:1.5-2.0,home:sportsbook,sportsbook:1.5-2.0,5.338178557369355,4.352680052460434,0.5904606421377206,0.88,0.5990297819885544,training_market_platt,True,0.5788699606227742,1.727503702082166,3.270400975102916,True,home,True,0.69
2022-03,data\historical_csv\football-data\2122\SP2.csv:355,data\historical_csv\football-data\2122\SP2.csv,355,2022-03-26,SP2,Ibiza,Sociedad B,home,0.5433938829374321,0.5374648394779583,1.8918,1.91,1.6775983324401444,0.003929043459473773,5,0.0,WH,1.5-2.0,sportsbook,0.528597103287874,1.0279925477410339,0.0059290434594737595,0.007230562549277307,0.637528756796933,0.2952769120138196,0.3464292266401592,0.2,0.9620467279839229,home:1.5-2.0,home:sportsbook,sportsbook:1.5-2.0,4.115484020800286,3.070435774395164,0.5503514326080996,0.52,0.5530124371338895,training_market_platt,True,0.5119559743061851,1.9532929591362298,-3.1481687807559,False,draw,False,-0.52
2022-03,data\historical_csv\football-data\2122\SP2.csv:359,data\historical_csv\football-data\2122\SP2.csv,359,2022-03-27,SP2,Mirandes,Ponferradina,home,0.43005259638776006,0.4143289447340609,2.519,2.55,4.369461178509937,0.013723651653699173,5,0.0,WH,2.0-3.0,sportsbook,0.39698292973402144,1.0833024903007675,0.015723651653699156,0.03191156562934721,0.9238619973704731,0.18494523565985366,0.3973092506731539,0.2,1.2306470821754623,home:2.0-3.0,home:sportsbook,sportsbook:2.0-3.0,7.052731924449462,5.661212454793851,0.4249810715539875,0.52,0.4281759564773862,training_market_platt,True,0.45336439671680695,2.2057312114533945,14.202491532963668,True,home,True,0.79
2022-03,data\historical_csv\football-data\2122\SP2.csv:364,data\historical_csv\football-data\2122\SP2.csv,364,2022-03-28,SP2,Las Palmas,Leganes,home,0.4592355315878979,0.44523821312096107,2.274,2.3,1.2471696637065488,0.011997318466936847,5,0.0,WH,2.0-3.0,sportsbook,0.4397537379067722,1.04430159883088,0.013997318466936859,0.026124543162968552,0.8215403953283443,0.2108972734728192,0.37728054016954404,0.2,1.1433597185575906,home:2.0-3.0,home:sportsbook,sportsbook:2.0-3.0,3.8936905477022776,2.6375113996289112,0.45687638763281563,0.37,0.4603291221553308,training_market_platt,True,0.4586300803013643,2.1804064821542086,4.29248026053024,True,home,True,0.47
2022-04,data\historical_csv\football-data\2122\SP2.csv:380,data\historical_csv\football-data\2122\SP2.csv,380,2022-04-09,SP2,Las Palmas,Amorebieta,home,0.5975611521825509,0.5765138277172466,1.7644,1.78,1.7200997624309933,0.019047324465304362,5,0.0,WH,1.5-2.0,sportsbook,0.5667649059170257,1.0543368969108928,0.02104732446530433,0.03187510499257745,0.5678106892486476,0.3570793305977378,0.33930160968899026,0.2,0.8841532532305685,home:1.5-2.0,home:sportsbook,sportsbook:1.5-2.0,6.257842255624779,5.267317408525374,0.6022321596895532,1.21,0.6191376971463458,training_market_platt,True,0.5864492114507026,1.705177499559245,3.473098868361957,True,home,True,0.92
2022-04,data\historical_csv\football-data\2122\I2.csv:332,data\historical_csv\football-data\2122\I2.csv,332,2022-04-09,I2,Como,Cittadella,away,0.36668913783625845,0.36331663302336736,2.8423999999999996,2.88,3.2691197705619235,0.0013725048128910952,5,0.0,WH,2.0-3.0,sportsbook,0.3518153672952435,1.042277205385781,0.003372504812891086,0.003742965556574447,1.0446487657246801,0.13446092380709854,0.3830613552452945,0.2,1.3228257810301347,away:2.0-3.0,away:sportsbook,sportsbook:2.0-3.0,4.701833009679346,3.1061246525067476,0.3683571383678559,0.13,0.3602546973405444,training_market_platt,True,0.37088521931990004,2.6962519612771865,5.420414739488377,True,away,True,0.24
2022-04,data\historical_csv\football-data\2122\I2.csv:338,data\historical_csv\football-data\2122\I2.csv,338,2022-04-10,I2,Crotone,Ternana,home,0.38389455206379036,0.37485779653688756,2.8423999999999996,2.88,6.549580087644902,0.007036755526902778,5,0.0,WH,2.0-3.0,sportsbook,0.3518153672952435,1.0911818747861175,0.009036755526902807,0.01832991765335994,1.0446487657246801,0.14737502710425826,0.40103496998186755,0.2,1.3228257810301347,home:2.0-3.0,home:sportsbook,sportsbook:2.0-3.0,10.266638994320921,8.670930637148322,0.3879349809819903,0.43,0.3795083684228868,training_market_platt,True,0.4325431998305062,2.311907805721727,22.94607911982307,True,away,False,-0.43
2022-04,data\historical_csv\football-data\2122\I2.csv:339,data\historical_csv\football-data\2122\I2.csv,339,2022-04-10,I2,Perugia,Pisa,home,0.3579563597658329,0.3489457540778616,3.058,3.1,6.707611597010077,0.0070106056879712985,5,0.0,WH,3.0-4.0,sportsbook,0.3270111183780249,1.094630548163917,0.009010605687971296,0.019585084876149374,1.1177611075068705,0.1281327554968064,0.40010969713098515,0.2,1.373446697187708,home:3.0-4.0,home:sportsbook,sportsbook:3.0-4.0,10.349850683440188,8.633105624252945,0.36085628084839827,0.35,0.3505076068196632,training_market_platt,True,0.3805791671288551,2.627574198409614,16.38110930800387,True,draw,False,-0.35
2022-04,data\historical_csv\football-data\2122\I2.csv:336,data\historical_csv\football-data\2122\I2.csv,336,2022-04-10,I2,Ascoli,Reggina,home,0.4596956825843141,0.4471964030731303,2.274,2.3,1.6924620588298245,0.010499279511183785,5,0.0,WH,2.0-3.0,sportsbook,0.4397537379067722,1.0453479821967302,0.012499279511183792,0.0228396304532577,0.8215403953283443,0.21132012058665844,0.3776585728010505,0.2,1.1433597185575906,home:2.0-3.0,home:sportsbook,sportsbook:2.0-3.0,5.381252307781548,4.104640710465723,0.46341799607643597,0.45,0.46480908812782024,training_market_platt,True,0.5472317538553442,1.8273793378304963,24.440500826705257,True,home,True,0.57
2022-04,data\historical_csv\football-data\2122\SP2.csv:381,data\historical_csv\football-data\2122\SP2.csv,381,2022-04-10,SP2,Fuenlabrada,Huesca,away,0.3799889800111756,0.37112987254497526,2.715,2.75,0.7617603959607866,0.006859107466200329,5,0.0,WH,2.0-3.0,sportsbook,0.3683241252302026,1.0316700807303416,0.008859107466200333,0.018050806278641557,0.9987919533858987,0.1443916249299336,0.37952993561047726,0.2,1.2891344383057168,away:2.0-3.0,away:sportsbook,sportsbook:2.0-3.0,2.786648277466486,1.2624616078479978,0.37858802312142353,0.11,0.3751325571687065,training_market_platt,True,0.4080655563442708,2.450586638477114,10.789798547469509,True,away,True,0.19
2022-04,data\historical_csv\football-data\2122\SP2.csv:403,data\historical_csv\football-data\2122\SP2.csv,403,2022-04-24,SP2,Alcorcon,Oviedo,away,0.4972073002640727,0.48274217062074315,2.0780000000000003,2.1,0.3138230549904364,0.012465129643329595,5,0.0,WH,2.0-3.0,sportsbook,0.4812319538017324,1.0331967699487432,0.014465129643329577,0.02507028685361059,0.7314058926770358,0.24721509943588776,0.3636603492951831,0.2,1.0587102983637964,away:2.0-3.0,away:sportsbook,sportsbook:2.0-3.0,2.6495320602449857,1.4829538283970267,0.49398234870185265,0.5,0.5070761419871267,training_market_platt,True,0.4037551579443645,2.476748545062043,-16.099678179161046,False,away,True,0.54
2022-04,data\historical_csv\football-data\2122\SP2.csv:409,data\historical_csv\football-data\2122\SP2.csv,409,2022-04-29,SP2,Las Palmas,Malaga,home,0.5890645570319245,0.5829845136878523,1.8330000000000002,1.85,6.861061358983345,0.004080043344072175,5,0.0,WH,1.5-2.0,sportsbook,0.5455537370430987,1.0797553330395178,0.006080043344072195,0.006926309341424281,0.605953968857568,0.3469970523512174,0.3569460062468199,0.2,0.9274413529732684,home:1.5-2.0,home:sportsbook,sportsbook:1.5-2.0,11.39723990491921,10.36820337990605,0.6077318052641527,1.41,0.6097470949004293,training_market_platt,True,0.549552084144152,1.8196637386197079,0.7328970236230692,True,home,True,1.17
2022-04,data\historical_csv\football-data\2122\SP2.csv:410,data\historical_csv\football-data\2122\SP2.csv,410,2022-04-30,SP2,Oviedo,Mirandes,home,0.5605589059670222,0.5449196905116134,2.029,2.05,10.564205204806342,0.013639215455408771,5,0.0,WH,2.0-3.0,sportsbook,0.49285362247412523,1.1373740202070879,0.015639215455408806,0.02433145796137109,0.7075430608436777,0.31422628705894484,0.3966195641110902,0.2,1.0349926071956617,home:2.0-3.0,home:sportsbook,sportsbook:2.0-3.0,15.182157818697606,14.043087928216602,0.5676794372533149,1.68,0.5780842248163741,training_market_platt,True,0.45684719883275243,2.188915686809521,-7.305703356834536,False,home,True,1.73
2022-04,data\historical_csv\football-data\2122\SP2.csv:412,data\historical_csv\football-data\2122\SP2.csv,412,2022-04-30,SP2,Burgos,Almeria,away,0.47124924360836784,0.4639550268583929,2.274,2.3,5.5033731075985415,0.005294216749974914,5,0.0,WH,2.0-3.0,sportsbook,0.4397537379067722,1.0716207799654285,0.0072942167499749355,0.011234430233642302,0.8215403953283443,0.22207584960145882,0.38715028989220174,0.2,1.1433597185575906,away:2.0-3.0,away:sportsbook,sportsbook:2.0-3.0,7.76437124716538,6.487759649849578,0.47389785069114065,0.68,0.47783421191709885,training_market_platt,True,0.4897903107991644,2.0416900415370693,11.378316675729995,True,away,True,0.87
2022-05,data\historical_csv\football-data\2122\SP2.csv:413,data\historical_csv\football-data\2122\SP2.csv,413,2022-05-01,SP2,Amorebieta,Fuenlabrada,home,0.4976514291514918,0.4874889311195417,2.176,2.2,6.077591411612282,0.008162498031950082,5,0.0,WH,2.0-3.0,sportsbook,0.45955882352941174,1.0828895098336462,0.010162498031950074,0.016402038764095076,0.7774883289936962,0.24765694493652227,0.38691817807231815,0.2,1.1029411764705843,home:2.0-3.0,home:sportsbook,sportsbook:2.0-3.0,8.756763793554478,6.254541682305703,0.4998013041983202,1.03,0.5154306770290468,training_market_platt,True,0.581243344271262,1.7204498079092108,26.47855171342661,True,home,True,1.21
2022-05,data\historical_csv\football-data\2122\SP2.csv:422,data\historical_csv\football-data\2122\SP2.csv,422,2022-05-07,SP2,Huesca,Sp Gijon,away,0.2965403624382208,0.28941110378912693,3.7439999999999998,3.8,8.355517258649115,0.005129258649093833,5,0.0,WH,3.0-4.0,sportsbook,0.2670940170940171,1.1102471169686985,0.007129258649093861,0.017296999999999757,1.3201545586153456,0.08793618655499134,0.391479111286264,0.2,1.4957264957264904,away:3.0-4.0,away:sportsbook,sportsbook:3.0-4.0,9.470055480713157,5.164761554005692,0.29238796869848604,0.24,0.28481202646180187,training_market_platt,True,0.28239112442415465,3.5411877835720813,5.727236984403494,True,draw,False,-0.24
2022-05,data\historical_csv\football-data\2122\SP2.csv:452,data\historical_csv\football-data\2122\SP2.csv,452,2022-05-21,SP2,Ponferradina,Leganes,home,0.6233498811187735,0.6195013967297761,1.7644,1.78,9.304826439001701,0.0018484843889974099,5,0.0,WH,1.5-2.0,sportsbook,0.5667649059170257,1.0998385302459641,0.0038484843889974307,0.002965404253674989,0.5678106892486476,0.3885650742907891,0.35394472564111334,0.2,0.8841532532305685,home:1.5-2.0,home:sportsbook,sportsbook:1.5-2.0,11.994440836716635,9.965525077025749,0.634745187240516,2.09,0.6574209411158277,training_market_platt,True,0.5499576783273532,1.8183217353040875,-2.9654672359218037,False,away,False,-2.09
2022-05,data\historical_csv\football-data\2122\SP2.csv:443,data\historical_csv\football-data\2122\SP2.csv,443,2022-05-21,SP2,Cartagena,Amorebieta,away,0.4102114589026323,0.3979339424616097,2.715,2.75,8.039065378327015,0.010277516441022573,5,0.0,WH,2.0-3.0,sportsbook,0.3683241252302026,1.1137241109206466,0.012277516441022596,0.025054191485816203,0.9987919533858987,0.16827344101502598,0.40971590433863936,0.2,1.2891344383057168,away:2.0-3.0,away:sportsbook,sportsbook:2.0-3.0,9.883143024022822,6.761114976210103,0.40472612531868446,0.73,0.4146072145039305,training_market_platt,True,0.34396006400239365,2.9073142630681708,-6.614842623350126,False,home,False,-0.73
2022-05,data\historical_csv\football-data\2122\SP2.csv:448,data\historical_csv\football-data\2122\SP2.csv,448,2022-05-21,SP2,Eibar,Tenerife,home,0.5038581329409396,0.49349074871404824,2.127,2.15,4.965482251478059,0.008367384226891381,5,0.0,WH,2.0-3.0,sportsbook,0.47014574518100616,1.0717062487653786,0.010367384226891374,0.016606627302118343,0.7547125362181001,0.2538730181307296,0.3802680494059732,0.2,1.0813352139163124,home:2.0-3.0,home:sportsbook,sportsbook:2.0-3.0,7.68959120788506,5.243715090869339,0.5062980310666905,0.99,0.5225570611585787,training_market_platt,True,0.47159877270530515,2.120446570001752,0.30905895441839526,True,home,True,1.12
2022-10,data\historical_csv\football-data\2223\I2.csv:72,data\historical_csv\football-data\2223\I2.csv,72,2022-10-07,I2,Genoa,Cagliari,home,0.5392195506503745,0.5291989829196576,1.8918,1.91,0.11386358874081459,0.008020567730716898,5,0.0,WH,1.5-2.0,sportsbook,0.528597103287874,1.0200955459203784,0.010020567730716912,0.014874400828091204,0.637528756796933,0.2907577238035918,0.3437679697667341,0.2,0.9620467279839229,home:1.5-2.0,home:sportsbook,sportsbook:1.5-2.0,1.6990541334356069,1.6990541334356069,0.5375782542205075,0.92,0.5720657028969047,training_market_platt,True,0.5508821871288903,1.8152701673144305,4.215892161043455,True,draw,False,-0.92
2022-10,data\historical_csv\football-data\2223\I2.csv:82,data\historical_csv\football-data\2223\I2.csv,82,2022-10-14,I2,Venezia,Frosinone,home,0.34386516052105903,0.3411624678312342,2.96,3.0,0.9840904780453297,0.0007026926898248082,5,0.0,WH,2.0-3.0,sportsbook,0.33783783783783783,1.0178408751423347,0.002702692689824815,0.0020435123138384174,1.085189268335969,0.1182432486201737,0.3731587819520786,0.2,1.3513513513513598,home:2.0-3.0,home:sportsbook,sportsbook:2.0-3.0,1.7502281402052011,1.7502281402052011,0.3437507707439365,0.1,0.34449180558412607,training_market_platt,True,0.3744495336899016,2.6705868482350543,10.83706197221086,True,away,False,-0.1
2022-10,data\historical_csv\football-data\2223\T1.csv:92,data\historical_csv\football-data\2223\T1.csv,92,2022-10-21,T1,Antalyaspor,Istanbulspor,home,0.5424024404823852,0.5382719030360479,2.0780000000000003,2.1,11.852901450890773,0.002130537446337237,5,0.0,VC,2.0-3.0,sportsbook,0.4812319538017324,1.1271122713223964,0.00413053744633729,0.003927964344043963,0.7314058926770358,0.29420040744124737,0.39671634117122173,0.2,1.0587102983637964,home:2.0-3.0,home:sportsbook,sportsbook:2.0-3.0,10.993791352023319,10.993791352023319,0.5341375907219601,1.82,0.5757083748210022,training_market_platt,True,0.5438661267836887,1.8386877776591681,13.01538114565053,True,home,True,1.96
2022-11,data\historical_csv\football-data\2223\T1.csv:110,data\historical_csv\football-data\2223\T1.csv,110,2022-11-04,T1,Kasimpasa,Ankaragucu,away,0.35068481320239264,0.34108092665080425,2.96,3.0,0.9599542886380652,0.007603886551588379,5,0.0,B365,2.0-3.0,sportsbook,0.33783783783783783,1.0380270470790822,0.009603886551588392,0.02168296505956734,1.085189268335969,0.12297983821079703,0.3805593958556404,0.2,1.3513513513513598,away:2.0-3.0,away:sportsbook,sportsbook:2.0-3.0,1.1482927423793088,1.1482927423793088,0.34171720521074095,0.22,0.3522831641113681,training_market_platt,True,0.3453344254632884,2.895743737851897,2.2189899371333643,True,draw,False,-0.22
2022-11,data\historical_csv\football-data\2223\F2.csv:139,data\historical_csv\football-data\2223\F2.csv,139,2022-11-05,F2,Rodez,Grenoble,draw,0.32291555599626626,0.31511703585231654,3.205,3.25,0.9950099906674614,0.00579852014394969,5,0.0,B365,3.0-4.0,sportsbook,0.31201248049922,1.0349443569680334,0.0077985201439497165,0.017956769304779904,1.1647120903726333,0.10427445630437777,0.37610365223825243,0.2,1.4040561622464809,draw:3.0-4.0,draw:sportsbook,sportsbook:3.0-4.0,2.9705019486351514,2.9705019486351514,0.32128081731243413,0.1,0.31905077300097523,training_market_platt,True,0.33656019134595083,2.9712367229197887,7.8675413263772365,True,away,False,-0.1
2022-11,data\historical_csv\football-data\2223\G1.csv:77,data\historical_csv\football-data\2223\G1.csv,77,2022-11-06,G1,Panathinaikos,Olympiakos,home,0.42596626306461566,0.4170147100713783,2.4210000000000003,2.45,0.9592613082807011,0.006951552993237343,5,0.0,IW,2.0-3.0,sportsbook,0.41305245766212306,1.0312643228794347,0.008951552993237355,0.01631949193164823,0.8841806779559216,0.18144725726923336,0.3766311392628223,0.2,1.1978521272201448,home:2.0-3.0,home:sportsbook,sportsbook:2.0-3.0,2.352705622924911,2.352705622924911,0.42277036605916934,0.51,0.44321877473388577,training_market_platt,True,0.4265439613316076,2.3444242344403303,3.2662930383822175,True,draw,False,-0.51
2023-01,data\historical_csv\football-data\2223\I2.csv:199,data\historical_csv\football-data\2223\I2.csv,199,2023-01-15,I2,Cosenza,Benevento,home,0.2795641929546222,0.2701680166486572,3.8518,3.91,4.063316652729765,0.007396176305964998,5,0.0,PS,3.0-4.0,sportsbook,0.25961887948491613,1.0768253584226137,0.00939617630596501,0.026456093063268363,1.3485405715079748,0.07815613798236923,0.37700365654019197,0.2,1.5109818786022133,home:3.0-4.0,home:sportsbook,sportsbook:3.0-4.0,5.3131838691552025,5.3131838691552025,0.2734129079109902,0.19,0.2735936632895513,training_market_platt,True,0.2812318778987724,3.555784669474573,8.32489472904916,True,draw,False,-0.19
2023-01,data\historical_csv\football-data\2223\I2.csv:213,data\historical_csv\football-data\2223\I2.csv,213,2023-01-28,I2,Bari,Perugia,away,0.2580763289586106,0.2467667220832402,4.2242,4.29,4.239198742402306,0.00930960687537041,5,0.0,PS,4.0-5.0,sportsbook,0.23673121537805977,1.0901660287869628,0.011309606875370415,0.036073075407328244,1.4408298937679047,0.06660339156875299,0.37184408963744575,0.2,1.5576913971876438,away:4.0-5.0,away:sportsbook,sportsbook:4.0-5.0,4.47063190511825,4.47063190511825,0.2473145966221255,0.17,0.2494844523427669,training_market_platt,True,0.256659389226734,3.896214368049461,8.418059197156968,True,away,True,0.55
2023-02,data\historical_csv\football-data\2223\E3.csv:373,data\historical_csv\football-data\2223\E3.csv,373,2023-02-21,E3,Grimsby,Harrogate,home,0.5385975187269482,0.5244919841641833,1.931,1.95,1.2794021421038027,0.012105534562764841,5,0.0,IW,1.5-2.0,sportsbook,0.5178663904712584,1.0400318086617368,0.014105534562764865,0.02247603106560534,0.6580380034463774,0.29008728717882526,0.35441763588425385,0.2,0.9839461418953865,home:1.5-2.0,home:sportsbook,sportsbook:1.5-2.0,1.5914322562607275,1.5914322562607275,0.5261078832535512,1.04,0.5678663171525608,training_market_platt,True,0.5304863346157785,1.8850626957700645,2.436911214306847,True,draw,False,-1.04
2023-02,data\historical_csv\football-data\2223\F2.csv:250,data\historical_csv\football-data\2223\F2.csv,250,2023-02-27,F2,Amiens,Bordeaux,draw,0.3014033106072671,0.2862114530580802,3.45,3.5,-1.257048694962326,0.013191857549186904,4,0.0,B365,3.0-4.0,sportsbook,0.2898550724637681,1.0398414215950715,0.015191857549186893,0.043768124253870874,1.2383742310432684,0.09084395564502074,0.37325009300716977,0.25,1.4492753623188248,draw:3.0-4.0,draw:sportsbook,sportsbook:3.0-4.0,5.267308785329394,5.267308785329394,0.30512263416037505,0.1,0.2968841761917297,training_market_platt,True,0.2866377138648044,3.4887244477244894,-1.1099887166424738,False,away,False,-0.1
2023-03,data\historical_csv\football-data\2223\SP2.csv:362,data\historical_csv\football-data\2223\SP2.csv,362,2023-03-26,SP2,Villarreal B,Huesca,away,0.31031745374753905,0.3020586956541224,3.548,3.6,7.170425218082643,0.006258758093416621,5,0.0,WH,3.0-4.0,sportsbook,0.2818489289740699,1.1010063258962686,0.00825875809341664,0.020168888400677838,1.266384064447333,0.09629692210035604,0.39298107834575574,0.2,1.4656144306651742,away:3.0-4.0,away:sportsbook,sportsbook:3.0-4.0,7.607472671200921,7.607472671200921,0.30329050921984474,0.42,0.31189290390157304,training_market_platt,True,0.2157654557166628,4.634662192233275,-23.446416311728036,False,draw,False,-0.42
2023-03,data\historical_csv\football-data\2223\SP2.csv:359,data\historical_csv\football-data\2223\SP2.csv,359,2023-03-26,SP2,Ponferradina,Mirandes,home,0.45437321657559415,0.4424389789951854,2.372,2.4,4.946525817657976,0.009934237580408707,5,0.0,WH,2.0-3.0,sportsbook,0.4215851602023609,1.0777732697173092,0.011934237580408735,0.021863607312241184,0.863733481135479,0.2064550199412518,0.3924573600875629,0.2,1.180438448566612,home:2.0-3.0,home:sportsbook,sportsbook:2.0-3.0,4.954067244171867,4.954067244171867,0.4424707725302356,1.09,0.484729262174169,training_market_platt,True,0.40975363631242073,2.4404908495736692,-2.806437466693812,False,draw,False,-1.09
2023-03,data\historical_csv\football-data\2223\SP2.csv:364,data\historical_csv\football-data\2223\SP2.csv,364,2023-03-27,SP2,Malaga,Leganes,away,0.3764519038763763,0.3712048496319001,2.764,2.8,2.6010204382571844,0.003247054244476213,5,0.0,WH,2.0-3.0,sportsbook,0.36179450072358904,1.040513062314304,0.00524705424447619,0.008625415919114381,1.0166789059054233,0.14171603593214846,0.3827307097590478,0.2,1.302460202604916,away:2.0-3.0,away:sportsbook,sportsbook:2.0-3.0,2.2784631736470162,2.2784631736470162,0.37003785518685606,0.46,0.39112807869731836,training_market_platt,True,0.30708099224906193,3.2564698735535456,-15.122813742359288,False,home,False,-0.46
2023-03,data\historical_csv\football-data\2223\B1.csv:272,data\historical_csv\football-data\2223\B1.csv,272,2023-03-31,B1,Waregem,Antwerp,away,0.5538805028105109,0.5375492535187537,1.931,1.95,3.800760854471341,0.01433124929175718,5,0.0,WH,1.5-2.0,sportsbook,0.5178663904712584,1.0695432509270966,0.01633124929175722,0.02587426208187016,0.6580380034463774,0.3067836113936244,0.36447442021730425,0.2,0.9839461418953865,away:1.5-2.0,away:sportsbook,sportsbook:1.5-2.0,4.688784863488049,4.688784863488049,0.5421480314007667,1.74,0.6017107950623801,training_market_platt,True,0.520875902703197,1.91984308510009,0.5811368119873261,True,away,True,1.62
2023-04,data\historical_csv\football-data\2223\G1.csv:194,data\historical_csv\football-data\2223\G1.csv,194,2023-04-01,G1,Ionikos,Asteras Tripolis,home,0.42785442205330126,0.4056121304732898,2.617,2.65,6.148694544859934,0.020242291580011427,5,0.0,IW,2.0-3.0,sportsbook,0.38211692777990064,1.1196950225134894,0.022242291580011453,0.04731116598694329,0.9620286235480088,0.18305940647056446,0.4116082007268662,0.2,1.260985861673669,home:2.0-3.0,home:sportsbook,sportsbook:2.0-3.0,7.230985284525704,7.230985284525704,0.409747746597347,1.06,0.44771150390975734,training_market_platt,True,0.4572576116584431,2.186951019520629,19.66431697101456,True,home,True,1.71
2023-04,data\historical_csv\football-data\2223\E3.csv:457,data\historical_csv\football-data\2223\E3.csv,457,2023-04-01,E3,AFC Wimbledon,Rochdale,away,0.28245199049626696,0.27929090661314676,3.7439999999999998,3.8,4.566515435962137,0.0011610838831201799,5,0.0,IW,3.0-4.0,sportsbook,0.2670940170940171,1.0575002524180235,0.003161083883120197,0.0041107300432904025,1.3201545586153456,0.07977912693530329,0.37288028284362507,0.2,1.4957264957264904,away:3.0-4.0,away:sportsbook,sportsbook:3.0-4.0,3.086861232557303,3.086861232557303,0.2753388387621723,0.11,0.27550617718130244,training_market_platt,True,0.2696151547257461,3.708990323697513,0.9439139293193399,True,away,True,0.3
2023-04,data\historical_csv\football-data\2223\F2.csv:288,data\historical_csv\football-data\2223\F2.csv,288,2023-04-01,F2,Pau FC,Le Havre,home,0.26240652230690215,0.2548206798829491,4.1066,4.17,4.6446604007318815,0.005585842423953026,5,0.0,PS,4.0-5.0,sportsbook,0.24351044659815904,1.0775986245055245,0.007585842423953049,0.021286980120943818,1.4125954355392614,0.06885718294920273,0.37067425566646134,0.2,1.5438562314323168,home:4.0-5.0,home:sportsbook,sportsbook:4.0-5.0,2.593208158108795,2.593208158108795,0.2498251793651897,0.12,0.2523355945309672,training_market_platt,True,0.29264484188102446,3.4171113134006736,20.17753076686151,True,away,False,-0.12
2023-04,data\historical_csv\football-data\2223\E2.csv:458,data\historical_csv\football-data\2223\E2.csv,458,2023-04-01,E2,Fleetwood Town,Exeter,away,0.36819845754700214,0.36297837959507634,2.8129999999999997,2.85,2.105818180094965,0.003220077951925783,5,0.0,IW,2.0-3.0,sportsbook,0.3554923569143264,1.035742261079717,0.005220077951925806,0.00874549549549573,1.0342515295077197,0.13557010413999154,0.38080981788037016,0.2,1.315321720583018,away:2.0-3.0,away:sportsbook,sportsbook:2.0-3.0,1.0918206586353563,1.0918206586353563,0.3593736959069867,0.33,0.3765931937824999,training_market_platt,True,0.35531323244788476,2.814418120908779,-0.05038771241002715,False,draw,False,-0.33
2023-04,data\historical_csv\football-data\2223\I2.csv:311,data\historical_csv\football-data\2223\I2.csv,311,2023-04-05,I2,Perugia,Reggina,home,0.4401292512340005,0.43727727391077525,2.372,2.4,3.722169371635875,0.0008519773232252395,5,0.0,WH,2.0-3.0,sportsbook,0.4215851602023609,1.043986583927049,0.00285197732322523,0.0019357434681665242,0.863733481135479,0.19371375779180192,0.38015437031789506,0.2,1.180438448566612,home:2.0-3.0,home:sportsbook,sportsbook:2.0-3.0,1.2935999278048893,1.2935999278048893,0.4270387855303748,0.7,0.4623275554854958,training_market_platt,True,0.396577137242057,2.521577534586,-5.931903046184084,False,away,False,-0.7
2023-04,data\historical_csv\football-data\2223\T1.csv:263,data\historical_csv\football-data\2223\T1.csv,263,2023-04-18,T1,Alanyaspor,Galatasaray,away,0.6334581322664995,0.6222876508227329,1.8036,1.82,12.2358007023881,0.009170481443766636,5,0.0,BW,1.5-2.0,sportsbook,0.5544466622310933,1.1425050873558587,0.011170481443766644,0.014476854864827216,0.5897846675647921,0.40126920533456195,0.3736038939550115,0.2,0.9092925260590023,away:1.5-2.0,away:sportsbook,sportsbook:1.5-2.0,9.876678323173715,9.876678323173715,0.6092075755332319,2.94,0.6852872047984322,training_market_platt,True,0.6644098027352338,1.5050951925802611,19.832952021326776,True,away,True,2.36
2023-04,data\historical_csv\football-data\2223\N1.csv:263,data\historical_csv\football-data\2223\N1.csv,263,2023-04-21,N1,Volendam,Cambuur,home,0.5574158469416841,0.5513886469346645,1.882,1.9,3.771343353103851,0.004027200007019657,5,0.0,IW,1.5-2.0,sportsbook,0.5313496280552604,1.0490566239442494,0.0060272000070196174,0.007224767701017614,0.6323350411631878,0.310712426421715,0.352473572520883,0.2,0.9564293304994642,home:1.5-2.0,home:sportsbook,sportsbook:1.5-2.0,2.2586696267972606,2.2586696267972606,0.5433510607162447,1.46,0.5998806175531073,training_market_platt,True,0.5438089746681644,1.8388810162800389,2.344849032548524,True,home,True,1.29
2023-04,data\historical_csv\football-data\2223\E3.csv:516,data\historical_csv\football-data\2223\E3.csv,516,2023-04-22,E3,Colchester,Sutton,away,0.2948717948717949,0.28016424070200374,3.6068000000000002,3.66,1.049638336398706,0.012707554169791144,5,0.0,PS,3.0-4.0,sportsbook,0.27725407563491183,1.0635435897435899,0.014707554169791137,0.04309518370624823,1.2828209526436147,0.08694937541091388,0.37826771680516846,0.2,1.4749916823777243,away:3.0-4.0,away:sportsbook,sportsbook:3.0-4.0,2.0725162018796928,2.0725162018796928,0.28300021127281716,0.18,0.2899741692360893,training_market_platt,True,0.2804861746803796,3.565238112500635,1.1657534837193229,True,home,False,-0.18
2023-04,data\historical_csv\football-data\2223\E2.csv:525,data\historical_csv\football-data\2223\E2.csv,525,2023-04-25,E2,Lincoln,Burton,home,0.46103791266646627,0.44217558656864,2.274,2.3,0.550728385708732,0.016862326097826265,5,0.0,BW,2.0-3.0,sportsbook,0.4397537379067722,1.0484002134035444,0.018862326097826287,0.03657470597222915,0.8215403953283443,0.21255595691585216,0.3787612690333634,0.2,1.1433597185575906,home:2.0-3.0,home:sportsbook,sportsbook:2.0-3.0,1.7704786806637118,1.7704786806637118,0.4475394840838334,0.85,0.4871687435804361,training_market_platt,True,0.4396326434820337,2.2746263609537145,-0.027536872185540684,False,away,False,-0.85
2023-04,data\historical_csv\football-data\2223\T1.csv:284,data\historical_csv\football-data\2223\T1.csv,284,2023-04-29,T1,Ankaragucu,Kasimpasa,home,0.4784654253883985,0.4654323897218781,2.274,2.3,5.839325422755093,0.011033035666520339,5,0.0,BW,2.0-3.0,sportsbook,0.4397537379067722,1.088030377333218,0.013033035666520365,0.023059211974541683,0.8215403953283443,0.2289291632921011,0.39307867472452934,0.2,1.1433597185575906,home:2.0-3.0,home:sportsbook,sportsbook:2.0-3.0,4.859193704709797,4.859193704709797,0.46112222385536406,1.21,0.5077995516969092,training_market_platt,True,0.4954122366368886,2.0185209933216646,12.656742611228466,True,draw,False,-1.21
2023-04,data\historical_csv\football-data\2223\E1.csv:538,data\historical_csv\football-data\2223\E1.csv,538,2023-04-30,E1,Cardiff,Huddersfield,away,0.30241661895309274,0.2904843645597609,3.45,3.5,0.21710577311750967,0.009932254393331813,5,0.0,BW,3.0-4.0,sportsbook,0.2898550724637681,1.04333733538817,0.011932254393331843,0.032842951646359045,1.2383742310432684,0.0914558114190201,0.37450494795074135,0.2,1.4492753623188248,away:3.0-4.0,away:sportsbook,sportsbook:3.0-4.0,2.4784948352076563,2.4784948352076563,0.29703911546437,0.13,0.2987999068410029,training_market_platt,True,0.30795338177093706,3.247244742854694,6.243916710973285,True,away,True,0.32
2023-05,data\historical_csv\football-data\2223\G1.csv:229,data\historical_csv\football-data\2223\G1.csv,229,2023-05-06,G1,Giannina,Asteras Tripolis,draw,0.4017102322417646,0.38463077305845433,2.715,2.75,4.427254885370346,0.015079459183310252,5,0.0,VC,2.0-3.0,sportsbook,0.3683241252302026,1.0906432805363908,0.017079459183310275,0.037538150569774026,0.9987919533858987,0.16137111068773247,0.4012249475558551,0.2,1.2891344383057168,draw:2.0-3.0,draw:sportsbook,sportsbook:2.0-3.0,7.301363597069588,5.924455620864921,0.3952168088289856,0.66,0.41020509925236576,training_market_platt,True,0.4214220319272948,2.372918177596665,14.416081668260539,True,home,False,-0.66
2023-05,data\historical_csv\football-data\2223\E3.csv:544,data\historical_csv\football-data\2223\E3.csv,544,2023-05-08,E3,Colchester,Mansfield,home,0.2735544269827748,0.26746043095375255,3.94,4.0,5.379409795778511,0.004093996029022297,5,0.0,B365,3.0-4.0,sportsbook,0.25380710659898476,1.0778044423121327,0.006093996029022275,0.014965928624068977,1.3711807233098425,0.07483202452187428,0.3750925570548507,0.2,1.522842639593902,home:3.0-4.0,home:sportsbook,sportsbook:3.0-4.0,6.172686521347859,4.174521723467062,0.2694738236582433,0.14,0.26438247279850374,training_market_platt,True,0.21203095388946375,4.716292511334554,-16.459804167551283,False,away,False,-0.14
2023-05,data\historical_csv\football-data\2223\F2.csv:345,data\historical_csv\football-data\2223\F2.csv,345,2023-05-13,F2,Dijon,Amiens,home,0.4976985672323841,0.49024517143023827,2.274,2.3,11.481751983236176,0.005453395802145806,5,0.0,BW,2.0-3.0,sportsbook,0.4397537379067722,1.1317665418864415,0.0074533958021458235,0.010957226243328767,0.8215403953283443,0.24770386382516796,0.4088794776784434,0.2,1.1433597185575906,home:2.0-3.0,home:sportsbook,sportsbook:2.0-3.0,9.889022803692304,8.735767283291063,0.4832410853284622,1.44,0.5202674409560352,training_market_platt,True,0.48291897550419266,2.0707407468425685,9.815775029653405,True,home,True,1.83
2023-05,data\historical_csv\football-data\2223\SP2.csv:454,data\historical_csv\football-data\2223\SP2.csv,454,2023-05-27,SP2,Andorra,Villarreal B,away,0.2315564308062333,0.2178040969346361,4.773,4.85,3.957895466901795,0.011752333871597225,5,0.0,PS,4.0-5.0,sportsbook,0.20951183741881418,1.1052188442381514,0.013752333871597217,0.050753649253782084,1.5629750380237595,0.05361838064772192,0.36191692124401853,0.2,1.6132411481248665,away:4.0-5.0,away:sportsbook,sportsbook:4.0-5.0,4.7677850732501525,2.3471656366296,0.2195009115299605,0.11,0.21793363188749465,training_market_platt,True,0.15760667334633566,6.3449089988882115,-24.774334811793995,False,home,False,-0.11
2023-12,data\historical_csv\football-data\2324\G1.csv:96,data\historical_csv\football-data\2324\G1.csv,96,2023-12-17,G1,Lamia,Volos NFC,home,0.5007764890005578,0.49647951679472957,2.127,2.15,5.601193222238976,0.0022969722058282403,5,0.0,VC,2.0-3.0,sportsbook,0.47014574518100616,1.0651515921041863,0.004296972205828253,0.004586821179270023,0.7547125362181001,0.25077709193572584,0.37794229409200647,0.2,1.0813352139163124,home:2.0-3.0,home:sportsbook,sportsbook:2.0-3.0,5.048755549448836,5.048755549448836,0.4938822545813298,0.15,0.47786148157134717,training_market_platt,True,0.4386062399637443,2.2799493232988683,-6.708452759711592,False,away,False,-0.15
2024-11,data\historical_csv\football-data\2425\SP2.csv:142,data\historical_csv\football-data\2425\SP2.csv,142,2024-11-09,SP2,Mirandes,Cadiz,draw,0.36184329433103946,0.3458700687056695,2.96,3.0,2.377540336878181,0.01397322562536994,6,0.0,WH,2.0-3.0,sportsbook,0.33783783783783783,1.0710561512198769,0.015973225625369958,0.03861678755496367,1.085189268335969,0.13093056965233926,0.39266845982737736,0.16666666666666666,1.3513513513513598,draw:2.0-3.0,draw:sportsbook,sportsbook:2.0-3.0,6.822725439933963,2.2022511936323097,0.36088758594572284,0.11,0.3450806722210557,training_market_platt,True,0.34919115843610826,2.8637609396486785,3.360582897088049,True,draw,True,0.22
2024-12,data\historical_csv\football-data\2425\I2.csv:199,data\historical_csv\football-data\2425\I2.csv,199,2024-12-29,I2,Cittadella,Palermo,home,0.27606255762497783,0.2656390352388727,3.9595999999999996,4.02,5.182432393184033,0.008423522386105088,6,0.0,1XB,3.0-4.0,sportsbook,0.2525507627033034,1.093097303171862,0.01042352238610511,0.03051309260688722,1.3761430100635152,0.07621053572244421,0.37990155901586964,0.16666666666666666,1.5254066067279526,home:3.0-4.0,home:sportsbook,sportsbook:3.0-4.0,6.8743763239235145,6.8743763239235145,0.2699120525404675,0.11,0.26112108522273914,training_market_platt,True,0.3061968134777859,3.265873307569703,21.241690264664093,True,home,True,0.33
2025-01,data\historical_csv\football-data\2425\I2.csv:205,data\historical_csv\football-data\2425\I2.csv,205,2025-01-12,I2,Palermo,Modena,away,0.24428433731318652,0.23015407376126823,4.43,4.5,1.9582546762418218,0.012130263551918303,6,0.0,B365,4.0-5.0,sportsbook,0.22573363431151244,1.0821796142974163,0.014130263551918293,0.049656329527040494,1.4883995840570443,0.059674837456542694,0.3635927060485975,0.16666666666666666,1.5801354401805856,away:4.0-5.0,away:sportsbook,sportsbook:4.0-5.0,5.329498725484427,5.329498725484427,0.23776410547513416,0.11,0.23398427593028331,training_market_platt,True,0.258024407860914,3.875602344329541,14.304812682384904,True,home,False,-0.11
2025-02,data\historical_csv\football-data\2425\P1.csv:175,data\historical_csv\football-data\2425\P1.csv,175,2025-02-01,P1,Santa Clara,Casa Pia,away,0.2473186170964906,0.24300578033856995,4.2585,4.5,3.484011557180011,0.0023128367579206524,6,0.05,BFE,4.0-5.0,exchange,0.23482446870963955,1.0532063309054052,0.004312836757920657,0.009351648432589715,1.4489169855989985,0.06116649836252054,0.35834414516596014,0.16666666666666666,5.671010919337793,away:4.0-5.0,away:exchange,exchange:4.0-5.0,2.6026428925201017,2.6026428925201017,0.2409361110544091,0.12,0.24432851519824764,training_market_platt,True,0.23494090869673823,4.256389428078701,0.049585968505971856,True,home,False,-0.12
2025-02,data\historical_csv\football-data\2425\D2.csv:184,data\historical_csv\football-data\2425\D2.csv,184,2025-02-08,D2,Darmstadt,Elversberg,draw,0.27727417694741946,0.2585093067030502,3.7636,3.82,-2.7074373292400256,0.016764870244369227,6,0.0,1XB,3.0-4.0,sportsbook,0.26570305027101715,1.0435490923593078,0.018764870244369236,0.06046315033349973,1.3253759461504735,0.07688096920186888,0.3674925246147799,0.16666666666666666,1.4985652035285346,draw:3.0-4.0,draw:sportsbook,sportsbook:3.0-4.0,5.102669230779355,5.102669230779355,0.27926099806243854,0.12,0.2746870991527037,training_market_platt,True,0.27565092143793324,3.627776735820433,3.7439807923805413,True,away,False,-0.12
2025-02,data\historical_csv\football-data\2425\I1.csv:243,data\historical_csv\football-data\2425\I1.csv,243,2025-02-15,I1,Lazio,Napoli,draw,0.30649958445409936,0.3007501810399911,3.3912,3.44,1.9904013942817933,0.0037494034141082244,5,0.0,1XB,3.0-4.0,sportsbook,0.2948808681292758,1.0394013908007418,0.005749403414108234,0.012232980415899148,1.2211838410562903,0.09394199527053558,0.3742923398258139,0.2,1.439018636470868,draw:3.0-4.0,draw:sportsbook,sportsbook:3.0-4.0,3.8202594455948313,3.8202594455948313,0.30614608234723645,0.13,0.30436911982673803,training_market_platt,True,0.3112613325395055,3.2127344307153196,5.554943090797093,True,draw,True,0.31
2025-02,data\historical_csv\football-data\2425\SC0.csv:154,data\historical_csv\football-data\2425\SC0.csv,154,2025-02-15,SC0,Kilmarnock,St Johnstone,away,0.22226971869919318,0.21789421513943935,4.7828,4.86,4.21444521689105,0.0023755035597538363,5,0.0,PS,4.0-5.0,sportsbook,0.20908254578907753,1.063071610594501,0.004375503559753829,0.010687481739105918,1.565026149063288,0.04940382785061847,0.3478579219091786,0.2,1.614117253491676,away:4.0-5.0,away:sportsbook,sportsbook:4.0-5.0,3.0580840436331025,3.0580840436331025,0.2154764657598752,0.13,0.21900379872236464,training_market_platt,True,0.21062273728797679,4.7478254858721,0.7366427900935335,True,home,False,-0.13
2025-02,data\historical_csv\football-data\2425\I2.csv:260,data\historical_csv\football-data\2425\I2.csv,260,2025-02-16,I2,Palermo,Mantova,draw,0.28447806199100145,0.26971462424019194,3.7636,3.82,1.5097959790386417,0.012763437750809518,5,0.0,1XB,3.0-4.0,sportsbook,0.26570305027101715,1.0706616341093331,0.014763437750809516,0.0448661582600814,1.3253759461504735,0.08092776775415607,0.3770403805703766,0.2,1.4985652035285346,draw:3.0-4.0,draw:sportsbook,sportsbook:3.0-4.0,7.0805052715274375,7.0805052715274375,0.2845161687520657,0.22,0.28199822501940836,training_market_platt,True,0.2727188941664225,3.6667793152232626,2.6404830084747477,True,draw,True,0.61
2025-02,data\historical_csv\football-data\2425\I2.csv:259,data\historical_csv\football-data\2425\I2.csv,259,2025-02-16,I2,Juve Stabia,Cosenza,home,0.4811431133547002,0.46592543512402534,2.176,2.2,1.3853746829879166,0.013217678230674896,5,0.0,WH,2.0-3.0,sportsbook,0.45955882352941174,1.0469674146598278,0.01521767823067488,0.02747140687209791,0.7774883289936962,0.2314986955286539,0.37408315520897045,0.2,1.1029411764705843,home:2.0-3.0,home:sportsbook,sportsbook:2.0-3.0,4.78309355980997,4.78309355980997,0.4815399520211855,0.42,0.4824344588507867,training_market_platt,True,0.447951884235747,2.232382617847685,-2.525669990301449,False,home,True,0.49
2025-02,data\historical_csv\football-data\2425\I1.csv:250,data\historical_csv\football-data\2425\I1.csv,250,2025-02-17,I1,Genoa,Venezia,draw,0.28075177030152293,0.2685027202164663,3.695,3.75,-0.7882448800156983,0.010249050085056631,5,0.0,1XB,3.0-4.0,sportsbook,0.2706359945872801,1.037377791264127,0.012249050085056612,0.03650573627389531,1.3069805544001651,0.0788215565274391,0.36693710439751226,0.2,1.4884979702300516,draw:3.0-4.0,draw:sportsbook,sportsbook:3.0-4.0,4.035147357666258,4.035147357666258,0.28155655577176253,0.1,0.2782160003452053,training_market_platt,True,0.28481367115297856,3.511067414537422,5.238651491025581,True,home,False,-0.1
2025-02,data\historical_csv\football-data\2425\E1.csv:393,data\historical_csv\football-data\2425\E1.csv,393,2025-02-17,E1,Leeds,Sunderland,draw,0.23127079504758852,0.22685964883067855,4.537799999999999,4.8,2.9443714463852855,0.0024111462169099694,4,0.05,BFE,4.0-5.0,exchange,0.22037110494072024,1.0494606137669469,0.004411146216909967,0.010425640714443987,1.5124423131079014,0.053486180641943694,0.34978373621607817,0.25,5.778130371545709,draw:4.0-5.0,draw:exchange,exchange:4.0-5.0,2.8880764683498983,2.8880764683498983,0.22673559096555582,0.1,0.22809690301139982,training_market_platt,True,0.2354159546944311,4.2478004572714525,6.827051921238914,True,home,False,-0.1
2025-02,data\historical_csv\football-data\2425\B1.csv:210,data\historical_csv\football-data\2425\B1.csv,210,2025-02-21,B1,Mechelen,St Truiden,home,0.5285249174689415,0.5237909380293531,1.98,2.0,3.7106057298119,0.0027339794395883983,5,0.0,WH,1.5-2.0,sportsbook,0.5050505050505051,1.0464793365885041,0.0047339794395884205,0.005172848713890692,0.6830968447064438,0.2793385883855514,0.36103370347176755,0.2,1.0101010101010166,home:1.5-2.0,home:sportsbook,sportsbook:1.5-2.0,4.474738787018939,4.474738787018939,0.5276501958940351,0.52,0.5307836090530541,training_market_platt,True,0.5182736061141036,1.9294827832305996,2.6181740105925,True,draw,False,-0.52
2025-02,data\historical_csv\football-data\2425\D1.csv:200,data\historical_csv\football-data\2425\D1.csv,200,2025-02-21,D1,Freiburg,Werder Bremen,draw,0.2799788911142542,0.2751061243318741,3.7047999999999996,3.76,1.9213169424727061,0.0028727667823801313,5,0.0,1XB,3.0-4.0,sportsbook,0.26992010364931984,1.037265795800089,0.0048727667823801335,0.010260654904900699,1.309629276184405,0.07838817946956743,0.36666855251687314,0.2,1.4899589721442563,draw:3.0-4.0,draw:sportsbook,sportsbook:3.0-4.0,3.6031436828894314,3.6031436828894314,0.2796457128128089,0.1,0.27743164298944323,training_market_platt,True,0.2772463000996451,3.606901154823671,2.7142092609165225,True,home,False,-0.1
2025-02,data\historical_csv\football-data\2425\T1.csv:226,data\historical_csv\football-data\2425\T1.csv,226,2025-02-24,T1,Galatasaray,Fenerbahce,draw,0.26410828267819614,0.25649645947609145,4.0576,4.12,4.076003397018857,0.0056118232021046925,5,0.0,1XB,4.0-5.0,sportsbook,0.24645110410094637,1.0716457677950486,0.007611823202104684,0.021248190875340484,1.400591665820715,0.06975318497922596,0.369907859593303,0.2,1.537854889589907,draw:4.0-5.0,draw:sportsbook,sportsbook:4.0-5.0,6.710041592444216,6.710041592444216,0.2629880756911579,0.2,0.2613351455369429,training_market_platt,True,0.27469709313150165,3.6403734331520026,11.461092509038107,True,draw,True,0.61
2025-02,data\historical_csv\football-data\2425\P1.csv:208,data\historical_csv\football-data\2425\P1.csv,208,2025-02-24,P1,Porto,Guimaraes,draw,0.25531077881714165,0.24758779183723825,4.1654,4.4,3.130218811883223,0.0057229869799034026,5,0.05,BFE,4.0-5.0,exchange,0.2400729821865847,1.063471518084922,0.007722986979903396,0.02241576719329313,1.4268123094227787,0.06518359378021542,0.3642805619446141,0.2,5.632112162097291,draw:4.0-5.0,draw:exchange,exchange:4.0-5.0,4.373182792340269,4.373182792340269,0.25057181253262656,0.16,0.2524209741297196,training_market_platt,True,0.2714056399740427,3.6845218105844824,13.051305274787751,True,draw,True,0.51
2025-03,data\historical_csv\football-data\2425\P1.csv:220,data\historical_csv\football-data\2425\P1.csv,220,2025-03-08,P1,Estoril,Farense,away,0.2612801488392799,0.2518532175586791,4.0723,4.3,2.562185786420912,0.007426931280600784,5,0.05,BFE,4.0-5.0,exchange,0.2455614763155956,1.0640111501181997,0.009426931280600792,0.028425164765078573,1.4042079504047693,0.06826731617747626,0.3668916622830583,0.2,5.591434815706098,away:4.0-5.0,away:exchange,exchange:4.0-5.0,2.970185659373903,2.970185659373903,0.2528551080700683,0.16,0.2576141503745666,training_market_platt,True,0.3048879658087638,3.279893312113323,24.159526316302895,True,draw,False,-0.16
2025-03,data\historical_csv\football-data\2425\E2.csv:422,data\historical_csv\football-data\2425\E2.csv,422,2025-03-08,E2,Stevenage,Mansfield,away,0.2418305237738741,0.2339819074612719,4.3515999999999995,4.6,1.8195668508470764,0.005848616312602193,5,0.05,BFE,4.0-5.0,exchange,0.22980053313723692,1.0523497072543904,0.007848616312602197,0.024184772961377683,1.4705435935647904,0.058482002228746284,0.3556223274640883,0.2,5.708245243128962,away:4.0-5.0,away:exchange,exchange:4.0-5.0,1.7363128439011444,1.7363128439011444,0.23379058930945207,0.12,0.23881966740737554,training_market_platt,True,0.2583720058697215,3.870388344255176,12.43316207426799,True,draw,False,-0.12
2025-03,data\historical_csv\football-data\2425\T1.csv:243,data\historical_csv\football-data\2425\T1.csv,243,2025-03-09,T1,Alanyaspor,Galatasaray,draw,0.22984588573515605,0.22259668827375503,4.724,5.0,5.154675540521891,0.005249197461401007,5,0.05,BFE,4.0-5.0,exchange,0.21168501270110077,1.0857919642128773,0.0072491974614010135,0.022837900468009625,1.552655898335116,0.05282913118937841,0.35687157019474913,0.2,5.842506350550369,draw:4.0-5.0,draw:exchange,exchange:4.0-5.0,5.21345383228311,5.21345383228311,0.22272111310813528,0.2,0.22723202188898464,training_market_platt,True,0.21902814891584355,4.565623208477311,3.468897547844496,True,away,False,-0.2
2025-03,data\historical_csv\football-data\2425\P1.csv:225,data\historical_csv\football-data\2425\P1.csv,225,2025-03-10,P1,Famalicao,Rio Ave,away,0.22651665528834114,0.20595241784421547,4.773,4.85,-1.6989109629559573,0.01856423744412566,5,0.0,PS,4.0-5.0,sportsbook,0.20951183741881418,1.0811639956912522,0.020564237444125666,0.08195528677789533,1.5629750380237595,0.051309795123017164,0.3540398779123098,0.2,1.6132411481248665,away:4.0-5.0,away:sportsbook,sportsbook:4.0-5.0,3.486986453667096,3.486986453667096,0.21681748680843727,0.18,0.22401195259336834,training_market_platt,True,0.22692417914229893,4.406758256346597,8.310910704619268,True,home,False,-0.18
2025-03,data\historical_csv\football-data\2425\N1.csv:229,data\historical_csv\football-data\2425\N1.csv,229,2025-03-15,N1,Heerenveen,Heracles,away,0.2207213858850773,0.21282301384161384,4.773,4.85,1.5804245066022737,0.0058983720434634766,5,0.0,PS,4.0-5.0,sportsbook,0.20951183741881418,1.0535031748294739,0.00789837204346347,0.02672315607212875,1.5629750380237595,0.048717930187029204,0.3449820164963856,0.2,1.6132411481248665,away:4.0-5.0,away:sportsbook,sportsbook:4.0-5.0,1.4169171241717349,1.4169171241717349,0.2124804465203682,0.11,0.21840539810243145,training_market_platt,True,0.22161675087287666,4.5122942921116005,5.777675191624021,True,draw,False,-0.11
2025-04,data\historical_csv\football-data\2425\B1.csv:283,data\historical_csv\football-data\2425\B1.csv,283,2025-04-27,B1,Gent,Anderlecht,draw,0.3058527696111381,0.28717551949020714,3.4793999999999996,3.53,-0.08014974857734058,0.016677250120930992,4,0.0,1XB,3.0-4.0,sportsbook,0.28740587457607636,1.0641841265849938,0.018677250120930966,0.0545270528108491,1.2468598651283127,0.09354591667880392,0.3813555430664646,0.25,1.4542737253549598,draw:3.0-4.0,draw:sportsbook,sportsbook:3.0-4.0,5.811406105083927,5.811406105083927,0.3041081971175603,0.12,0.2957008448250443,training_market_platt,True,0.28517075832055533,3.506670900934092,-0.7776863499459941,False,away,False,-0.12
2025-05,data\historical_csv\football-data\2425\I2.csv:347,data\historical_csv\football-data\2425\I2.csv,347,2025-05-01,I2,Pisa,Frosinone,away,0.21911785296941322,0.21052459006407792,4.9298,5.01,3.7844124097891285,0.006593262905335285,4,0.0,PS,4.0-5.0,sportsbook,0.2028479857195018,1.0802071915686133,0.008593262905335297,0.030090030620442607,1.5952984192803787,0.04801263348992539,0.34955836447821537,0.25,1.6268408454704009,away:4.0-5.0,away:sportsbook,sportsbook:4.0-5.0,2.6272354730196623,2.6272354730196623,0.2081772799566304,0.13,0.21350055144466998,training_market_platt,True,0.1517591380485469,6.58938903356255,-25.18578012482734,False,home,False,-0.13
2025-05,data\historical_csv\football-data\2425\I2.csv:365,data\historical_csv\football-data\2425\I2.csv,365,2025-05-09,I2,Mantova,Carrarese,away,0.26273754766688745,0.2462070824345022,4.136,4.2,1.83124929491012,0.014530465232385237,4,0.0,B365,4.0-5.0,sportsbook,0.24177949709864602,1.0866824971502465,0.016530465232385244,0.05530410617521531,1.419729137206128,0.06903101895400995,0.37301615186076403,0.25,1.547388781431347,away:4.0-5.0,away:sportsbook,sportsbook:4.0-5.0,5.70811076825426,5.70811076825426,0.2555805386079648,0.17,0.2547831413087237,training_market_platt,True,0.2389299454640573,4.185327201484805,-1.1785745560659033,False,home,False,-0.17
2025-05,data\historical_csv\football-data\2425\B1.csv:294,data\historical_csv\football-data\2425\B1.csv,294,2025-05-09,B1,Charleroi,Westerlo,home,0.5699947746942149,0.562688733272644,1.8658299999999999,1.93,4.988151920209738,0.005306041421570892,4,0.05,BFE,1.5-2.0,exchange,0.5359545081813456,1.063513350467707,0.007306041421570875,0.009308929936098843,0.6237059943092317,0.3248940431787088,0.3555091577017218,0.25,3.439220078999705,home:1.5-2.0,home:exchange,exchange:1.5-2.0,2.98452504172102,2.98452504172102,0.5519502046902506,0.27,0.5484829201936295,training_market_platt,True,0.5727114884556629,1.746079867712338,6.858227650522952,True,home,True,0.23
2025-10,data\historical_csv\football-data\2526\SP2.csv:80,data\historical_csv\football-data\2526\SP2.csv,80,2025-10-04,SP2,La Coruna,Almeria,away,0.2693843199429171,0.2627796960519159,3.94,4.0,3.5352002444548614,0.004604623891001197,8,0.0,B365,3.0-4.0,sportsbook,0.25380710659898476,1.0613742205750933,0.006604623891001193,0.017093139986681195,1.3711807233098425,0.07256791183110793,0.36937458666765915,0.125,1.522842639593902,away:3.0-4.0,away:sportsbook,sportsbook:3.0-4.0,1.955721824015777,1.955721824015777,0.2587708675736441,0.13,0.26373563413046575,training_market_platt,True,0.24395208199585272,4.099165671465761,-3.8828796936340337,False,draw,False,-0.13
2025-10,data\historical_csv\football-data\2526\G1.csv:36,data\historical_csv\football-data\2526\G1.csv,36,2025-10-04,G1,OFI Crete,Aris,home,0.2478888190504873,0.2369088217505204,4.2634,4.33,1.0037070651168545,0.00897999729996691,8,0.0,B365,4.0-5.0,sportsbook,0.23455458085096403,1.0568491911398474,0.010979997299966904,0.036225906978636105,1.450066964016957,0.061448866610245234,0.35945538725428894,0.125,1.5621335084674337,home:4.0-5.0,home:sportsbook,sportsbook:4.0-5.0,1.5109421649183608,1.5109421649183608,0.23809856491278877,0.11,0.24284367849948554,training_market_platt,True,0.23972547213703982,4.1714382334320605,2.204557790905559,True,home,True,0.36
2025-10,data\historical_csv\football-data\2526\SP2.csv:86,data\historical_csv\football-data\2526\SP2.csv,86,2025-10-05,SP2,Santander,Malaga,away,0.24078140531077516,0.23151428998387955,4.5573999999999995,4.63,5.510322517253252,0.0072671153268956045,8,0.0,PS,4.0-5.0,sportsbook,0.21942335542195113,1.0973371765633266,0.009267115326895614,0.03018138098129289,1.5167522854758682,0.057975685143431786,0.36520574680520956,0.125,1.5930135603633655,away:4.0-5.0,away:sportsbook,sportsbook:4.0-5.0,4.557958098025039,4.557958098025039,0.22942458001936422,0.21,0.23593736518008782,training_market_platt,True,0.2345025053686471,4.264346764346764,6.872171796707227,True,home,False,-0.21
2025-10,data\historical_csv\football-data\2526\G1.csv:41,data\historical_csv\football-data\2526\G1.csv,41,2025-10-05,G1,PAOK,Olympiakos,draw,0.29799432996681363,0.29312851018075886,3.5185999999999997,3.57,3.14019759220181,0.0028658197860547906,8,0.0,PS,3.0-4.0,sportsbook,0.28420394475075317,1.0485228494212304,0.00486581978605477,0.009617027902423327,1.2580631832228086,0.0888006206923702,0.3748956953403976,0.125,1.4608082760188656,draw:3.0-4.0,draw:sportsbook,sportsbook:3.0-4.0,3.1206965186076463,3.1206965186076463,0.2930730873603355,0.1,0.29155834827031474,training_market_platt,True,0.29677747468676313,3.3695279638572986,4.4241222432844785,True,home,False,-0.1
2025-10,data\historical_csv\football-data\2526\SP2.csv:98,data\historical_csv\football-data\2526\SP2.csv,98,2025-10-12,SP2,Cadiz,Huesca,away,0.23546640541228842,0.22286328446742731,4.528,4.6,0.9124952068510828,0.010603120944861101,8,0.0,PS,4.0-5.0,sportsbook,0.2208480565371025,1.0661918837068418,0.012603120944861101,0.04503029180020663,1.5102803409008818,0.055444428077784165,0.3556202830367762,0.125,1.590106007067149,away:4.0-5.0,away:sportsbook,sportsbook:4.0-5.0,1.6696681964032623,1.6696681964032623,0.2245354862994772,0.13,0.23077309872616592,training_market_platt,True,0.27845759141405235,3.5912111245444573,26.08559739228289,True,home,False,-0.13
2025-10,data\historical_csv\football-data\2526\SP2.csv:96,data\historical_csv\football-data\2526\SP2.csv,96,2025-10-12,SP2,Sp Gijon,Santander,away,0.2749653032999562,0.26568206195903965,3.842,3.9,2.0750482046630436,0.007283241340916568,8,0.0,B365,3.0-4.0,sportsbook,0.2602811035918792,1.0564166952784317,0.00928324134091657,0.026487855934940893,1.345993064346365,0.07560591801883691,0.37010139117763574,0.125,1.5096304008328953,away:3.0-4.0,away:sportsbook,sportsbook:3.0-4.0,1.1084620105252352,1.1084620105252352,0.26316622074577106,0.12,0.26916139387410526,training_market_platt,True,0.27138840657203495,3.684755780953262,4.267425804975833,True,home,False,-0.12
2025-10,data\historical_csv\football-data\2526\D2.csv:77,data\historical_csv\football-data\2526\D2.csv,77,2025-10-18,D2,Paderborn,Bielefeld,away,0.23134541155196997,0.22159159224501904,4.675,4.75,3.5940693745464047,0.007753819306950929,8,0.0,PS,4.0-5.0,sportsbook,0.21390374331550802,1.0815397990054596,0.009753819306950934,0.03351620096951477,1.5422291627406504,0.05352069944615036,0.3567876403616858,0.125,1.6042780748663166,away:4.0-5.0,away:sportsbook,sportsbook:4.0-5.0,3.2923292906715806,3.2923292906715806,0.22094615891052746,0.16,0.22676913555251862,training_market_platt,True,0.20592857749146723,4.856052579887488,-3.72839002273907,False,home,False,-0.16
2025-10,data\historical_csv\football-data\2526\D2.csv:80,data\historical_csv\football-data\2526\D2.csv,80,2025-10-19,D2,Darmstadt,Magdeburg,away,0.24051483502637558,0.22750827714627458,4.444700000000001,4.7,1.1206039432046788,0.011006557880101004,8,0.05,BFE,4.0-5.0,exchange,0.22498706324386342,1.0690162872417317,0.013006557880100994,0.045762490612664256,1.4917123751246555,0.05784738586776466,0.3587789558099094,0.125,5.743919724615809,away:4.0-5.0,away:exchange,exchange:4.0-5.0,2.7312238601232552,2.7312238601232552,0.23113196359737043,0.14,0.2356783484292665,training_market_platt,True,0.23452857712671654,4.263872711169423,4.240916675511719,True,draw,False,-0.14
2025-10,data\historical_csv\football-data\2526\B1.csv:89,data\historical_csv\football-data\2526\B1.csv,89,2025-10-20,B1,Standard,Antwerp,away,0.2555302070719659,0.24374740038825782,4.1654,4.4,1.5305421577249012,0.009782806683708066,8,0.05,BFE,4.0-5.0,exchange,0.2400729821865847,1.0643855245375666,0.01178280668370807,0.03828434530620053,1.4268123094227787,0.06529568672624177,0.36459364487963253,0.125,5.632112162097291,away:4.0-5.0,away:exchange,exchange:4.0-5.0,2.569826477653314,2.569826477653314,0.2462424412485075,0.13,0.2502696083902442,training_market_platt,True,0.2448904683486052,4.083458236424642,2.0066756859280055,True,home,False,-0.13
2025-10,data\historical_csv\football-data\2526\B1.csv:90,data\historical_csv\football-data\2526\B1.csv,90,2025-10-24,B1,Charleroi,Anderlecht,home,0.3577911552626501,0.34774307067245386,3.0873999999999997,3.13,7.362195639413405,0.008048084590196253,8,0.0,PS,3.0-4.0,sportsbook,0.3238971302714258,1.1046444127579058,0.010048084590196238,0.022493805315808472,1.1273293127656037,0.1280145107841818,0.4033484571758547,0.125,1.3798017749562907,home:3.0-4.0,home:sportsbook,sportsbook:3.0-4.0,4.965746585266162,4.965746585266162,0.33998104095765425,0.38,0.3498010127738028,training_market_platt,True,0.3482359631268029,2.8716161048417357,7.514371255769103,True,home,True,0.79
2025-10,data\historical_csv\football-data\2526\SP2.csv:111,data\historical_csv\football-data\2526\SP2.csv,111,2025-10-24,SP2,Huesca,Las Palmas,home,0.3232623234376097,0.3173925983847656,3.2834,3.33,4.212685753653922,0.0038697250528441176,8,0.0,PS,3.0-4.0,sportsbook,0.30456234391179876,1.0613995127750475,0.00586972505284411,0.01197085083004108,1.1888794708782808,0.10449852975428178,0.3843199400433891,0.125,1.4192605226289956,home:3.0-4.0,home:sportsbook,sportsbook:3.0-4.0,1.9287805123094026,1.9287805123094026,0.3104366830490023,0.17,0.3161520996946314,training_market_platt,True,0.32702216950390917,3.05789666039154,7.374459134913525,True,draw,False,-0.17
2025-10,data\historical_csv\football-data\2526\F2.csv:99,data\historical_csv\football-data\2526\F2.csv,99,2025-10-25,F2,Annecy,St Etienne,home,0.27113676132105435,0.25771439556229947,4.0478000000000005,4.11,4.317633035707602,0.01142236575875488,8,0.0,PS,4.0-5.0,sportsbook,0.2470477790404664,1.097507382475364,0.013422365758754884,0.042127691217900186,1.3981735236499684,0.0735151433396704,0.37909624096729905,0.125,1.5366371856317063,home:4.0-5.0,home:sportsbook,sportsbook:4.0-5.0,3.68354915589737,3.68354915589737,0.2561479054199747,0.24,0.2654392596445989,training_market_platt,True,0.22891014742396912,4.3685263028024695,-7.341750525725765,False,home,True,0.73
2025-10,data\historical_csv\football-data\2526\SC0.csv:53,data\historical_csv\football-data\2526\SC0.csv,53,2025-10-25,SC0,Livingston,Motherwell,away,0.4533829481524506,0.44597722556152014,2.2935999999999996,2.32,2.289336454790236,0.005405722590930451,8,0.0,PS,2.0-3.0,sportsbook,0.43599581444018143,1.0398791298824606,0.007405722590930475,0.011923083152904043,0.8301226355870228,0.20555609767540772,0.37636344785052683,0.125,1.1510289501220905,away:2.0-3.0,away:sportsbook,sportsbook:2.0-3.0,1.9124987955773332,1.9124987955773332,0.4443342291401175,0.13,0.44329500468951843,training_market_platt,True,0.42574392996013544,2.348829729865168,-2.351372224343351,False,away,True,0.17
2025-10,data\historical_csv\football-data\2526\T1.csv:84,data\historical_csv\football-data\2526\T1.csv,84,2025-10-25,T1,Kocaelispor,Alanyaspor,away,0.32169394615266306,0.3100436026550287,3.2809500000000003,3.45,1.7237558131016684,0.009650343497634346,8,0.05,BFE,3.0-4.0,exchange,0.3047897712552767,1.05546175262958,0.01165034349763433,0.029998523792719056,1.1881330146065217,0.10348699499127248,0.3822151980230316,0.125,5.152471083070442,away:3.0-4.0,away:exchange,exchange:3.0-4.0,1.65276150237621,1.65276150237621,0.30982721925776435,0.14,0.31462489298755,training_market_platt,True,0.3041770840996449,3.2875586369695475,-0.20101959232700084,False,home,False,-0.14
2025-10,data\historical_csv\football-data\2526\SP2.csv:119,data\historical_csv\football-data\2526\SP2.csv,119,2025-10-26,SP2,Almeria,Castellon,away,0.2682081161683699,0.260297829288861,4.087,4.15,6.3837228303574856,0.005910286879508872,8,0.0,PS,4.0-5.0,sportsbook,0.24467824810374358,1.0961665707801278,0.007910286879508899,0.02203619697995507,1.4078112045821403,0.07193559357858581,0.37758639110169945,0.125,1.5414729630536028,away:4.0-5.0,away:sportsbook,sportsbook:4.0-5.0,4.914266934646072,4.914266934646072,0.25670239034657716,0.24,0.2625922318413478,training_market_platt,True,0.2659068236313129,3.7607158264826155,8.676118818117583,True,home,False,-0.24
2025-10,data\historical_csv\football-data\2526\SP2.csv:118,data\historical_csv\football-data\2526\SP2.csv,118,2025-10-26,SP2,Malaga,Andorra,away,0.3006769352956935,0.2938413046612447,3.6557999999999997,3.71,7.42250415805783,0.004835630634448832,8,0.0,PS,3.0-4.0,sportsbook,0.2735379397122381,1.0992147400539962,0.006835630634448808,0.016082479454878527,1.2963149475003666,0.09040661941881066,0.38977200559240804,0.125,1.4825756332403461,away:3.0-4.0,away:sportsbook,sportsbook:3.0-4.0,4.691162015904671,4.691162015904671,0.28637004763910684,0.28,0.29416833041907564,training_market_platt,True,0.2581814048222809,3.8732456378427007,-5.614042025070553,False,home,False,-0.28
2025-10,data\historical_csv\football-data\2526\T1.csv:91,data\historical_csv\football-data\2526\T1.csv,91,2025-10-27,T1,Samsunspor,Rizespor,away,0.24361228438114552,0.239091889228562,4.444700000000001,4.7,6.269172005418988,0.002520395152583516,8,0.05,BFE,4.0-5.0,exchange,0.22498706324386342,1.0827835203888778,0.004520395152583512,0.010345927993681189,1.4917123751246555,0.059346945101400116,0.36339945934374157,0.125,5.743919724615809,away:4.0-5.0,away:exchange,exchange:4.0-5.0,5.291464373296262,5.291464373296262,0.23689217353993797,0.18,0.23868807525912056,training_market_platt,True,0.23117720999479804,4.3256859100536,2.7513345263879163,True,draw,False,-0.18
2025-10,data\historical_csv\football-data\2526\F2.csv:111,data\historical_csv\football-data\2526\F2.csv,111,2025-10-31,F2,Guingamp,Laval,away,0.2391304347826087,0.22523892862392947,4.6309000000000005,4.9,4.3058954564555,0.011891506158679246,7,0.05,BFE,4.0-5.0,exchange,0.21594074585933618,1.1073891304347827,0.013891506158679234,0.04972811666356776,1.5327512336571778,0.057183364839319475,0.3665274689180208,0.14285714285714285,5.810965471074736,away:4.0-5.0,away:exchange,exchange:4.0-5.0,5.355982516168556,5.355982516168556,0.2275064944528462,0.23,0.23433318801091496,training_market_platt,True,0.20296555870670746,4.926944287355846,-6.008679418510832,False,home,False,-0.23
2025-10,data\historical_csv\football-data\2526\T1.csv:92,data\historical_csv\football-data\2526\T1.csv,92,2025-10-31,T1,Buyuksehyr,Kocaelispor,away,0.22111544769312239,0.21528341116845953,4.8171,5.1,3.7041719939586493,0.0038320365246628445,7,0.05,BFE,4.0-5.0,exchange,0.2075937804903365,1.06513522308254,0.005832036524662854,0.017330478556076192,1.5721720872416116,0.04889204120852994,0.34763153492105964,0.14285714285714285,5.87282805007161,away:4.0-5.0,away:exchange,exchange:4.0-5.0,3.6808940394012613,3.6808940394012613,0.21523508758257304,0.12,0.21683007582981376,training_market_platt,True,0.2600948095056724,3.8447518499141413,25.290270686977443,True,home,False,-0.12
2025-11,data\historical_csv\football-data\2526\SP2.csv:175,data\historical_csv\football-data\2526\SP2.csv,175,2025-11-30,SP2,Cordoba,Cadiz,away,0.26119095272995085,0.2526407418699892,4.273199999999999,4.34,7.9584418158837655,0.006550210859961645,8,0.0,PS,4.0-5.0,sportsbook,0.23401666198633347,1.1161211792056258,0.00855021085996166,0.025078245595795978,1.4523629610895952,0.06822071378797942,0.3793440655166839,0.125,1.5632313020687238,away:4.0-5.0,away:sportsbook,sportsbook:4.0-5.0,7.054814621831218,4.68428609347129,0.2505261036736667,0.11,0.2424919612200098,training_market_platt,True,0.21940635215640555,4.5577531834043805,-6.243277596524798,False,away,True,0.36
2026-01,data\historical_csv\football-data\2526\F2.csv:157,data\historical_csv\football-data\2526\F2.csv,157,2026-01-03,F2,Bastia,Grenoble,away,0.2765583089752307,0.2647323304282794,3.94,4.0,4.304538188742102,0.00982597854695127,7,0.0,BMGM,3.0-4.0,sportsbook,0.25380710659898476,1.089639737362409,0.011825978546951277,0.03552950039129474,1.3711807233098425,0.07648449826323918,0.37921142213800374,0.14285714285714285,1.522842639593902,away:3.0-4.0,away:sportsbook,sportsbook:3.0-4.0,4.442884181613627,4.442884181613627,0.2650834623898823,0.11,0.2622674616000455,training_market_platt,True,0.26343897299617924,3.7959455604714316,3.794955360494612,True,home,False,-0.11
2026-01,data\historical_csv\football-data\2526\T1.csv:163,data\historical_csv\football-data\2526\T1.csv,163,2026-01-19,T1,Goztep,Rizespor,away,0.2392388211647393,0.22594570914675383,4.6309000000000005,4.9,4.633198448770237,0.011293112017985458,7,0.05,BFE,4.0-5.0,exchange,0.21594074585933618,1.1078910569317912,0.01329311201798547,0.04720434569525423,1.5327512336571778,0.05723521355229411,0.3666935982789431,0.14285714285714285,5.810965471074736,away:4.0-5.0,away:exchange,exchange:4.0-5.0,4.433704445960607,4.433704445960607,0.22551492030914205,0.12,0.22522601305968398,training_market_platt,True,0.24523367773387328,4.077743355809378,13.565263821779382,True,home,False,-0.12
2026-01,data\historical_csv\football-data\2526\T1.csv:170,data\historical_csv\football-data\2526\T1.csv,170,2026-01-25,T1,Rizespor,Alanyaspor,away,0.25700934579439255,0.25367211414448815,4.444700000000001,4.7,12.749644573800678,0.001337231649904402,4,0.05,BFE,4.0-5.0,exchange,0.22498706324386342,1.1423294392523369,0.003337231649904404,0.0052030467832644,1.4917123751246555,0.06605380382566164,0.3833840216441872,0.25,5.743919724615809,away:4.0-5.0,away:exchange,exchange:4.0-5.0,6.760293144166929,6.760293144166929,0.24019684825560086,0.23,0.24282434718320328,training_market_platt,True,0.22669792936681343,4.411156302984702,0.7604286656675896,True,draw,False,-0.23
2026-01,data\historical_csv\football-data\2526\E2.csv:340,data\historical_csv\football-data\2526\E2.csv,340,2026-01-31,E2,Wigan,Lincoln,away,0.42891681863156994,0.42362399934590983,2.568,2.6,8.786643032029652,0.003292819285660128,5,0.0,BMGM,2.0-3.0,sportsbook,0.3894080996884735,1.1014583902458717,0.005292819285660111,0.007677057980998845,0.9431273858277147,0.18396963730502705,0.4045231978935326,0.2,1.2461059190031154,away:2.0-3.0,away:sportsbook,sportsbook:2.0-3.0,8.869682656622313,8.869682656622313,0.4239473623700246,0.44,0.41625463586303374,training_market_platt,True,0.4367218486645365,2.289786973236917,12.150170737052978,True,away,True,0.69
2026-01,data\historical_csv\football-data\2526\E3.csv:334,data\historical_csv\football-data\2526\E3.csv,334,2026-01-31,E3,Fleetwood Town,Notts County,away,0.4375171622259914,0.4242845254844459,2.4210000000000003,2.45,2.7192836197843517,0.0112326367415455,5,0.0,BMGM,2.0-3.0,sportsbook,0.41305245766212306,1.0592290497491252,0.013232636741545512,0.025673591144165193,0.8841806779559216,0.19142126724228448,0.38684422111432804,0.2,1.1978521272201448,away:2.0-3.0,away:sportsbook,sportsbook:2.0-3.0,3.8781084870845417,3.8781084870845417,0.42907108007882916,0.2,0.42505258436138776,training_market_platt,True,0.4393739969176502,2.275965366670129,6.372444653763121,True,away,True,0.28
2026-01,data\historical_csv\football-data\2526\E2.csv:336,data\historical_csv\football-data\2526\E2.csv,336,2026-01-31,E2,Luton,Blackpool,home,0.565474135442819,0.560315811964039,1.8330000000000002,1.85,2.705888333008355,0.0031583234787800323,5,0.0,BMGM,1.5-2.0,sportsbook,0.5455537370430987,1.0365140902666874,0.00515832347877998,0.005585266028669499,0.605953968857568,0.3197609978548036,0.34265129665787813,0.2,0.9274413529732684,home:1.5-2.0,home:sportsbook,sportsbook:1.5-2.0,2.1390039394853844,2.1390039394853844,0.5572231529704603,0.25,0.5568481914139087,training_market_platt,True,0.567207451244742,1.7630233837822311,3.969125813161223,True,home,True,0.21
2026-03,data\historical_csv\football-data\2526\E2.csv:411,data\historical_csv\football-data\2526\E2.csv,411,2026-03-07,E2,Blackpool,Wigan,away,0.34167230793122233,0.3385407623742103,3.058,3.1,3.5257651340335094,0.0011315455570119995,5,0.0,BMGM,3.0-4.0,sportsbook,0.3270111183780249,1.0448339176536778,0.0031315455570120054,0.0033117859737107416,1.1177611075068705,0.11673996600704802,0.3819080173176316,0.2,1.373446697187708,away:3.0-4.0,away:sportsbook,sportsbook:3.0-4.0,2.945818852181148,2.945818852181148,0.33664427355193316,0.18,0.3392128919430436,training_market_platt,True,0.35305497849432915,2.8324200504541595,7.964212423565842,True,draw,False,-0.18
2026-03,data\historical_csv\football-data\2526\I1.csv:289,data\historical_csv\football-data\2526\I1.csv,289,2026-03-15,I1,Como,Roma,home,0.4504923328984877,0.44770375299129117,2.274,2.3,1.8078334302196186,0.0007885799071965764,7,0.0,LB,2.0-3.0,sportsbook,0.4397537379067722,1.0244195650111612,0.0027885799071965534,0.001750484635604824,0.8215403953283443,0.20294334200032188,0.3700976492618117,0.14285714285714285,1.1433597185575906,home:2.0-3.0,home:sportsbook,sportsbook:2.0-3.0,1.1905021997570486,1.1905021997570486,0.44498901583006617,0.57,0.47188654637447475,training_market_platt,True,0.4516506169788151,2.214100816886309,2.7053503009825564,True,home,True,0.73
2026-04,data\historical_csv\football-data\2526\T1.csv:244,data\historical_csv\football-data\2526\T1.csv,244,2026-04-04,T1,Kasimpasa,Kayserispor,away,0.29961297698633865,0.2894900447798069,3.65335,3.85,5.760845509630763,0.008122932206531779,5,0.05,BFE,3.0-4.0,exchange,0.27372137900830745,1.0945910694730403,0.010122932206531765,0.027111416495494978,1.2956445548851494,0.08976793597861629,0.38819192220527926,0.2,5.382730918198364,away:3.0-4.0,away:exchange,exchange:3.0-4.0,4.788655005614562,4.788655005614562,0.28682895152562593,0.23,0.29011058111502885,training_market_platt,True,0.289105228664795,3.4589481643704785,5.62025871425289,True,home,False,-0.23
2026-04,data\historical_csv\football-data\2526\E1.csv:483,data\historical_csv\football-data\2526\E1.csv,483,2026-04-06,E1,Bristol City,Sheffield United,home,0.33283677378165566,0.31957854914386863,3.205,3.25,2.42492500060989,0.011258224637787055,5,0.0,BW,3.0-4.0,sportsbook,0.31201248049922,1.0667418599702063,0.01325822463778703,0.033825062386803946,1.1647120903726333,0.11078031798138102,0.38765901454411544,0.2,1.4040561622464809,home:3.0-4.0,home:sportsbook,sportsbook:3.0-4.0,3.1020071755847534,3.1020071755847534,0.32169113003302574,0.26,0.33020317788566067,training_market_platt,True,0.37429429546876025,2.6716944717194147,19.961321697737656,True,home,True,0.57
2026-04,data\historical_csv\football-data\2526\E2.csv:508,data\historical_csv\football-data\2526\E2.csv,508,2026-04-16,E2,Peterboro,Port Vale,away,0.25226691467100676,0.22137023080373833,4.43,4.5,-1.9329877539439266,0.02889668386726843,5,0.0,BFD,4.0-5.0,sportsbook,0.22573363431151244,1.1175424319925598,0.030896683867268432,0.11454805282315346,1.4883995840570443,0.063638596237629,0.37547397086768036,0.2,1.5801354401805856,away:4.0-5.0,away:sportsbook,sportsbook:4.0-5.0,6.888735150111258,6.888735150111258,0.2412838265239532,0.11,0.23424626686854194,training_market_platt,True,0.1739791484811849,5.747815233778694,-22.927237222835096,False,away,True,0.38
2026-04,data\historical_csv\football-data\2526\E3.csv:539,data\historical_csv\football-data\2526\E3.csv,539,2026-04-25,E3,Newport County,Oldham,home,0.38107933055175575,0.3749856596656798,2.6660000000000004,2.7,-0.02882313312975171,0.00409367088607591,6,0.0,BMGM,2.0-3.0,sportsbook,0.3750937734433608,1.015957495250981,0.00609367088607593,0.010742306280817649,0.980579221756517,0.14522145617377433,0.37367847337993515,0.16666666666666666,1.275318829707417,home:2.0-3.0,home:sportsbook,sportsbook:2.0-3.0,1.115606122998014,1.115606122998014,0.3792783425468792,0.23,0.38922537756643705,training_market_platt,True,0.38552274270196873,2.5938806955756113,2.780363204344871,True,home,True,0.38
