test_month,candidate_id,source_file,source_row,date,league,home_team,away_team,outcome,probability,conservative_probability,odds,raw_odds,conservative_ev_pct,reference_dispersion,reference_bookmakers,execution_cost_rate,execution_bookmaker,odds_band,source_type,implied_probability,price_ratio,probability_uncertainty,relative_dispersion,log_odds,probability_squared,odds_probability_interaction,reference_depth_inverse,raw_net_odds_gap_pct,outcome_odds_band,outcome_source_type,source_odds_band,predicted_closing_edge_pct,lower_closing_edge_pct,stake,estimated_probability_from_lower_clv,decision_frozen_before_closing_and_result,closing_probability,closing_fair_odds,closing_edge_pct,positive_clv,actual_outcome,won,profit
2025-01,data\historical_csv\football-data\2425\I2.csv:205,data\historical_csv\football-data\2425\I2.csv,205,2025-01-12,I2,Palermo,Modena,away,0.24369292391044592,0.22956266035852763,4.43,4.5,1.696258538827733,0.012130263551918303,6,0.0,B365,4.0-5.0,sportsbook,0.22573363431151244,1.0795596529232754,0.014130263551918293,0.04977683946365231,1.4883995840570443,0.059386241164022385,0.36271244658595264,0.16666666666666666,1.5801354401805856,away:4.0-5.0,away:sportsbook,sportsbook:4.0-5.0,6.326654707202032,4.200001275152191,0.12,0.23521444983104334,True,0.258024407860914,3.875602344329541,14.304812682384904,True,home,False,-0.12
2025-01,data\historical_csv\football-data\2425\T1.csv:175,data\historical_csv\football-data\2425\T1.csv,175,2025-01-18,T1,Gaziantep,Bodrumspor,draw,0.28703453593299133,0.27834467351842074,3.6557999999999997,3.71,1.7572457448642442,0.006689862414570579,6,0.0,1XB,3.0-4.0,sportsbook,0.2735379397122381,1.0493408564638296,0.008689862414570593,0.023306820528845133,1.2963149475003666,0.08238882481826769,0.37208715937876774,0.16666666666666666,1.4825756332403461,draw:3.0-4.0,draw:sportsbook,sportsbook:3.0-4.0,5.371004035853964,3.244350603804124,0.12,0.28241246951092547,True,0.293643180756494,3.4054936928001003,7.350074020959063,True,draw,True,0.32
2025-02,data\historical_csv\football-data\2425\P1.csv:175,data\historical_csv\football-data\2425\P1.csv,175,2025-02-01,P1,Santa Clara,Casa Pia,away,0.24656547367959247,0.2422690597690615,4.34425,4.5,5.247736290174521,0.0022964139105309677,6,0.025,BFE,4.0-5.0,exchange,0.23018933072452094,1.0711420590325695,0.004296413910530983,0.009313606955023708,1.4688531316202267,0.06079453281084181,0.36216846816369397,0.16666666666666666,3.5851988260344303,away:4.0-5.0,away:exchange,exchange:4.0-5.0,4.794873393852924,4.794873393852924,0.14,0.2412266176989191,True,0.2342654956429889,4.268661064470029,1.770787944705443,True,home,False,-0.14
2025-02,data\historical_csv\football-data\2425\E0.csv:237,data\historical_csv\football-data\2425\E0.csv,237,2025-02-02,E0,Brentford,Tottenham,draw,0.24297231796310126,0.23753859510877923,4.2634,4.33,1.2722046386769215,0.0034337228543220417,6,0.0,1XB,4.0-5.0,sportsbook,0.23455458085096403,1.035888180403886,0.005433722854322032,0.014132156630466441,1.450066964016957,0.05903554729636238,0.352326131448917,0.16666666666666666,1.5621335084674337,draw:4.0-5.0,draw:sportsbook,sportsbook:4.0-5.0,4.220025343160865,4.220025343160865,0.13,0.24445284360641945,True,0.23562733828521745,4.243989713916558,0.4573594045196083,True,away,False,-0.13
2025-02,data\historical_csv\football-data\2425\SP1.csv:218,data\historical_csv\football-data\2425\SP1.csv,218,2025-02-02,SP1,Valencia,Celta,draw,0.3057333288112557,0.299198545417537,3.3324,3.38,-0.29507672505998395,0.0045347833937187075,6,0.0,1XB,3.0-4.0,sportsbook,0.3000840235265875,1.0188257449306284,0.006534783393718713,0.014832479701675748,1.2036927651186171,0.0934728683460114,0.36800899594573977,0.16666666666666666,1.4283999519865587,draw:3.0-4.0,draw:sportsbook,sportsbook:3.0-4.0,2.7407171372461696,2.7407171372461696,0.12,0.3083084777855185,True,0.3121006216567876,3.204094867518992,4.004411160907884,True,home,False,-0.12
2025-02,data\historical_csv\football-data\2425\I1.csv:230,data\historical_csv\football-data\2425\I1.csv,230,2025-02-06,I1,Fiorentina,Inter,draw,0.2717909998270954,0.2684309322050711,3.7538,3.81,0.763603331139584,0.0013600676220243333,6,0.0,1XB,3.0-4.0,sportsbook,0.2663967179924343,1.0202490551509509,0.003360067622024343,0.0050040936708337065,1.3227686602400124,0.07387034758701219,0.35951661670658047,0.16666666666666666,1.497149555117483,draw:3.0-4.0,draw:sportsbook,sportsbook:3.0-4.0,3.003972207304209,3.003972207304209,0.11,0.27439920136209767,True,0.2754741472560756,3.6301047120418843,3.4074853969856544,True,home,False,-0.11
2025-02,data\historical_csv\football-data\2425\D2.csv:184,data\historical_csv\football-data\2425\D2.csv,184,2025-02-08,D2,Darmstadt,Elversberg,draw,0.27688209971282457,0.2582334255773921,3.7636,3.82,-2.8112679496927195,0.01664867413543246,6,0.0,1XB,3.0-4.0,sportsbook,0.26570305027101715,1.0420734704791865,0.018648674135432475,0.06012910965605961,1.3253759461504735,0.07666369714138253,0.3669728748790146,0.16666666666666666,1.4985652035285346,draw:3.0-4.0,draw:sportsbook,sportsbook:3.0-4.0,4.400628035135233,4.400628035135233,0.16,0.277395653191453,True,0.2748628553871536,3.6381780236964585,3.4473842535091226,True,away,False,-0.16
2025-02,data\historical_csv\football-data\2425\D1.csv:183,data\historical_csv\football-data\2425\D1.csv,183,2025-02-08,D1,Dortmund,Stuttgart,draw,0.2443052280343893,0.23908028540525014,4.204599999999999,4.27,0.5236968014914467,0.003224942629139157,6,0.0,1XB,4.0-5.0,sportsbook,0.23783475241402277,1.0272057617933932,0.005224942629139168,0.01320046507021619,1.4361791640488881,0.059685044444934963,0.35086607817120224,0.16666666666666666,1.5554392807877182,draw:4.0-5.0,draw:sportsbook,sportsbook:4.0-5.0,3.4319021168554857,3.4319021168554857,0.11,0.24599700831673765,True,0.24849757008156728,4.024184219072075,4.483288316495759,True,away,False,-0.11
2025-02,data\historical_csv\football-data\2425\F1.csv:184,data\historical_csv\football-data\2425\F1.csv,184,2025-02-08,F1,Nice,Lens,draw,0.2822805646240815,0.27435333445633514,3.6166,3.67,-0.7773730605218354,0.005927230167746385,6,0.0,1XB,3.0-4.0,sportsbook,0.27650279267820604,1.0208958900194531,0.00792723016774638,0.020997655915984834,1.2855343579687422,0.07968231716449026,0.36288136441107266,0.16666666666666666,1.4765249129016222,draw:3.0-4.0,draw:sportsbook,sportsbook:3.0-4.0,2.8922257584469286,2.8922257584469286,0.11,0.2844998776708702,True,0.278367432354337,3.5923742642676997,0.6743655852695207,True,home,False,-0.11
2025-02,data\historical_csv\football-data\2425\SC0.csv:154,data\historical_csv\football-data\2425\SC0.csv,154,2025-02-15,SC0,Kilmarnock,St Johnstone,away,0.2221987167054241,0.21783646797251285,4.7828,4.86,4.186825901893454,0.0023622487329112477,5,0.0,PS,4.0-5.0,sportsbook,0.20908254578907753,1.0627320222587024,0.004362248732911245,0.01063124381606108,1.565026149063288,0.04937226970553731,0.34774680193229435,0.2,1.614117253491676,away:4.0-5.0,away:sportsbook,sportsbook:4.0-5.0,3.810339163483613,3.810339163483613,0.1,0.21704929991528732,True,0.21021944873216616,4.756933794808242,0.5437579396204262,True,home,False,-0.1
2025-02,data\historical_csv\football-data\2425\I1.csv:243,data\historical_csv\football-data\2425\I1.csv,243,2025-02-15,I1,Lazio,Napoli,draw,0.3062823621568367,0.3002109049648068,3.3912,3.44,1.8075220916652812,0.004071457192029867,5,0.0,1XB,3.0-4.0,sportsbook,0.2948808681292758,1.0386647465462646,0.006071457192029894,0.0132931493781056,1.2211838410562903,0.09380888536837166,0.37402707146647957,0.2,1.439018636470868,draw:3.0-4.0,draw:sportsbook,sportsbook:3.0-4.0,3.7373571405258725,3.7373571405258725,0.16,0.30590161931035,True,0.3111227037507471,3.2141659478542595,5.50793129595335,True,draw,True,0.38
2025-02,data\historical_csv\football-data\2425\SP1.csv:233,data\historical_csv\football-data\2425\SP1.csv,233,2025-02-15,SP1,Leganes,Alaves,draw,0.3289269854450468,0.32521982055744536,3.1069999999999998,3.15,1.0457982471982596,0.001707164887601443,5,0.0,1XB,3.0-4.0,sportsbook,0.321853878339234,1.0219761437777604,0.003707164887601422,0.005190102859124205,1.1336576304109103,0.10819296175396602,0.3728905868978357,0.2,1.3839716768587085,draw:3.0-4.0,draw:sportsbook,sportsbook:3.0-4.0,2.1570041868966983,2.1570041868966983,0.1,0.3287962799707007,True,0.3213938795984889,3.111446930007754,-0.14292160874950222,False,draw,True,0.21
2025-02,data\historical_csv\football-data\2425\I2.csv:260,data\historical_csv\football-data\2425\I2.csv,260,2025-02-16,I2,Palermo,Mantova,draw,0.28238404107963694,0.27072519873201645,3.7636,3.82,1.8901357947817,0.00965884234762049,5,0.0,1XB,3.0-4.0,sportsbook,0.26570305027101715,1.0627805770073215,0.01165884234762049,0.03420463249513643,1.3253759461504735,0.07974074665646608,0.374265015623718,0.2,1.4985652035285346,draw:3.0-4.0,draw:sportsbook,sportsbook:3.0-4.0,5.75656534817116,5.75656534817116,0.21,0.28099841999195224,True,0.271874817174701,3.6781633929611846,2.3228061918704634,True,draw,True,0.58
2025-02,data\historical_csv\football-data\2425\I2.csv:259,data\historical_csv\football-data\2425\I2.csv,259,2025-02-16,I2,Juve Stabia,Cosenza,home,0.4811431133547002,0.46592543512402534,2.176,2.2,1.3853746829879166,0.013217678230674896,5,0.0,WH,2.0-3.0,sportsbook,0.45955882352941174,1.0469674146598278,0.01521767823067488,0.02747140687209791,0.7774883289936962,0.2314986955286539,0.37408315520897045,0.2,1.1029411764705843,home:2.0-3.0,home:sportsbook,sportsbook:2.0-3.0,4.046942127606094,4.046942127606094,0.34,0.47815690315995446,True,0.4481010114668499,2.2316396848257933,-2.4932199048134596,False,home,True,0.4
2025-02,data\historical_csv\football-data\2425\E1.csv:393,data\historical_csv\football-data\2425\E1.csv,393,2025-02-17,E1,Leeds,Sunderland,draw,0.23127079504758852,0.22685964883067855,4.6309000000000005,4.8,5.05643477699893,0.0024111462169099694,4,0.025,BFE,4.0-5.0,exchange,0.21594074585933618,1.0709919247858777,0.004411146216909967,0.010425640714443987,1.5327512336571778,0.053486180641943694,0.3544805964180676,0.25,3.6515580124813596,draw:4.0-5.0,draw:exchange,exchange:4.0-5.0,3.806674532039018,3.806674532039018,0.1,0.22416090723625864,True,0.23517302207554197,4.2521884150418465,8.906274792962732,True,home,False,-0.1
2025-02,data\historical_csv\football-data\2425\I1.csv:250,data\historical_csv\football-data\2425\I1.csv,250,2025-02-17,I1,Genoa,Venezia,draw,0.2802803039263192,0.2687302498891396,3.695,3.75,-0.70417266596291,0.009550054037179576,5,0.0,1XB,3.0-4.0,sportsbook,0.2706359945872801,1.0356357230077493,0.011550054037179569,0.03407322563661169,1.3069805544001651,0.07855704876902986,0.36632090701306746,0.2,1.4884979702300516,draw:3.0-4.0,draw:sportsbook,sportsbook:3.0-4.0,3.270000373999617,3.270000373999617,0.12,0.2794857926224618,True,0.28366735049793573,3.525255896544488,4.815086008987257,True,home,False,-0.12
2025-02,data\historical_csv\football-data\2425\B1.csv:210,data\historical_csv\football-data\2425\B1.csv,210,2025-02-21,B1,Mechelen,St Truiden,home,0.5306238634425482,0.5260558996392607,1.98,2.0,4.159068128573606,0.002567963803287489,5,0.0,WH,1.5-2.0,sportsbook,0.5050505050505051,1.0506352496162454,0.0045679638032875,0.004839518122361129,0.6830968447064438,0.28156168445469604,0.3624674868435476,0.2,1.0101010101010166,home:1.5-2.0,home:sportsbook,sportsbook:1.5-2.0,3.4047104578241734,3.4047104578241734,0.35,0.5222460124132534,True,0.5191883950782351,1.9260831125651656,2.799302225490541,True,draw,False,-0.35
2025-02,data\historical_csv\football-data\2425\D1.csv:200,data\historical_csv\football-data\2425\D1.csv,200,2025-02-21,D1,Freiburg,Werder Bremen,draw,0.2790610534513509,0.2730637601384135,3.7047999999999996,3.76,1.1646618560794186,0.003997293312937395,5,0.0,1XB,3.0-4.0,sportsbook,0.26992010364931984,1.0338653908265647,0.005997293312937413,0.014324081642708514,1.309629276184405,0.07787507155337772,0.36546652544275027,0.2,1.4899589721442563,draw:3.0-4.0,draw:sportsbook,sportsbook:3.0-4.0,3.3064012398806404,3.3064012398806404,0.12,0.2788447453030681,True,0.27727149633866616,3.606573388194853,2.7235439635490355,True,home,False,-0.12
2025-02,data\historical_csv\football-data\2425\T1.csv:220,data\historical_csv\football-data\2425\T1.csv,220,2025-02-22,T1,Sivasspor,Konyaspor,draw,0.3030450552639176,0.28731946492375393,3.3912,3.44,-2.5642230550565692,0.01372559034016369,5,0.0,1XB,3.0-4.0,sportsbook,0.2948808681292758,1.0276863914109975,0.015725590340163687,0.045292243188757096,1.2211838410562903,0.09183630551991089,0.3700737246003067,0.2,1.439018636470868,draw:3.0-4.0,draw:sportsbook,sportsbook:3.0-4.0,2.579328546310246,2.579328546310246,0.11,0.30248681453854165,True,0.3047571140346444,3.281301580662433,3.3492325114286015,True,draw,True,0.26
2025-02,data\historical_csv\football-data\2425\I1.csv:257,data\historical_csv\football-data\2425\I1.csv,257,2025-02-23,I1,Verona,Fiorentina,draw,0.2775296570005414,0.2711563545653038,3.7146,3.77,0.723739466827733,0.004373302435237616,5,0.0,1XB,3.0-4.0,sportsbook,0.269207990093146,1.030911663894211,0.006373302435237593,0.015757964328940475,1.3122710007711045,0.07702271051483815,0.3641941207357618,0.2,1.491412265116021,draw:3.0-4.0,draw:sportsbook,sportsbook:3.0-4.0,3.0193618317681477,3.0193618317681477,0.11,0.2773363533940886,True,0.290039593252675,3.447805138551639,7.738107309638642,True,home,False,-0.11
2025-02,data\historical_csv\football-data\2425\T1.csv:226,data\historical_csv\football-data\2425\T1.csv,226,2025-02-24,T1,Galatasaray,Fenerbahce,draw,0.2641080870802544,0.25649655387165815,4.0576,4.12,4.076041698964006,0.00561153320859628,5,0.0,1XB,4.0-5.0,sportsbook,0.24645110410094637,1.0716449741368403,0.007611533208596255,0.021247108600999053,1.400591665820715,0.06975308166119125,0.36990758564045595,0.2,1.537854889589907,draw:4.0-5.0,draw:sportsbook,sportsbook:4.0-5.0,6.537880012783317,6.537880012783317,0.21,0.26256378157724597,True,0.27427523864862136,3.6459725818746507,11.289920834064592,True,draw,True,0.64
2025-02,data\historical_csv\football-data\2425\P1.csv:208,data\historical_csv\football-data\2425\P1.csv,208,2025-02-24,P1,Porto,Guimaraes,draw,0.25531077881714165,0.249296068445147,4.2487,4.4,5.91842060028962,0.004014710371994622,5,0.025,BFE,4.0-5.0,exchange,0.23536611198719606,1.0847389059603898,0.006014710371994636,0.015724797795826837,1.4466130537918354,0.06518359378021542,0.3693359054106371,0.2,3.561089274366269,draw:4.0-5.0,draw:exchange,exchange:4.0-5.0,5.9582834423053335,5.9582834423053335,0.18,0.249389892066527,True,0.2710770271856528,3.6889883675577164,15.172496540368318,True,draw,True,0.58
2025-03,data\historical_csv\football-data\2425\D1.csv:211,data\historical_csv\football-data\2425\D1.csv,211,2025-03-01,D1,Heidenheim,M'gladbach,draw,0.2714877791384305,0.26588960582137633,3.793,3.85,0.8519274880480543,0.0035981733170541244,5,0.0,1XB,3.0-4.0,sportsbook,0.26364355391510674,1.0297531462720668,0.005598173317054145,0.013253536967567998,1.3331572627067618,0.07370561422151721,0.3619359044945279,0.2,1.5027682573161005,draw:3.0-4.0,draw:sportsbook,sportsbook:3.0-4.0,3.1761376171595432,3.1761376171595432,0.11,0.27201723600622074,True,0.2790845855396229,3.5831430749443003,5.85678329517898,True,away,False,-0.11
2025-03,data\historical_csv\football-data\2425\N1.csv:216,data\historical_csv\football-data\2425\N1.csv,216,2025-03-02,N1,Heracles,Zwolle,draw,0.2925455205583096,0.2798723846167155,3.5284,3.58,-1.2498278118381112,0.010673135941594133,5,0.0,1XB,3.0-4.0,sportsbook,0.28341457884593585,1.0322176147379396,0.012673135941594138,0.03648367584376252,1.2608445104024748,0.08558288159873235,0.368854413638779,0.2,1.4624192268450242,draw:3.0-4.0,draw:sportsbook,sportsbook:3.0-4.0,3.0855461381874902,3.0855461381874902,0.12,0.292159466438577,True,0.28474054556609235,3.5119691086209768,0.4678540975400214,True,home,False,-0.12
2025-03,data\historical_csv\football-data\2425\P1.csv:220,data\historical_csv\football-data\2425\P1.csv,220,2025-03-08,P1,Estoril,Farense,away,0.26046511627906976,0.24982981772470142,4.153149999999999,4.3,3.758070748334341,0.008635298554368351,5,0.025,BFE,4.0-5.0,exchange,0.2407810938685095,1.0817506976744184,0.010635298554368344,0.03315337837837849,1.423867082464937,0.06784207679826933,0.37086770520016965,0.2,3.5358703634590816,away:4.0-5.0,away:exchange,exchange:4.0-5.0,4.7987555684560155,4.7987555684560155,0.15,0.2523355900183139,True,0.30463036869463,3.282666807925601,26.51756157441023,True,draw,False,-0.15
2025-03,data\historical_csv\football-data\2425\E2.csv:422,data\historical_csv\football-data\2425\E2.csv,422,2025-03-08,E2,Stevenage,Mansfield,away,0.2418305237738741,0.2339819074612719,4.4398,4.6,3.8832872746555003,0.005848616312602193,5,0.025,BFE,4.0-5.0,exchange,0.22523537096265597,1.0736791594512463,0.007848616312602197,0.024184772961377683,1.4906093303845298,0.058482002228746284,0.3604748351091146,0.2,3.6082706428217426,away:4.0-5.0,away:exchange,exchange:4.0-5.0,4.259991605237606,4.259991605237606,0.12,0.2348303788576909,True,0.25823449411782784,3.8724493542823044,14.650950698433206,True,draw,False,-0.12
2025-03,data\historical_csv\football-data\2425\D1.csv:223,data\historical_csv\football-data\2425\D1.csv,223,2025-03-08,D1,Wolfsburg,St Pauli,draw,0.25939854851338584,0.2532417376906059,3.9792,4.04,0.7699522618458854,0.004156810822779986,5,0.0,1XB,3.0-4.0,sportsbook,0.25130679533574585,1.032198704244465,0.006156810822779968,0.016024803710748138,1.3810807940670031,0.06728760697085139,0.35825035336069494,0.2,1.5279453156413325,draw:3.0-4.0,draw:sportsbook,sportsbook:3.0-4.0,3.350092230434213,3.350092230434213,0.11,0.2597258047608419,True,0.27096901298367737,3.6904588793709707,7.823989646464891,True,draw,True,0.33
2025-03,data\historical_csv\football-data\2425\T1.csv:243,data\historical_csv\football-data\2425\T1.csv,243,2025-03-09,T1,Alanyaspor,Galatasaray,draw,0.22996493482764602,0.22289223955077064,4.822,5.0,7.478637911381614,0.005072695276875378,5,0.025,BFE,4.0-5.0,exchange,0.20738282870178348,1.108890915738909,0.007072695276875374,0.022058559843818184,1.5731887797589794,0.05288387125028348,0.36177825520885765,0.2,3.691414350891753,draw:4.0-5.0,draw:exchange,exchange:4.0-5.0,8.473915308446621,8.473915308446621,0.22,0.22495627397023354,True,0.2189263566889847,4.567746045400275,5.566289195428409,True,away,False,-0.22
2025-03,data\historical_csv\football-data\2425\T1.csv:241,data\historical_csv\football-data\2425\T1.csv,241,2025-03-09,T1,Eyupspor,Konyaspor,draw,0.28951500304864275,0.283325793317121,3.5284,3.58,-0.03132708598703182,0.004189209731521767,5,0.0,1XB,3.0-4.0,sportsbook,0.28341457884593585,1.021524736756831,0.006189209731521761,0.014469750055812889,1.2608445104024748,0.08381893699025562,0.365033402273037,0.2,1.4624192268450242,draw:3.0-4.0,draw:sportsbook,sportsbook:3.0-4.0,2.4062840947301507,2.4062840947301507,0.1,0.2902343387788521,True,0.28625369507135967,3.493404686883472,1.0017537689785527,True,home,False,-0.1
2025-03,data\historical_csv\football-data\2425\E0.csv:282,data\historical_csv\football-data\2425\E0.csv,282,2025-03-10,E0,West Ham,Newcastle,draw,0.2722002545705949,0.2627964810308706,3.7734,3.83,-0.836375847811277,0.007403773539724257,5,0.0,1XB,3.0-4.0,sportsbook,0.26501298563629616,1.0271204405966827,0.00940377353972427,0.027199730402177474,1.3279764517953756,0.07409297858829667,0.36147552824245655,0.2,1.4999734987014346,draw:3.0-4.0,draw:sportsbook,sportsbook:3.0-4.0,2.6999974437484697,2.6999974437484697,0.1,0.27216832947407765,True,0.2774189721255017,3.6046561355854547,4.6812749418368105,True,away,False,-0.1
2025-03,data\historical_csv\football-data\2425\SP2.csv:343,data\historical_csv\football-data\2425\SP2.csv,343,2025-03-21,SP2,Burgos,Almeria,away,0.41623076266042397,0.4130803384256547,2.4699999999999998,2.5,2.0308435911366995,0.001150424234769251,5,0.0,WH,2.0-3.0,sportsbook,0.40485829959514175,1.0280899837712472,0.0031504242347692446,0.0027639096817738303,0.9042181506398858,0.17324804778487818,0.37636341045223776,0.2,1.2145748987854255,away:2.0-3.0,away:sportsbook,sportsbook:2.0-3.0,2.541689917959136,2.541689917959136,0.17,0.41514854217797226,True,0.37886527010668025,2.639460723645695,-6.420278283649983,False,home,False,-0.17
2025-03,data\historical_csv\football-data\2425\I1.csv:300,data\historical_csv\football-data\2425\I1.csv,300,2025-03-31,I1,Verona,Parma,draw,0.3091434557226569,0.29552521511045043,3.352,3.4,-0.9399478949770224,0.011618240612206463,4,0.0,1XB,3.0-4.0,sportsbook,0.2983293556085919,1.036248863582346,0.013618240612206456,0.03758203642075342,1.2095571826198366,0.09556967621614632,0.37392668732925705,0.25,1.4319809069212486,draw:3.0-4.0,draw:sportsbook,sportsbook:3.0-4.0,2.8832202732180687,2.8832202732180687,0.12,0.30693084807045967,True,0.32102126070203285,3.115058478722333,7.60632658732141,True,draw,True,0.28
2025-04,data\historical_csv\football-data\2425\F2.csv:262,data\historical_csv\football-data\2425\F2.csv,262,2025-04-07,F2,Dunkerque,Guingamp,draw,0.3239264087800549,0.31519191638713256,3.205,3.25,1.0190092020759822,0.006734492392922337,4,0.0,B365,3.0-4.0,sportsbook,0.31201248049922,1.038184140140076,0.008734492392922344,0.020790192495527705,1.1647120903726333,0.10492831830514324,0.3772810046971179,0.25,1.4040561622464809,draw:3.0-4.0,draw:sportsbook,sportsbook:3.0-4.0,3.2114098486022553,3.2114098486022553,0.15,0.32203248002684015,True,0.2947194803105286,3.393057014576569,-5.542406560475587,False,home,False,-0.15
2025-04,data\historical_csv\football-data\2425\I1.csv:318,data\historical_csv\football-data\2425\I1.csv,318,2025-04-13,I1,Verona,Genoa,draw,0.33058615148896725,0.3264895436688058,3.1069999999999998,3.15,1.4403012178979546,0.0020966078201614616,4,0.0,1XB,3.0-4.0,sportsbook,0.321853878339234,1.0271311726762211,0.004096607820161469,0.006342092101312455,1.1336576304109103,0.1092872035562864,0.3747715131436448,0.25,1.3839716768587085,draw:3.0-4.0,draw:sportsbook,sportsbook:3.0-4.0,2.4408648587547863,2.4408648587547863,0.12,0.32970989655215577,True,0.34734643167311724,2.8789701255405027,7.920536320837512,True,draw,True,0.25
2025-04,data\historical_csv\football-data\2425\SP1.csv:311,data\historical_csv\football-data\2425\SP1.csv,311,2025-04-18,SP1,Espanol,Getafe,draw,0.3520405155007026,0.34826172942123473,2.9208,2.96,1.720285929354226,0.0017787860794678788,4,0.0,1XB,2.0-3.0,sportsbook,0.3423719528896193,1.028239937674452,0.003778786079467855,0.005052787963731773,1.07185755135929,0.12393252455400042,0.3773372849238453,0.25,1.342098055327301,draw:2.0-3.0,draw:sportsbook,sportsbook:2.0-3.0,2.6205926926669667,2.6205926926669667,0.14,0.35134412726878583,True,0.36126089757028124,2.76808258719851,5.517082962327735,True,home,False,-0.14
2025-04,data\historical_csv\football-data\2425\SP1.csv:316,data\historical_csv\football-data\2425\SP1.csv,316,2025-04-20,SP1,Valladolid,Osasuna,draw,0.28015706605867363,0.2658386925956044,3.695,3.75,-1.7726030859241848,0.012318373463069259,4,0.0,1XB,3.0-4.0,sportsbook,0.2706359945872801,1.035180359086799,0.014318373463069245,0.04396952622458363,1.3069805544001651,0.07848798166260403,0.36615983751648895,0.25,1.4884979702300516,draw:3.0-4.0,draw:sportsbook,sportsbook:3.0-4.0,2.69855430090473,2.69855430090473,0.1,0.27793925385901147,True,0.26953393753914306,3.710107933457452,-0.4072100792866462,False,away,False,-0.1
2025-04,data\historical_csv\football-data\2425\F1.csv:269,data\historical_csv\football-data\2425\F1.csv,269,2025-04-20,F1,Reims,Toulouse,draw,0.29119770740846235,0.2868672355607224,3.5382,3.59,1.4993652860948004,0.002330471847739922,4,0.0,1XB,3.0-4.0,sportsbook,0.28262958566502744,1.0303157283526214,0.004330471847739936,0.008003056989974769,1.2636181232523764,0.08479610479994444,0.3679627005308758,0.25,1.4640212537448516,draw:3.0-4.0,draw:sportsbook,sportsbook:3.0-4.0,2.5007469577506893,2.5007469577506893,0.1,0.289697436430249,True,0.27158305265023935,3.682114882506527,-3.908484311292315,False,home,False,-0.1
2025-04,data\historical_csv\football-data\2425\SP1.csv:318,data\historical_csv\football-data\2425\SP1.csv,318,2025-04-20,SP1,Sevilla,Alaves,draw,0.31594838764882405,0.3090268155507798,3.2442,3.29,0.2544795009840062,0.004921572098044204,4,0.0,1XB,3.0-4.0,sportsbook,0.308242401824795,1.024999759210315,0.006921572098044226,0.015577139464672693,1.1768687866338772,0.09982338365789159,0.37182979561120144,0.25,1.4117502003575533,draw:3.0-4.0,draw:sportsbook,sportsbook:3.0-4.0,2.2008766378263442,2.2008766378263442,0.1,0.31502643683443177,True,0.32043770941794897,3.1207313328272908,3.956401689371014,True,draw,True,0.22
2025-04,data\historical_csv\football-data\2425\B1.csv:283,data\historical_csv\football-data\2425\B1.csv,283,2025-04-27,B1,Gent,Anderlecht,draw,0.30564700017842655,0.28697405816791577,3.4793999999999996,3.53,-0.15024620105540398,0.016672942010510807,4,0.0,1XB,3.0-4.0,sportsbook,0.28740587457607636,1.0634681724208173,0.018672942010510785,0.05454966677499762,1.2468598651283127,0.09342008871807109,0.3810989774193463,0.25,1.4542737253549598,draw:3.0-4.0,draw:sportsbook,sportsbook:3.0-4.0,5.626062534447126,5.626062534447126,0.23,0.3035755088074011,True,0.2851052755817808,3.507476310143394,-0.800470414075205,False,away,False,-0.23
2025-04,data\historical_csv\football-data\2425\I1.csv:332,data\historical_csv\football-data\2425\I1.csv,332,2025-04-27,I1,Como,Genoa,draw,0.2769693970673373,0.27049318601027084,3.7342,3.79,1.0075655199553335,0.004476211057066462,4,0.0,1XB,3.0-4.0,sportsbook,0.26779497616624715,1.0342591225288509,0.006476211057066472,0.016161392213227793,1.3175336055490983,0.07671204691184436,0.36491648834488877,0.25,1.4942959670076528,draw:3.0-4.0,draw:sportsbook,sportsbook:3.0-4.0,2.7138239858652553,2.7138239858652553,0.1,0.2750624604623889,True,0.2654009631610974,3.767883839189399,-0.8939723363830088,False,home,False,-0.1
2025-05,data\historical_csv\football-data\2425\I2.csv:349,data\historical_csv\football-data\2425\I2.csv,349,2025-05-01,I2,Spezia,Salernitana,draw,0.3046652295201723,0.2867829816187305,3.45,3.5,-1.0598713415379657,0.015882247901441743,4,0.0,B365,3.0-4.0,sportsbook,0.2898550724637681,1.0510950418445943,0.017882247901441772,0.052130162429284234,1.2383742310432684,0.09282090207857925,0.3772895693326642,0.25,1.4492753623188248,draw:3.0-4.0,draw:sportsbook,sportsbook:3.0-4.0,3.846120055399674,3.846120055399674,0.16,0.30100324653739036,True,0.2840748226305683,3.5201993289650773,-1.9941861924539284,False,home,False,-0.16
2025-05,data\historical_csv\football-data\2425\SP1.csv:335,data\historical_csv\football-data\2425\SP1.csv,335,2025-05-03,SP1,Las Palmas,Valencia,away,0.3488626631094587,0.34326576808280246,2.96,3.0,1.6066673525095165,0.0035968950266562134,4,0.0,1XB,2.0-3.0,sportsbook,0.33783783783783783,1.0326334828039976,0.005596895026656223,0.010310346755358158,1.085189268335969,0.12170515771182366,0.3785820181294911,0.25,1.3513513513513598,away:2.0-3.0,away:sportsbook,sportsbook:2.0-3.0,2.163270982187811,2.163270982187811,0.11,0.3451461857506345,True,0.3274119630801325,3.054256144437993,-3.086058928280788,False,away,True,0.22
2025-05,data\historical_csv\football-data\2425\I2.csv:357,data\historical_csv\football-data\2425\I2.csv,357,2025-05-04,I2,Frosinone,Cittadella,draw,0.34050640270305704,0.331590634615217,3.0873999999999997,3.13,2.375292531102091,0.006915768087840082,4,0.0,1XB,3.0-4.0,sportsbook,0.3238971302714258,1.0512794677054182,0.00891576808784006,0.020310243898324185,1.1273293127656037,0.11594461028177645,0.38386284895152517,0.25,1.3798017749562907,draw:3.0-4.0,draw:sportsbook,sportsbook:3.0-4.0,4.741108710931703,4.741108710931703,0.23,0.33925344532918217,True,0.2825784353060735,3.538840460054408,-12.756733883602866,False,draw,True,0.48
2025-05,data\historical_csv\football-data\2425\F1.csv:285,data\historical_csv\football-data\2425\F1.csv,285,2025-05-04,F1,Nantes,Angers,draw,0.28671879981871934,0.27704833690010094,3.6557999999999997,3.71,1.2833310039388923,0.0076704629186184195,4,0.0,1XB,3.0-4.0,sportsbook,0.2735379397122381,1.048186588377274,0.009670462918618394,0.02675256356914211,1.2963149475003666,0.08220767016948685,0.3716778659343713,0.25,1.4825756332403461,draw:3.0-4.0,draw:sportsbook,sportsbook:3.0-4.0,4.111832797649908,4.111832797649908,0.15,0.2847853624313417,True,0.28984294144498224,3.450144395494341,5.960782533456599,True,away,False,-0.15
2025-05,data\historical_csv\football-data\2425\SP1.csv:341,data\historical_csv\football-data\2425\SP1.csv,341,2025-05-05,SP1,Girona,Mallorca,draw,0.3029491269263583,0.29509343902508517,3.4010000000000002,3.45,0.3612786124314704,0.0058556879012731135,4,0.0,1XB,3.0-4.0,sportsbook,0.2940311673037342,1.0303299806765447,0.007855687901273112,0.019328947934867394,1.2240695060250584,0.09177817350544273,0.3708307881474701,0.25,1.4407527197882963,draw:3.0-4.0,draw:sportsbook,sportsbook:3.0-4.0,2.6805338228169546,2.6805338228169546,0.11,0.3019127721929342,True,0.2933690935579347,3.408675357966838,-0.22517128094639016,False,home,False,-0.11
2025-05,data\historical_csv\football-data\2425\I2.csv:364,data\historical_csv\football-data\2425\I2.csv,364,2025-05-09,I2,Juve Stabia,Reggiana,away,0.25915176288254793,0.25120144955097484,4.535349999999999,4.7,13.928649422101369,0.0059503133315730984,4,0.025,BFE,4.0-5.0,exchange,0.22049014960256655,1.1753439477893637,0.007950313331573089,0.022960728745919756,1.511902258097338,0.06715963620513235,0.39181213549203014,0.25,3.630370313206277,away:4.0-5.0,away:exchange,exchange:4.0-5.0,12.193894806758134,12.193894806758134,0.34,0.24737648650436717,True,0.256151021892875,3.90394694743092,16.173453714185037,True,away,True,1.2
2025-05,data\historical_csv\football-data\2425\B1.csv:294,data\historical_csv\football-data\2425\B1.csv,294,2025-05-09,B1,Charleroi,Westerlo,home,0.5699947746942149,0.562688733272644,1.8918,1.91,6.449454560518797,0.005306041421570892,4,0.0,BF,1.5-2.0,sportsbook,0.528597103287874,1.0783161147665157,0.007306041421570875,0.009308929936098843,0.637528756796933,0.3248940431787088,0.3633880600915507,0.25,0.9620467279839229,home:1.5-2.0,home:sportsbook,sportsbook:1.5-2.0,6.61631941509592,6.61631941509592,0.74,0.5635707760603443,True,0.5733803768523297,1.7440429431674522,8.472099692923729,True,home,True,0.66
2025-05,data\historical_csv\football-data\2425\I2.csv:365,data\historical_csv\football-data\2425\I2.csv,365,2025-05-09,I2,Mantova,Carrarese,away,0.2624108684055916,0.2463647378460036,4.136,4.2,1.896455573107092,0.01404613055958798,4,0.0,B365,4.0-5.0,sportsbook,0.24177949709864602,1.0853313517255267,0.01604613055958798,0.05352724391688602,1.419729137206128,0.06885946385737671,0.37255235579498136,0.25,1.547388781431347,away:4.0-5.0,away:sportsbook,sportsbook:4.0-5.0,5.23376842684599,5.23376842684599,0.17,0.254433676080382,True,0.23845743413935575,4.193620566325455,-1.3740052399624614,False,home,False,-0.17
2025-05,data\historical_csv\football-data\2425\D2.csv:291,data\historical_csv\football-data\2425\D2.csv,291,2025-05-09,D2,Preußen Münster,Hertha,away,0.35632034242448357,0.34826396391804326,2.9587749999999997,3.05,3.0434709841608454,0.006056378506440304,4,0.025,BFE,2.0-3.0,exchange,0.3379777103700011,1.0542717211570012,0.00805637850644031,0.016997004620144182,1.0847753313245125,0.12696418642550122,0.3865275175111829,0.25,3.0832016628503434,away:2.0-3.0,away:exchange,exchange:2.0-3.0,3.270954624105177,3.270954624105177,0.17,0.3490328079157935,True,0.3931719941810917,2.543416150692077,16.330746708315957,True,home,False,-0.17
2025-05,data\historical_csv\football-data\2425\I2.csv:366,data\historical_csv\football-data\2425\I2.csv,366,2025-05-09,I2,Modena,Brescia,home,0.40978645623726245,0.39784387306160596,2.519,2.55,0.21687162421855088,0.009942583175656518,4,0.0,BF,2.0-3.0,sportsbook,0.39698292973402144,1.0322520832616642,0.011942583175656496,0.02426283988727011,0.9238619973704731,0.16792493971549383,0.3785861339547253,0.25,1.2306470821754623,home:2.0-3.0,home:sportsbook,sportsbook:2.0-3.0,2.1838454240964924,2.1838454240964924,0.14,0.405652423279462,True,0.42307199565071757,2.363663892387683,6.571835704415752,True,draw,False,-0.14
2025-05,data\historical_csv\football-data\2425\I1.csv:357,data\historical_csv\football-data\2425\I1.csv,357,2025-05-11,I1,Verona,Lecce,home,0.4291802519971979,0.4196974085795396,2.45236,2.52,2.9249136904119677,0.007482843417658333,4,0.025,BFE,2.0-3.0,exchange,0.4077704741555073,1.0525044827878483,0.009482843417658315,0.017435199739123105,0.8970508262204496,0.18419568870437827,0.38499649965158717,0.25,2.75815948718785,home:2.0-3.0,home:exchange,exchange:2.0-3.0,1.4566898807450652,1.4566898807450652,0.1,0.4137104253891967,True,0.37736159801087266,2.649978178148344,-7.457351150205627,False,draw,False,-0.1
2025-05,data\historical_csv\football-data\2425\SP1.csv:362,data\historical_csv\football-data\2425\SP1.csv,362,2025-05-18,SP1,Ath Madrid,Betis,home,0.49828529825387946,0.49583690128922764,2.0682,2.09,2.5489879246380687,0.00044839696465182765,4,0.0,1XB,2.0-3.0,sportsbook,0.48351223285949135,1.0305536538486735,0.002448396964651822,0.000899879980852589,0.7266786637687377,0.2482882384559576,0.36209329471073604,0.25,1.0540566676336738,home:2.0-3.0,home:sportsbook,sportsbook:2.0-3.0,1.4836950378379852,1.4836950378379852,0.14,0.49068607986576723,True,0.6230983327103454,1.6048831259910652,28.869197171153637,True,home,True,0.15
2025-10,data\historical_csv\football-data\2526\F2.csv:77,data\historical_csv\football-data\2526\F2.csv,77,2025-10-03,F2,Guingamp,Nancy,away,0.3405697924670639,0.3364942109931133,3.4989999999999997,3.55,17.739324426490334,0.002075581473950647,8,0.0,PS,3.0-4.0,sportsbook,0.2857959416976279,1.1916537038422566,0.004075581473950651,0.006094437967957401,1.2524772133855508,0.11598778354105899,0.4265559046324436,0.125,1.457559302657896,away:3.0-4.0,away:sportsbook,sportsbook:3.0-4.0,14.987213364357183,12.760079804469708,0.51,0.32226373193618096,True,0.32081962309303025,3.1170163170163168,12.254786120251282,True,draw,False,-0.51
2025-10,data\historical_csv\football-data\2526\D2.csv:77,data\historical_csv\football-data\2526\D2.csv,77,2025-10-18,D2,Paderborn,Bielefeld,away,0.23110652182038943,0.2209985245973972,4.72645,4.9,4.453847658336785,0.008107997222992235,8,0.025,BFE,4.0-5.0,exchange,0.21157528377534937,1.0923134200579796,0.010107997222992243,0.035083376960229534,1.5531743921750678,0.05341022442791814,0.3589487315560774,0.125,3.6718890499211954,away:4.0-5.0,away:exchange,exchange:4.0-5.0,6.508117906862801,4.280984346975325,0.11,0.2206327885558407,True,0.20592857749146723,4.856052579887488,-2.6688874915454797,False,home,False,-0.11
2025-10,data\historical_csv\football-data\2526\D2.csv:80,data\historical_csv\football-data\2526\D2.csv,80,2025-10-19,D2,Darmstadt,Magdeburg,away,0.24051483502637558,0.22750827714627458,4.535349999999999,4.7,3.18296647553562,0.011006557880101004,8,0.025,BFE,4.0-5.0,exchange,0.22049014960256655,1.0908189570368723,0.013006557880100994,0.045762490612664256,1.511902258097338,0.05784738586776466,0.363634922182286,0.125,3.630370313206277,away:4.0-5.0,away:exchange,exchange:4.0-5.0,6.02556103280835,3.7984274729208742,0.11,0.22886530802015476,True,0.23452857712671654,4.263872711169423,6.366918227165375,True,draw,False,-0.11
2025-10,data\historical_csv\football-data\2526\B1.csv:89,data\historical_csv\football-data\2526\B1.csv,89,2025-10-20,B1,Standard,Antwerp,away,0.2555302070719659,0.24374740038825782,4.2487,4.4,3.5609580029591026,0.009782806683708066,8,0.025,BFE,4.0-5.0,exchange,0.23536611198719606,1.0856711907866616,0.01178280668370807,0.03828434530620053,1.4466130537918354,0.06529568672624177,0.36965333318843663,0.125,3.561089274366269,away:4.0-5.0,away:exchange,exchange:4.0-5.0,5.718841745622687,3.4917081857352112,0.11,0.24358440978589968,True,0.2448904683486052,4.083458236424642,4.046613287271894,True,home,False,-0.11
2025-10,data\historical_csv\football-data\2526\B1.csv:90,data\historical_csv\football-data\2526\B1.csv,90,2025-10-24,B1,Charleroi,Anderlecht,home,0.3578313008516028,0.34767655487363786,3.0873999999999997,3.13,7.341659551686952,0.008154745977964976,8,0.0,PS,3.0-4.0,sportsbook,0.3238971302714258,1.1047683582492385,0.010154745977964952,0.02278935900397057,1.1273293127656037,0.12804323986915028,0.40339371447505934,0.125,1.3798017749562907,home:3.0-4.0,home:sportsbook,sportsbook:3.0-4.0,6.994296241051509,4.767162681164033,0.23,0.33933783339108653,True,0.3482359631268029,2.8716161048417357,7.514371255769103,True,home,True,0.48
2025-10,data\historical_csv\football-data\2526\F2.csv:99,data\historical_csv\football-data\2526\F2.csv,99,2025-10-25,F2,Annecy,St Etienne,home,0.27113676132105435,0.25771439556229947,4.0478000000000005,4.11,4.317633035707602,0.01142236575875488,8,0.0,PS,4.0-5.0,sportsbook,0.2470477790404664,1.097507382475364,0.013422365758754884,0.042127691217900186,1.3981735236499684,0.0735151433396704,0.37909624096729905,0.125,1.5366371856317063,home:4.0-5.0,home:sportsbook,sportsbook:4.0-5.0,6.0689004047138235,3.8417668448263473,0.13,0.2565387787065229,True,0.22891014742396912,4.3685263028024695,-7.341750525725765,False,home,True,0.4
2025-10,data\historical_csv\football-data\2526\T1.csv:84,data\historical_csv\football-data\2526\T1.csv,84,2025-10-25,T1,Kocaelispor,Alanyaspor,away,0.32169394615266306,0.3100436026550287,3.340975,3.45,3.5847925380384504,0.009650343497634346,8,0.025,BFE,3.0-4.0,exchange,0.29931382306063353,1.0747714317473933,0.01165034349763433,0.029998523792719056,1.2062626805570393,0.10348699499127248,0.38804740180508324,0.125,3.2632689559185746,away:3.0-4.0,away:exchange,exchange:3.0-4.0,4.899639195284874,2.672505635397398,0.11,0.30731300184945237,True,0.3041770840996449,3.2875586369695475,1.624803354981097,True,home,False,-0.11
2025-10,data\historical_csv\football-data\2526\SP2.csv:118,data\historical_csv\football-data\2526\SP2.csv,118,2025-10-26,SP2,Malaga,Andorra,away,0.3006769352956935,0.29412970211070516,3.6557999999999997,3.71,7.527936497631593,0.0045472331849883176,8,0.0,PS,3.0-4.0,sportsbook,0.2735379397122381,1.0992147400539962,0.006547233184988344,0.015123318922073123,1.2963149475003666,0.09040661941881066,0.38977200559240804,0.125,1.4825756332403461,away:3.0-4.0,away:sportsbook,sportsbook:3.0-4.0,6.060196398329389,3.833062838441913,0.14,0.28402282082838753,True,0.2581814048222809,3.8732456378427007,-5.614042025070553,False,home,False,-0.14
2025-10,data\historical_csv\football-data\2526\SP2.csv:119,data\historical_csv\football-data\2526\SP2.csv,119,2025-10-26,SP2,Almeria,Castellon,away,0.2682081161683699,0.260297829288861,4.087,4.15,6.3837228303574856,0.005910286879508872,8,0.0,PS,4.0-5.0,sportsbook,0.24467824810374358,1.0961665707801278,0.007910286879508899,0.02203619697995507,1.4078112045821403,0.07193559357858581,0.37758639110169945,0.125,1.5414729630536028,away:4.0-5.0,away:sportsbook,sportsbook:4.0-5.0,5.597904044957278,3.3707704850698015,0.11,0.2529257902742104,True,0.26588444355266444,3.761032374208562,8.666972079973956,True,home,False,-0.11
2025-10,data\historical_csv\football-data\2526\T1.csv:91,data\historical_csv\football-data\2526\T1.csv,91,2025-10-27,T1,Samsunspor,Rizespor,away,0.24361228438114552,0.239091889228562,4.535349999999999,4.7,8.436539981275848,0.002520395152583516,8,0.025,BFE,4.0-5.0,exchange,0.22049014960256655,1.1048669739680281,0.004520395152583512,0.010345927993681189,1.511902258097338,0.059346945101400116,0.3683179628561048,0.125,3.630370313206277,away:4.0-5.0,away:exchange,exchange:4.0-5.0,8.339772732054605,6.112639172167129,0.17,0.23396791685794294,True,0.23117720999479804,4.3256859100536,4.846955934990715,True,draw,False,-0.17
2025-10,data\historical_csv\football-data\2526\F2.csv:111,data\historical_csv\football-data\2526\F2.csv,111,2025-10-31,F2,Guingamp,Laval,away,0.2391304347826087,0.22523892862392947,4.72645,4.9,6.458053419457133,0.011891506158679246,7,0.025,BFE,4.0-5.0,exchange,0.21157528377534937,1.1302380434782608,0.013891506158679234,0.04972811666356776,1.5531743921750678,0.057183364839319475,0.371411267694038,0.14285714285714285,3.6718890499211954,away:4.0-5.0,away:exchange,exchange:4.0-5.0,9.36238324033184,7.135249680444363,0.19,0.22667170853482924,True,0.20296555870670746,4.926944287355846,-4.069343505068257,False,home,False,-0.19
2025-10,data\historical_csv\football-data\2526\T1.csv:92,data\historical_csv\football-data\2526\T1.csv,92,2025-10-31,T1,Buyuksehyr,Kocaelispor,away,0.22111544769312239,0.21528341116845953,4.917549999999999,5.1,5.8666938591457995,0.0038320365246628445,7,0.025,BFE,4.0-5.0,exchange,0.20335329584854248,1.0873462698033138,0.005832036524662854,0.017330478556076192,1.5928104389975604,0.04889204120852994,0.3521949933092244,0.14285714285714285,3.710180882756653,away:4.0-5.0,away:exchange,exchange:4.0-5.0,6.45234827625672,4.225214716369244,0.11,0.211945409230957,True,0.2600948095056724,3.8447518499141413,27.902923048461915,True,home,False,-0.11
2025-11,data\historical_csv\football-data\2526\B1.csv:104,data\historical_csv\football-data\2526\B1.csv,104,2025-11-02,B1,St Truiden,Antwerp,away,0.277940908734857,0.2698996094017852,3.962049999999999,4.1,6.9355747430342785,0.006041299333071819,6,0.025,BFE,3.0-4.0,exchange,0.2523945937078028,1.1012157774529399,0.008041299333071794,0.021735912718177604,1.3767615680856737,0.0772511487483581,0.38265836134495884,0.16666666666666666,3.481783420199158,away:3.0-4.0,away:exchange,exchange:3.0-4.0,7.144840844100788,5.005545319657072,0.17,0.2650283194802112,True,0.28231985151007044,3.5420817723274047,11.856536767547432,True,home,False,-0.17
2025-11,data\historical_csv\football-data\2526\SP2.csv:133,data\historical_csv\football-data\2526\SP2.csv,133,2025-11-05,SP2,Sociedad B,Huesca,away,0.37391681894744455,0.3647450956592896,2.8718000000000004,2.91,4.747496571434806,0.00717172328815498,8,0.0,PS,2.0-3.0,sportsbook,0.3482136639041716,1.0738143206532713,0.009171723288154965,0.019179996525277975,1.0549390108781396,0.13981378749177603,0.39445943913111753,0.125,1.3301761961139302,away:2.0-3.0,away:sportsbook,sportsbook:2.0-3.0,4.518485735305799,2.3791902108620824,0.13,0.3564983293086638,True,0.3810818148935345,2.624108422175372,9.439075601125246,True,home,False,-0.13
2025-11,data\historical_csv\football-data\2526\B1.csv:109,data\historical_csv\football-data\2526\B1.csv,109,2025-11-08,B1,Antwerp,RAAL La Louviere,away,0.2796610169491525,0.2746487044340094,3.8665,4.0,6.192921569409737,0.0030123125151431027,7,0.025,BFE,3.0-4.0,exchange,0.258631837579206,1.081309322033898,0.005012312515143114,0.010771299296572308,1.352349705066953,0.07821028440103417,0.3781994937899106,0.14285714285714285,3.452735031682397,away:3.0-4.0,away:exchange,exchange:3.0-4.0,6.106833764875068,3.967538240431352,0.14,0.2688931546370913,True,0.2580078327602541,3.8758513232007945,-0.24127146324777193,False,home,False,-0.14
2025-11,data\historical_csv\football-data\2526\D2.csv:104,data\historical_csv\football-data\2526\D2.csv,104,2025-11-08,D2,Hannover,Darmstadt,away,0.2853043251844767,0.2747705301769943,3.818725,3.95,4.927309285014259,0.00853379500748234,7,0.025,BFE,3.0-4.0,exchange,0.26186750813425946,1.0894987591900906,0.01053379500748236,0.029911200967473663,1.3399165972714946,0.08139855796896961,0.382284000588024,0.14285714285714285,3.4376657130325006,away:3.0-4.0,away:exchange,exchange:3.0-4.0,5.993732375920045,3.8544368514763288,0.14,0.2719610258698291,True,0.2814697538643365,3.5527796016121242,7.485558582558838,True,away,True,0.39
2025-11,data\historical_csv\football-data\2526\B1.csv:107,data\historical_csv\football-data\2526\B1.csv,107,2025-11-08,B1,Cercle Brugge,Oud-Heverlee Leuven,away,0.2777651820408236,0.2746541114915779,3.8665,4.0,6.195012208218609,0.001111070549245704,7,0.025,BFE,3.0-4.0,exchange,0.258631837579206,1.0739790763608446,0.003111070549245698,0.004000035357499948,1.352349705066953,0.07715349635417189,0.37563566201077636,0.14285714285714285,3.452735031682397,away:3.0-4.0,away:exchange,exchange:3.0-4.0,5.727580640190498,3.5882851157467814,0.13,0.2679122853116431,True,0.27481120612172527,3.6388617993876804,6.255752846965068,True,away,True,0.37
2025-11,data\historical_csv\football-data\2526\E2.csv:195,data\historical_csv\football-data\2526\E2.csv,195,2025-11-25,E2,Peterboro,Stevenage,home,0.3814568809691414,0.3765333921484713,3.45,3.5,29.90402029122261,0.002923488820670054,8,0.0,PS,3.0-4.0,sportsbook,0.2898550724637681,1.3160262393435378,0.004923488820670063,0.007664008611517365,1.2383742310432684,0.14550935203870569,0.472386371646324,0.125,1.4492753623188248,home:3.0-4.0,home:sportsbook,sportsbook:3.0-4.0,26.838861371354426,24.69956584691071,1.01,0.36144801694756723,True,0.41831169045475847,2.390561925039369,44.31753320689167,True,away,False,-1.01
2025-11,data\historical_csv\football-data\2526\E2.csv:194,data\historical_csv\football-data\2526\E2.csv,194,2025-11-25,E2,Luton,Huddersfield,away,0.29411808007103957,0.28301276045629054,3.7243999999999997,3.78,5.405272504340841,0.009105319614749056,8,0.0,PS,3.0-4.0,sportsbook,0.2684996241005263,1.0954133774165797,0.011105319614749032,0.030958041112432836,1.3149057650322376,0.08650544502467444,0.3867375590856232,0.125,1.4928579099989348,away:3.0-4.0,away:sportsbook,sportsbook:3.0-4.0,5.377212127888104,3.2379166034443876,0.12,0.277193418009463,True,0.2995776349980648,3.338032894232775,11.57469437867924,True,home,False,-0.12
2025-11,data\historical_csv\football-data\2526\T1.csv:120,data\historical_csv\football-data\2526\T1.csv,120,2025-11-29,T1,Rizespor,Kayserispor,away,0.25252646549265173,0.24634260553343923,4.34425,4.5,7.0173864088643345,0.004183859959212505,8,0.025,BFE,4.0-5.0,exchange,0.23018933072452094,1.0970380977164522,0.006183859959212501,0.016568005856535666,1.4688531316202267,0.06376961577421142,0.3709242896558686,0.125,3.5851988260344303,away:4.0-5.0,away:exchange,exchange:4.0-5.0,7.915019877387895,5.775724352944179,0.17,0.2434844319570563,True,0.24750267570460222,4.04036036036036,7.521349892971818,True,away,True,0.57
2025-11,data\historical_csv\football-data\2526\E3.csv:216,data\historical_csv\football-data\2526\E3.csv,216,2025-11-29,E3,Shrewsbury,Gillingham,home,0.3894132408376038,0.38721889845524826,2.715,2.75,5.129930930599902,0.00019434238235555747,7,0.0,BMGM,2.0-3.0,sportsbook,0.3683241252302026,1.0572569488740944,0.002194342382355552,0.0004990646490025327,0.9987919533858987,0.15164267213964563,0.38894281149052373,0.14285714285714285,1.2891344383057168,home:2.0-3.0,home:sportsbook,sportsbook:2.0-3.0,4.991615681608504,2.852320157164788,0.17,0.37882990849784454,True,0.38533685557116265,2.5951319878752774,4.6189562875706525,True,draw,False,-0.17
2025-11,data\historical_csv\football-data\2526\SP2.csv:175,data\historical_csv\football-data\2526\SP2.csv,175,2025-11-30,SP2,Cordoba,Cadiz,away,0.26119095272995085,0.2526407418699892,4.273199999999999,4.34,7.9584418158837655,0.006550210859961645,8,0.0,PS,4.0-5.0,sportsbook,0.23401666198633347,1.1161211792056258,0.00855021085996166,0.025078245595795978,1.4523629610895952,0.06822071378797942,0.3793440655166839,0.125,1.5632313020687238,away:4.0-5.0,away:sportsbook,sportsbook:4.0-5.0,8.359621325004566,6.22032580056085,0.19,0.24857326078948064,True,0.2190449535558316,4.565272944053986,-6.397710446522065,False,away,True,0.62
2026-01,data\historical_csv\football-data\2526\F2.csv:157,data\historical_csv\football-data\2526\F2.csv,157,2026-01-03,F2,Bastia,Grenoble,away,0.2765583089752307,0.2647323304282794,3.94,4.0,4.304538188742102,0.00982597854695127,7,0.0,BMGM,3.0-4.0,sportsbook,0.25380710659898476,1.089639737362409,0.011825978546951277,0.03552950039129474,1.3711807233098425,0.07648449826323918,0.37921142213800374,0.14285714285714285,1.522842639593902,away:3.0-4.0,away:sportsbook,sportsbook:3.0-4.0,5.54230852666977,3.516435897242969,0.12,0.26273207080518524,True,0.26343897299617924,3.7959455604714316,3.794955360494612,True,home,False,-0.12
2026-01,data\historical_csv\football-data\2526\I2.csv:189,data\historical_csv\football-data\2526\I2.csv,189,2026-01-10,I2,Cesena,Empoli,away,0.25884029669553726,0.25010754079724135,4.2487,4.4,6.263190858523937,0.006732755898295908,7,0.025,BFE,4.0-5.0,exchange,0.23536611198719606,1.0997347685703294,0.008732755898295919,0.02601123543841151,1.4466130537918354,0.06699829919343375,0.3744417520471159,0.14285714285714285,3.561089274366269,away:4.0-5.0,away:exchange,exchange:4.0-5.0,6.862135312236954,4.836262682810153,0.15,0.24674903542921395,True,0.2234130838988453,4.4760135912754775,-5.078483043897597,False,away,True,0.49
2026-01,data\historical_csv\football-data\2526\T1.csv:163,data\historical_csv\football-data\2526\T1.csv,163,2026-01-19,T1,Goztep,Rizespor,away,0.2392388211647393,0.22594570914675383,4.72645,4.9,6.792109699667459,0.011293112017985458,7,0.025,BFE,4.0-5.0,exchange,0.21157528377534937,1.130750326294082,0.01329311201798547,0.04720434569525423,1.5531743921750678,0.05723521355229411,0.3715796106472237,0.14285714285714285,3.6718890499211954,away:4.0-5.0,away:exchange,exchange:4.0-5.0,8.523460428974136,6.497587799547334,0.17,0.22532257360079413,True,0.24523367773387328,4.077743355809378,15.908471612526531,True,home,False,-0.17
2026-01,data\historical_csv\football-data\2526\F2.csv:179,data\historical_csv\football-data\2526\F2.csv,179,2026-01-24,F2,Red Star,Boulogne,away,0.230251940600353,0.22008177119919142,4.72645,4.9,4.020548748441821,0.008170169401161567,7,0.025,BFE,4.0-5.0,exchange,0.21157528377534937,1.0882742846505384,0.010170169401161583,0.03548360712990682,1.5531743921750678,0.053015956150228485,0.3576214178890831,0.14285714285714285,3.6718890499211954,away:4.0-5.0,away:exchange,exchange:4.0-5.0,5.572520969182245,3.546648339755443,0.1,0.21907911506470068,True,0.2184788657407086,4.577101755859549,3.2629434980172123,True,draw,False,-0.1
2026-01,data\historical_csv\football-data\2526\T1.csv:170,data\historical_csv\football-data\2526\T1.csv,170,2026-01-25,T1,Rizespor,Alanyaspor,away,0.25700934579439255,0.25367211414448815,4.535349999999999,4.7,15.049182288520413,0.001337231649904402,4,0.025,BFE,4.0-5.0,exchange,0.22049014960256655,1.165627336448598,0.003337231649904404,0.0052030467832644,1.511902258097338,0.06605380382566164,0.3885730102586617,0.25,3.630370313206277,away:4.0-5.0,away:exchange,exchange:4.0-5.0,12.219411718384848,10.193539088958046,0.29,0.2429658991896062,True,0.22669792936681343,4.411156302984702,2.8154453953777248,True,draw,False,-0.29
2026-01,data\historical_csv\football-data\2526\E2.csv:340,data\historical_csv\football-data\2526\E2.csv,340,2026-01-31,E2,Wigan,Lincoln,away,0.42891681863156994,0.42362399934590983,2.568,2.6,8.786643032029652,0.003292819285660128,5,0.0,BMGM,2.0-3.0,sportsbook,0.3894080996884735,1.1014583902458717,0.005292819285660111,0.007677057980998845,0.9431273858277147,0.18396963730502705,0.4045231978935326,0.2,1.2461059190031154,away:2.0-3.0,away:sportsbook,sportsbook:2.0-3.0,7.717774335152819,5.691901705726018,0.36,0.411572825956877,True,0.4368479787485095,2.2891258484583568,12.182560942617249,True,away,True,0.56
2026-03,data\historical_csv\football-data\2526\I2.csv:284,data\historical_csv\football-data\2526\I2.csv,284,2026-03-07,I2,Sudtirol,Virtus Entella,away,0.23816841708894318,0.2222009212257584,4.535349999999999,4.7,0.7758948081243222,0.013967495863184768,5,0.025,BFE,4.0-5.0,exchange,0.22049014960256655,1.0801771304443384,0.015967495863184772,0.058645457839897615,1.511902258097338,0.056724194898652804,0.3600873676042418,0.2,3.630370313206277,away:4.0-5.0,away:exchange,exchange:4.0-5.0,3.401167101054968,3.401167101054968,0.1,0.2279893880319159,True,0.17952593730936545,5.570225756720404,-18.578704022396952,False,away,True,0.35
2026-03,data\historical_csv\football-data\2526\E2.csv:411,data\historical_csv\football-data\2526\E2.csv,411,2026-03-07,E2,Blackpool,Wigan,away,0.34167611224191863,0.3385389264138683,3.058,3.1,3.5252036973609124,0.0011371858280503312,5,0.0,BMGM,3.0-4.0,sportsbook,0.3270111183780249,1.044845551235787,0.0031371858280503373,0.003328256753416709,1.1177611075068705,0.11674256567675217,0.38191226962816877,0.2,1.373446697187708,away:3.0-4.0,away:sportsbook,sportsbook:3.0-4.0,3.3811849050494933,3.3811849050494933,0.16,0.33806796895045615,True,0.35312630553868124,2.831847937452682,7.986024233728717,True,draw,False,-0.16
2026-03,data\historical_csv\football-data\2526\T1.csv:222,data\historical_csv\football-data\2526\T1.csv,222,2026-03-08,T1,Konyaspor,Kasimpasa,away,0.25734124442500017,0.2526988345019886,4.34425,4.5,9.778691178526389,0.0026424099230115752,5,0.025,BFE,4.0-5.0,exchange,0.23018933072452094,1.1179547010933069,0.00464240992301157,0.010268116674867803,1.4688531316202267,0.06622451608220768,0.3779964927687077,0.2,3.5851988260344303,away:4.0-5.0,away:exchange,exchange:4.0-5.0,7.98886261158128,7.98886261158128,0.24,0.24857884010262135,True,0.21304390893687652,4.693868062176296,-7.448399860097421,False,draw,False,-0.24
2026-03,data\historical_csv\football-data\2526\B1.csv:223,data\historical_csv\football-data\2526\B1.csv,223,2026-03-08,B1,Gent,Mechelen,away,0.2695269982574083,0.2651249448773181,4.0576,4.2,7.577097633420582,0.0024020533800901936,7,0.025,BFE,4.0-5.0,exchange,0.24645110410094637,1.0936327481292598,0.004402053380090198,0.008912106748564548,1.400591665820715,0.07264480278964897,0.3774972674730004,0.14285714285714285,3.509463722397488,away:4.0-5.0,away:exchange,exchange:4.0-5.0,6.839736853998345,6.839736853998345,0.22,0.26330771109522466,True,0.2784213990175261,3.591677951223325,12.97226686535138,True,home,False,-0.22
2026-03,data\historical_csv\football-data\2526\B1.csv:224,data\historical_csv\football-data\2526\B1.csv,224,2026-03-08,B1,Waregem,Standard,away,0.2633501406726146,0.2506652077749471,4.153149999999999,4.3,4.105020767052148,0.01068493289766749,7,0.025,BFE,4.0-5.0,exchange,0.2407810938685095,1.093732636734469,0.012684932897667478,0.04057310495592457,1.423867082464937,0.0693532965922859,0.3749755964662465,0.14285714285714285,3.5358703634590816,away:4.0-5.0,away:exchange,exchange:4.0-5.0,5.554799099025595,5.554799099025595,0.18,0.2541559999013414,True,0.22200083769125512,4.5044875073432715,-7.799722094256401,False,away,True,0.57
2026-03,data\historical_csv\football-data\2526\T1.csv:220,data\historical_csv\football-data\2526\T1.csv,220,2026-03-08,T1,Gaziantep,Karagumruk,away,0.25307748565511373,0.2503430983356478,4.153149999999999,4.3,3.9712438852695264,0.0007343873194659355,5,0.025,BFE,4.0-5.0,exchange,0.2407810938685095,1.0510687595485353,0.0027343873194659585,0.002901827942398385,1.423867082464937,0.0640482137455143,0.36034870113730877,0.2,3.5358703634590816,away:4.0-5.0,away:exchange,exchange:4.0-5.0,3.0028214978491663,3.0028214978491663,0.1,0.24801132031794945,True,0.28696383365608696,3.484759689956102,19.180384574877742,True,draw,False,-0.1
2026-03,data\historical_csv\football-data\2526\P1.csv:226,data\historical_csv\football-data\2526\P1.csv,226,2026-03-09,P1,Tondela,Rio Ave,away,0.2706393745293617,0.2634264241534999,4.0576,4.2,6.887905864524124,0.005212950375861788,7,0.025,BFE,4.0-5.0,exchange,0.24645110410094637,1.0981463260903381,0.007212950375861782,0.01926161108274448,1.400591665820715,0.07324567104564413,0.3790552524087551,0.14285714285714285,3.509463722397488,away:4.0-5.0,away:exchange,exchange:4.0-5.0,6.779172465122428,6.779172465122428,0.22,0.26315844949014794,True,0.26743162657762687,3.739273521225553,8.513056800137875,True,away,True,0.67
2026-03,data\historical_csv\football-data\2526\T1.csv:235,data\historical_csv\football-data\2526\T1.csv,235,2026-03-15,T1,Samsunspor,Kayserispor,away,0.243697832668504,0.23656339492248044,4.4398,4.6,5.029416077682858,0.0051344377460235706,7,0.025,BFE,4.0-5.0,exchange,0.22523537096265597,1.0819696374816241,0.00713443774602357,0.02106886913929931,1.4906093303845298,0.059388633647326175,0.36325826317015997,0.14285714285714285,3.6082706428217426,away:4.0-5.0,away:exchange,exchange:4.0-5.0,5.307850381572192,5.307850381572192,0.15,0.23719052745973287,True,0.2542176502347045,3.933637176949585,12.867552351204093,True,home,False,-0.15
2026-03,data\historical_csv\football-data\2526\B1.csv:233,data\historical_csv\football-data\2526\B1.csv,233,2026-03-15,B1,Cercle Brugge,RAAL La Louviere,away,0.2459242989415485,0.23837524405234545,4.34425,4.5,3.5561653974401697,0.005549054889203052,5,0.025,BFE,4.0-5.0,exchange,0.23018933072452094,1.068356635676822,0.007549054889203044,0.022564077291613856,1.4688531316202267,0.06047876080989211,0.3612266766418023,0.2,3.5851988260344303,away:4.0-5.0,away:exchange,exchange:4.0-5.0,3.6960624615883857,3.6960624615883857,0.11,0.23869727216801148,True,0.24630238885441275,4.060049943693772,6.999915278078261,True,away,True,0.37
2026-03,data\historical_csv\football-data\2526\I1.csv:289,data\historical_csv\football-data\2526\I1.csv,289,2026-03-15,I1,Como,Roma,home,0.4504923328984877,0.44770375299129117,2.274,2.3,1.8078334302196186,0.0007885799071965764,7,0.0,LB,2.0-3.0,sportsbook,0.4397537379067722,1.0244195650111612,0.0027885799071965534,0.001750484635604824,0.8215403953283443,0.20294334200032188,0.3700976492618117,0.14285714285714285,1.1433597185575906,home:2.0-3.0,home:sportsbook,sportsbook:2.0-3.0,2.452075203871132,2.452075203871132,0.19,0.45053683027208064,True,0.4516506169788151,2.214100816886309,2.7053503009825564,True,home,True,0.24
2026-03,data\historical_csv\football-data\2526\T1.csv:237,data\historical_csv\football-data\2526\T1.csv,237,2026-03-18,T1,Alanyaspor,Kocaelispor,away,0.2536204043653266,0.2333731959327615,4.34425,4.5,1.3831506430899143,0.018247208432565106,5,0.025,BFE,4.0-5.0,exchange,0.23018933072452094,1.10179044166407,0.02024720843256511,0.07194692587226136,1.4688531316202267,0.06432330951043179,0.3725311251947982,0.2,3.5851988260344303,away:4.0-5.0,away:exchange,exchange:4.0-5.0,4.352487329195903,4.352487329195903,0.13,0.24020829217746656,True,0.23585695497963083,4.239858010913277,2.4621576670261103,True,home,False,-0.13
2026-03,data\historical_csv\football-data\2526\T1.csv:240,data\historical_csv\football-data\2526\T1.csv,240,2026-03-19,T1,Kayserispor,Karagumruk,away,0.2544720119041691,0.24711863762680136,4.34425,4.5,7.354514151023173,0.00535337427736775,5,0.025,BFE,4.0-5.0,exchange,0.23018933072452094,1.1054900377146866,0.0073533742773677635,0.021037182978628555,1.4688531316202267,0.06475600484255559,0.3737820115951384,0.2,3.5851988260344303,away:4.0-5.0,away:exchange,exchange:4.0-5.0,6.584122395888042,6.584122395888042,0.2,0.2453452780016989,True,0.2795181127062924,3.577585689592732,21.42965611243106,True,home,False,-0.2
2026-03,data\historical_csv\football-data\2526\SC0.csv:182,data\historical_csv\football-data\2526\SC0.csv,182,2026-03-21,SC0,Falkirk,St Mirren,away,0.23685947778075817,0.22859107382935404,4.535349999999999,4.7,3.6740526691960707,0.006268403951404135,5,0.025,BFE,4.0-5.0,exchange,0.22049014960256655,1.0742406325529614,0.00826840395140413,0.026464653262498087,1.511902258097338,0.056102412214573474,0.35810837930848455,0.2,3.630370313206277,away:4.0-5.0,away:exchange,exchange:4.0-5.0,3.980623513076451,3.980623513076451,0.11,0.22926703234166373,True,0.2051009267412591,4.875648374136942,-6.9795511904030665,False,away,True,0.39
